Município;UF;Índice de Progresso Social;ÁREA km²;PIB PER CAPITA;Necessidades Humanas Básicas;Fundamentos do Bem-estar;Oportunidades;Nutrição e Cuidados Médicos Básicos;Água e Saneamento;Moradia;Segurança Pessoal;Acesso ao Conhecimento Básico;Acesso à Informação e Comunicação;Saúde e Bem-estar;Qualidade do Meio Ambiente;Direitos Individuais;Liberdades Individuais e de Escolha;Inclusão Social;Acesso à Educação Superior;Cobertura Vacinal (Poliomielite);Hospitalizações por Condições Sensíveis à Atenção Primária;Mortalidade Ajustada por Condições Sensíveis à Atenção Primária;Mortalidade Infantil até 5 Anos;Subnutrição;Abastecimento de Água via Rede de Distribuição;Esgotamento Sanitário Adequado;Índice de Abastecimento de Água;Índice de Perdas de Água na Distribuição;Domicílios com Coleta de Resíduos Adequada;Domicílios com Iluminação Elétrica Adequada;Domicílios com Paredes Adequadas;Domicílios com Piso Adequado;Assassinatos de Jovens;Assassinatos de Mulheres;Homicídios;Mortes por Acidente de Transporte;Abandono no Ensino Fundamental;Abandono no Ensino Médio;Evasão no Ensino Médio;Distorção Idade-Série no Ensino Médio;Ideb Ensino Fundamental;Reprovação Escolar no Ensino Médio;Cobertura de Internet Móvel (4G/5G);Densidade de Internet Banda Larga Fixa;Densidade de Telefonia Móvel;Qualidade de Internet Móvel;Expectativa de Vida;Mortalidade entre 15 e 50 anos;Mortalidade por Doenças Crônicas Não Transmissíveis;Obesidade;Suicídios;Consumo de Alimentos Ultraprocessados;Áreas Verdes Urbanas;Emissões de CO?e por Habitante;Focos de Calor;Índice de Vulnerabilidade Climática dos Municípios;Supressão da Vegetação Primária e Secundária;Acesso a Programas de Direitos Humanos;Existência de Ações para Direitos de Minorias;Índice de Atendimento à Demanda de Justiça;Taxa de Congestionamento Líquido de Processos;Resposta a Processos Previdenciários;Resposta a Processos Familiares;Acesso à Cultura, Lazer e Esporte;Gravidez na Adolescência (<19 anos);Índice de Vulnerabilidade das Famílias do CadÚnico (IVCAD);Praças e Parques em Áreas Urbanas;Paridade de Gênero na Câmara Municipal;Paridade de Negros na Câmara Municipal;Violência contra Indígenas;Violência contra Mulheres;Violência contra Negros;Famílias em Situação de Rua;Empregados com Ensino Superior;Mulheres Empregadas com Ensino Superior;Nota Mediana do Enem
Abaiara;CE;59,47;180,83;11557,3;69,53;59,14;49,75;79,17;35,89;88;75,06;77,4;55,95;52,09;51,11;36,54;49,73;80,63;32,09;87,68;905,54;100,82;15,11;3,33;36,32;0,74;32,77;28,74;47,22;95,33;85,38;98,9;28,39;0;7,97;9,96;0,58;4,53;9,12;12,77;5,34;2;97,17;4,66;42,91;91,54;69,87;2,34;391,25;17,27;19,92;81,82;0,28;12,18;10,96;50,68;43,32;7;6;90;57;967,46;434,34;2;15,57;0,29;0,57;0;0,87;0;43,08;0;0;43,12;58,41;500,52
Abaíra;BA;63,25;538,68;9488,38;83,12;59,09;47,55;81,23;77,36;90,3;83,6;74,09;40,91;57,5;63,84;25,25;55,65;85,65;23,66;100;249,02;109,66;20,4;2,95;98,24;3,92;99,85;37,93;54,01;97,82;88,5;99;0;0;3,42;8,22;0,92;4,33;6,72;33,63;5;1,65;65,59;11,04;47,31;49,69;69,76;1,98;392,13;18,82;6,85;71,43;0,37;2,07;1,37;42,62;15,25;7;4;84;77,5;3174,63;1440,91;3;9,73;0,27;1,58;0,44;0,75;0;0;58,28;0;25,99;29,94;526,55
Abaré;BA;53,23;1604,92;11517,57;72,6;52,43;34,65;76,49;71,22;82;60,71;51,95;48,99;54,24;54,53;7,95;46,61;57,1;26,94;96,47;908,16;158,64;18,85;3,37;78,41;82,07;62,64;37,25;61,35;85,97;69,69;94;39,24;3,73;22,68;53,29;17,45;5,17;8,83;34,32;4,71;4,03;60,06;14,32;36,59;91,26;71,55;2,35;426,65;24,36;7,09;69,64;0,38;5,94;0;52,27;30,36;1;0;193;59;2943,17;1179,07;3;22,01;0,31;0,13;0,55;0,72;15,99;282,01;79,15;0,99;31,94;43,36;465,43
Abreu e Lima;PE;59,95;126,38;16709,27;70,21;65,56;44,07;68,8;69,43;88,47;54,14;75,17;67,5;55,09;64,5;25,88;52,99;75,23;22,17;51,26;991,02;155,73;12,47;3,37;85,7;30,45;86,86;58,26;85,56;80,33;82,85;98,46;84,71;1,46;28,84;3,05;1,1;0,25;5,97;24,57;4,26;4,68;99,93;5,67;90,58;94,66;72,46;2,58;461,84;19,92;3,66;81,59;7,78;1,39;0;51,15;14,24;3;5;90,83;61;1155,79;415,05;4;15,06;0,28;0,84;0,31;0,97;0;5,82;87,85;11,44;25,57;29,78;504,99
Acajutiba;BA;51,54;181,47;10241,58;60,9;55,83;37,9;70,6;72,62;90,73;9,64;60,59;59,17;39,65;63,91;7,3;49,22;70,93;24,13;88,3;255,83;173,37;28,02;3,82;86,09;2,21;89,72;21,56;79,19;93,47;81,53;98,48;164,32;24,78;81,55;16,31;3,42;7,03;6,72;44,07;3,46;13,13;98,25;6,7;55,5;90,54;68,39;4,44;398,68;27,21;5,44;69,78;18,15;4,2;0;48,11;40,25;2;0;116;73;3513,89;1595,59;3;20,75;0,29;0,86;0;0;0;31,15;32,14;2,47;32,38;44,45;472,9
Acarape;CE;55,22;130;12673,56;68,87;60,92;35,88;75,34;59,83;86,61;53,69;72,98;59,39;48,3;63,03;17,46;48,12;62,01;15,95;87,81;778,52;155,6;15,36;3,72;77,1;80,76;36,34;51,01;86,23;86,57;75,7;93,36;53,12;4,67;29,94;21,39;1,3;2,45;11,12;27,53;4,92;1,67;99,78;13,73;38,25;95,44;67,56;2,76;495,67;20,55;1,78;69,87;0,97;2,32;3,56;45,46;8,67;3;3;92,5;78,33;1631,2;1041,68;2;18,43;0,3;0,9;0;0,62;0;97,97;203,89;4,53;17,88;22,53;479,11
Acaraú;CE;56,49;842,47;14945,87;68,18;60,49;40,81;79,78;48,14;82,07;62,72;79,5;55,63;54,91;51,92;20,12;50,67;64,41;28,02;88,92;800,88;165,78;10,6;2,26;63,45;16,84;33,78;29,07;58,92;88,81;63,87;96,61;39,96;3,07;20,99;26,35;0,22;2,8;7,87;13,33;5,37;1,58;89;6,73;47,43;91,52;70,47;2,52;416,23;18,9;9,81;58,32;0,68;8,09;1,99;53,45;40,9;7;0;125,5;76,67;1486,97;1039,45;4;14,94;0,31;0,25;0,27;0,63;15,15;39,31;46,2;1,39;30,13;39,38;515,71
Acopiara;CE;58,27;2254,28;12304,25;70,65;60,78;43,39;75,93;55,85;88,07;62,75;79,8;58,84;51,87;52,61;42,81;50,74;59,78;20,22;87,44;783,94;144,18;12,93;4,07;65,77;58,61;39,75;37,7;56,48;98,49;85,14;93,81;30,15;6,16;20,91;29,36;0,1;1,88;8,07;15,2;5,4;1,4;82,58;13,48;56,75;94,25;68,41;2,73;392,53;15,21;13,34;69,6;0,17;12,22;8,67;47,69;43,99;7;10;395,8;75,33;914,3;723,52;4;16,62;0,3;0,15;0,62;0,79;138,89;57,23;34,94;5,87;21,61;28,79;501,26
Adustina;BA;54,95;629,1;16658,45;70,55;53,16;41,14;74,94;61,91;87,07;58,28;57,05;44,3;58,02;53,28;23,55;49,26;66,66;25,1;86,42;387,98;91,73;22,63;4,5;66,45;59,52;62,05;45,02;53,88;94,97;79,15;98,13;36,96;9,35;21,13;23,94;3,47;11,33;12,65;54,58;4,72;10,72;55,42;7,75;37,61;84,21;68,07;2,27;290,35;14,84;7,04;83,33;1,09;10,84;0,7;50,97;34,05;7;0;98,33;52,67;1349,57;612,89;2;16,74;0,3;2,24;0,67;0,96;0;87,63;213,99;0;27,33;32,1;527,4
Afogados da Ingazeira;PE;61,26;378,03;12869,84;78,75;66,04;38,99;71,81;81,91;96,06;65,21;78,1;66,28;57,5;62,28;19,01;57,91;49,59;29,46;91,46;1282,46;159,28;15,33;5,31;80,25;83,77;100;48,03;76,68;98,62;98,95;99,37;21,64;3,61;14,91;25,84;0,57;0,5;6,23;23,08;5,31;5,53;94,06;8,97;87,38;93,77;73,39;2,32;459,64;21,33;3,98;73,84;6,14;2,98;1,99;46,7;30,53;4;0;122,11;49,22;1124,54;482,95;9;14,5;0,28;1,19;0,46;0,72;45,05;636,91;110,47;5,73;35,26;43,34;537,4
Afrânio;PE;52,56;1490,59;10922,87;64,68;57,69;35,32;73,57;45,97;78,81;60,36;78,25;41,66;59,45;51,41;10,84;48,12;52,84;29,48;95,27;910,49;92,56;21;5,94;40,13;18,83;55,49;35,54;7,06;98,28;70,42;95,79;16,31;8,54;16,07;21,42;0,3;0,05;5,33;22,48;4,56;2,78;52,45;2,66;45,85;76,02;70,68;2,44;316,26;14,81;10,71;69,2;0,36;11,34;43,91;47,36;43,12;2;0;73,5;54;2634,39;853,07;3;18,23;0,31;1,34;0,55;0;476,19;98,18;58,71;1,71;32,63;45,34;496,34
Agrestina;PE;58,59;200,37;14439,73;75,06;62,69;38,02;73,41;85,27;94,82;46,72;73,72;63,31;49,16;64,56;7,68;50,01;69,03;25,36;82,55;1474,08;197,8;14,15;2,79;81,53;83,64;99,58;30,98;86,02;96,99;90,72;98,91;76,62;4,05;43,74;32,8;0,27;0,7;7,95;30,35;4,38;5,78;99,67;9,39;68,07;92,11;70,57;3,54;490,01;16,09;3,15;75,96;1,2;3,48;0;41,17;7,79;1;0;60,5;91,67;1738,82;595,78;3;15,28;0,31;1,35;0,18;0,84;0;42,14;68,27;6;27,73;34,31;515,45
Água Fria;BA;50,21;742,77;10733,97;59,35;52,33;38,95;71,38;47,28;82,1;36,63;56,05;39,89;59,25;54,12;15,22;49,36;66,22;24,98;74,46;506,02;108,74;21,88;4,54;56,59;9,77;42,95;30,38;36,79;86,8;76,63;98,14;95,75;8,94;41,39;8,62;4,5;9,9;10,1;60,35;3,46;3,85;65,46;0,71;39,32;64,85;69,79;2,79;270,83;17,38;5,52;56,09;6,73;12,09;0,69;56,56;24,4;6;0;59;85,5;2611,61;1296,86;3;15,32;0,31;0,84;0,22;0;0;88,52;65,35;3,12;34,16;47,57;477,18
Água Preta;PE;55,41;531,93;9616,22;63,99;59,05;43,2;64,93;64,29;89,59;37,18;71,21;55,28;49,67;60,05;27,55;51,52;72,28;21,43;67,23;994,37;215;16,45;4,59;70,07;65,11;70,15;57,83;70,04;89,53;92,84;94,52;94,65;9,15;40,06;9,83;2,37;0,3;8,23;32,4;4,08;2,73;86,88;1,68;50,99;95,37;70,64;2,93;581,31;18,74;1,26;65,49;0,94;4,9;1,89;46,29;14,43;3;4;95,67;30;1002,94;489,7;3;20,22;0,3;8,23;0,36;0,65;0;36,59;41,88;1,29;23,69;31,66;471,65
Águas Belas;PE;54,15;885,99;9243;66,7;55,49;40,25;74,26;44,93;86,01;61,59;68,29;49,77;49,5;54,4;34,44;47,36;56,71;22,49;88,01;730,18;162,98;17,48;3,74;32,31;39,29;48,31;31,61;52,66;89,38;85,68;95,64;21,33;5,62;26,96;12,03;2;3,33;11,63;33,13;4,41;4,47;60,71;4,18;52,09;93,57;66,44;2,67;460,21;16,37;5,3;68,15;3,22;4,57;1,68;59,44;17,94;6;8;60;83,33;1179,25;716,86;4;19,34;0,33;1,32;0,15;0,74;7,38;215,59;115,65;1,77;24,97;31,42;489,05
Aiquara;BA;58,18;167,88;11798,98;74,91;57,15;42,46;68,77;72,11;91,73;67,04;62,23;52,45;62,56;51,37;24,34;45,26;70,89;29,36;76,59;681,75;129,64;20,19;5,57;67,76;88,51;58,03;9,33;81,84;86,11;93,95;97,71;52,36;0;11,25;7,5;4,15;10,38;5,33;35,9;3,5;7,25;98,67;0,46;40,64;83,36;69;1,27;323,64;25,72;13,49;3,5;0;14,31;0;52,18;32,58;6;4;162;88,5;1132,86;2909,4;2;22,71;0,31;0;0,22;0,9;0;22,42;111,21;1,52;33,63;42,21;476,75
Aiuaba;CE;57,03;2438,56;10738,58;73,28;56,05;41,75;80,05;52,28;87,13;73,67;77,05;44,41;51,78;50,97;27,69;48,78;67,84;22,69;98,78;956,83;102,42;16,53;3,75;61,44;1,34;59,58;33,53;58,94;98,45;79,89;93,68;16,08;0;11,37;22,73;0,22;3,15;11,4;20,07;5,61;0,58;50,08;4,51;40,26;91,28;69,96;2,17;352,76;20,06;21,31;94,12;0,84;12,57;29,84;50,14;39,97;7;0;85;53;411,43;309,79;3;19,07;0,3;0,84;0,67;0,88;0;104,8;106,38;0;31,73;42,57;485,06
Alagoinha;PE;55,88;221;10170,89;66,03;61,83;39,79;76,31;44,38;89,22;54,23;70,15;61,59;56,51;59,07;28,13;50,37;50,19;30,47;95,01;1154,06;132,74;22,28;3,32;22,62;49,11;48,25;24,39;63,34;95,18;81,74;98,76;49,73;11,1;31,01;18,46;1,22;0,07;7,57;33,82;4,18;11,83;94,22;13,97;58,93;92,13;73,04;2,94;410,54;20,61;1,85;70,5;0,65;3,89;0,74;45,39;33,18;3;6;185,5;59,67;988,85;538,12;3;17,85;0,31;4,6;0,44;0,18;45,11;216,17;415,09;0;41,44;52,87;495,25
Alagoinhas;BA;59,04;707,84;28418,87;63,32;62,86;50,94;64,98;80,61;88,46;19,23;62,49;69,94;55,49;63,52;42,2;59,78;68,41;33,38;57,02;709,34;166,9;16,48;4,94;88,38;80,43;96,47;61,89;75,9;92,49;74,92;98,31;171,13;7,72;64,34;36,28;3,12;6,95;8,5;43,57;4,07;10,23;96,51;18,15;87,93;94,32;72,39;3;435,13;16,16;5,16;73,57;6,39;2,91;0,4;45,94;25,16;10;8;648,33;69,09;1744,81;1643,08;10;12,46;0,28;0,98;0,47;0,97;0;84,66;22,14;24,76;40,79;46,06;542,84
Alcântaras;CE;58,95;135,76;8415,76;66,38;63,61;46,85;80,08;37,64;78,06;69,75;75,46;62,46;55,27;61,27;34,12;52,68;61,12;39,47;93,68;500,91;120,79;16,76;2,97;38,63;18,98;26,81;29,07;24,14;91,03;61,46;98,19;9,04;6,94;7,04;10,99;0,57;4,6;10,07;28,28;6,08;3,65;98,11;28,1;35,65;93,63;70,07;2;342,27;24,78;8,8;83,93;0,03;1,45;2,64;51,66;1,17;5;6;392,87;53,47;547,69;626,6;2;10,75;0,29;0,94;0,22;0,41;;114,5;280,9;6,99;51,23;68,54;503,41
Alcobaça;BA;49,34;1477,93;13729,29;57,46;53,21;37,33;69,86;61,2;78,57;20,21;58,8;49,04;53,13;51,88;13,28;44,33;72,42;19,3;78,42;1151,9;158,88;18,1;4,56;54,72;69;57,79;27,15;45,46;77,49;70,71;95,71;162,63;8,23;61,96;26,09;3,45;12,3;12,43;44,17;4,01;4,25;62,57;1,06;57,32;88,53;71,28;3,49;355,29;19,4;2,45;77,26;1,17;12,39;15,08;52,11;31,14;1;4;42;95;1942,58;1195,62;1;21,27;0,32;0,44;0,36;0,96;0;42,78;31,38;3,95;22,04;29,92;482
Aliança;PE;57,36;272,77;11140,19;70,49;62,04;39,54;75,84;65,39;88,51;52,2;73,25;59,64;53,86;61,43;9,44;49,22;70,24;29,24;89,83;794,55;195,54;13,25;2,98;71,36;40,07;80,67;50,6;75,72;91,69;76,25;98,25;63,28;5,43;33,57;18,47;0,87;0,02;5,52;31,8;3,61;3,67;97,9;1,73;64,06;91,83;72,93;3,54;498,37;8,5;5,6;83,33;2,04;2,18;3,08;49,76;10,03;2;0;85;90;2102,31;641,24;4;18,92;0,3;0,36;0,18;0,99;0;49,97;49,83;0,19;37,15;43,7;492,05
Almadina;BA;55,62;245,24;11889,43;69,81;49,72;47,32;66,74;90,79;93,64;28,07;59,86;46,84;37,64;54,53;28,14;51,16;87,26;22,74;92;521,31;273,04;31,13;3,73;89,98;95,15;90,45;10,85;89,9;92,15;91,95;97;186,72;12,52;45,99;19,16;4,72;4,45;8,02;46,92;3,46;10,97;89,47;2,53;55,34;55,16;70,07;4,94;627,87;19,24;0;77,24;0;10,04;5,75;51,62;13,52;7;6;56,5;85;2486;2488,8;2;17,76;0,29;4,7;0,44;0,66;0;0;29,58;0,93;26,32;38,67;473,03
Altaneira;CE;62,05;72,67;10788,95;77,1;61,57;47,48;76,77;64,92;94,54;72,17;72,75;63,88;49,9;59,75;30,05;52,85;66,54;40,48;88,85;1688,28;156,64;11,03;3,3;89,38;16,28;58,69;28,98;81,91;97,86;92,14;98,15;15,59;0;11,8;25,8;0;6,92;15,58;26,45;5,97;0,77;91,08;1,02;88,23;96,03;71,41;3,57;471,29;13,77;17,69;44,12;0,34;2,1;5,9;48,22;24,09;11;0;81;69;1715,74;504,75;5;16,84;0,28;1,08;0,44;0,39;0;131,17;69,93;0;62,96;79,35;447,53
Altinho;PE;55,93;450,18;10583,62;69,83;62,87;35,1;79,57;75,31;93,06;31,39;75,36;58,91;54,98;62,22;22,83;50,19;48,02;19,35;84,49;927,27;132,98;16,18;1,83;67,36;77,72;88,13;33,8;64,82;97,76;95,76;98,14;118,14;14,28;54,17;6,77;0,92;0,77;6,32;27,2;4,37;2,65;96,53;11,01;47,02;92,71;72,54;3,05;421,44;14,1;13,54;65,56;3,37;4,18;0,48;44,91;17,74;9;0;54;92;1477,79;962,94;4;17,86;0,3;0,76;0,36;0,74;238,1;340,79;118,91;0;19,31;25,22;513,64
Alto Santo;CE;51,93;1147,21;16227,19;58,02;57,6;40,18;80,88;52,85;90,03;8,33;74,44;48,78;50,7;56,47;19,8;49,78;57,49;33,64;94,64;1211,84;92,34;15,92;3,17;76,03;11,06;36,89;27,61;62,31;98,58;86,22;96,24;208,86;22,23;86,19;29,67;0,33;5,97;11,05;22,6;5,51;2,35;60,71;1,11;51,4;93,97;71,44;3,42;343,33;20,37;15,9;66,68;0,26;8,78;4,24;44,3;36,49;6;0;55;70;1274,71;594,93;2;17,46;0,29;0,72;0;0,77;0;364,09;219,58;1,63;50,12;62,5;482,59
Amaraji;PE;54,27;233,24;16055,23;63,56;60,33;38,91;75,31;66,49;82,71;29,73;73,59;63,29;47,31;57,15;10,45;47,77;71,21;26,21;84,34;1145,54;199,94;9,7;2,91;65,5;70,47;88,33;73,14;69,98;79,53;77,68;92,42;144,72;8,08;58,23;14,28;1,87;1,03;5,42;25,73;3,7;1,57;95,7;8,77;70,11;94,75;69,89;3,23;506,45;18,53;8,79;69,45;0,98;3,2;3,3;54,33;13,81;2;0;94,5;76;2061,55;644,59;4;22,22;0,3;0,51;0,44;0,87;0;43,11;66,36;0,31;36,8;38,14;493,37
Amargosa;BA;59,78;431,65;12143,75;76,82;60,69;41,82;74,33;75,19;92,3;65,45;65,73;63,17;56,06;57,8;14,24;60,65;61,5;30,91;95,43;925,09;170,92;14,99;4,52;79,62;48,3;81,4;20,69;73,96;93,79;91,36;98,3;45,96;3,52;17,52;14,24;0,6;6,37;7,6;42,45;4,27;13,82;86,34;15,12;76,03;90,26;73,4;2,63;419,58;22,58;6,02;73,25;4,13;6,86;0;51,16;19,78;6;0;99,5;84,5;3180,12;1900,63;7;13,55;0,26;7,66;0,15;0,95;0;258,58;117,39;1,15;32,04;41,13;539,65
Amélia Rodrigues;BA;57,16;166,87;17738,99;65,56;62,13;43,77;72,52;62,59;91,55;35,6;66,08;65,79;61,12;55,55;39,05;54,02;54,62;27,39;88,26;573,56;146,77;26,06;3,75;74,98;1,86;74,8;29,5;84,97;89,57;85,45;98,91;127,05;7,76;43,91;6,63;2,02;4,1;6,87;45,7;4,06;9,08;99,81;2,45;90,72;91,84;73,59;2,44;348,16;27,72;2,07;35,18;2,47;3,57;1,24;56,71;23,08;9;8;250;53;3409,17;2463,94;3;13,85;0,26;0,15;0,18;0,98;166,67;121,11;43,32;1,29;30,94;38,03;517,88
América Dourada;BA;56,2;822,37;10856,19;71,85;60,43;36,32;72,14;69,32;92,66;53,27;70,65;63,5;53,31;54,25;16,02;49,1;60,85;19,31;93,44;1438,03;160,41;18,69;4,74;79;23,03;82,16;31,25;82,95;92,83;89,51;97,86;84,51;3,33;27,75;37;0,22;10,38;7,8;23,85;4,42;4,28;87,2;6,67;90,6;89,25;70,05;2,57;383,61;21,35;3,96;90,96;0,78;6,94;4,62;54,9;15,74;1;6;66,67;85;3439,6;1583,08;3;20,42;0,3;3,13;0,18;0,77;0;317,04;104,02;2,5;24,35;28,16;483,77
Amontada;CE;56,06;1175,04;15117,27;62,25;62,9;43,02;79,89;39,05;77,7;52,35;77,86;56,35;58,41;58,99;26,01;49,11;68,73;28,23;100;520,7;116,8;14,94;4,06;36,68;1,9;32,89;13,11;26,89;87,19;66,09;96,1;75,59;3,26;33,21;19,93;0,65;2,37;8,67;18,67;5,3;0,98;86,82;5,09;57,55;90,17;70,63;1,98;418,18;19;7,12;59,76;2,96;3,71;5,93;46,41;39,35;5;6;92;78;3154,08;1067,78;4;18,43;0,31;0,87;0,15;0,7;0;59,64;51,33;2,7;38,59;50,12;481,35
Anagé;BA;54,14;1899,68;8479,08;66,14;56,94;39,35;74,83;34,85;80,08;74,78;58,97;45,54;68,64;54,6;23,68;44,77;69,05;19,92;86,9;467,32;85,89;21,21;4,92;25,26;30,86;27,37;30,07;23,1;90,94;75,37;95,54;18,86;0;8,65;14,15;4;10,03;10,13;48,28;4,09;7,82;44,88;3,45;50,67;93,35;71,27;1,58;228,3;14,29;6,29;72,86;2,8;6,94;25,95;50,22;34,81;7;1;40;84;955,19;495,82;1;12,86;0,36;0,17;0,18;0,34;0;61,75;40,17;2,73;18,86;23,82;496,59
Andaraí;BA;53,95;1590,32;10017,02;65,09;57,58;39,18;74,48;62,76;87,76;35,36;67,39;48,32;58,27;56,36;31,04;54,35;52,05;19,29;83,43;1337,98;109,78;19,02;3,98;62,01;55,1;60,49;25,14;78,97;93,01;75,1;94,92;115,57;11,51;41,28;35,17;0,85;6,72;8,6;44,32;4,72;7,83;59,09;0,48;55,8;90,81;70,84;2,7;335,97;16,64;5,1;71,41;7,22;7,07;1,53;52,82;39,24;7;7;99;83;3801,47;1220,47;8;17,98;0,29;0,36;0,22;0,97;66,67;208,75;129,67;1,14;23,31;25,9;487,08
Andorinha;BA;56,18;1362,39;14535,56;70,53;53,5;44,51;73,65;59,28;81,49;67,72;62,18;38,66;56,78;56,37;21,59;50,93;83,18;22,32;90,17;232,16;121,31;20,17;5,16;49,86;63,53;61,27;29,69;44,44;89,81;66,43;97,94;19,91;4,42;11,99;15,99;3,47;8,03;6,6;45,73;3,51;5,98;60,88;0,52;54,19;52,35;68,88;2,47;323;17,86;13,32;42,86;1,91;6,45;4;44,42;54,19;6;1;110,2;52,6;2141,7;906,87;4;17,39;0,29;0,79;0,18;0,35;0;23,86;0;0;30,42;34,28;507,31
Angelim;PE;57,62;118,72;13544,28;70,4;59,22;43,23;79,98;65,58;91,68;44,35;68,66;59,35;49;59,85;20,85;48,27;67,44;36,37;94,82;896,27;140,27;12,86;3,01;63,48;54,83;75,93;39,01;65,34;95,81;92,27;97,76;90,8;6,38;52,73;13,67;0,8;1,47;10,92;37,12;4,29;8,82;98,74;5,06;61,85;87,68;70,08;3,23;435,76;16,33;12,21;79,89;0,55;4,45;1,95;42,72;34,05;7;0;156,69;65,87;1275;1285,5;4;21,25;0,31;0,96;0;0,7;0;47,85;95,66;0;57,24;63,15;496,66
Angical;BA;56,91;1530,05;13530,7;69,47;52,04;49,23;72,72;61,48;71,34;72,36;67,2;41,38;56,52;43,08;42,3;45,21;76,78;32,61;91,62;511,4;137,39;21,7;4,93;59,08;50,93;57;16,82;40,95;93,03;53,1;78,22;44,52;0;14,56;18,93;1,88;8,02;8,33;36,05;4,03;2,22;40,61;6,86;48,68;78,29;71,67;2,53;381,55;18,33;8,74;77,26;0,32;48,17;24,03;57,36;37,4;7;11;112,92;58,67;1807,19;1277,79;1;17,58;0,33;0,73;0,44;0;0;18,77;17,96;0,87;38,37;55,4;487,04
Anguera;BA;55,72;187,84;6925,01;67,78;57,59;41,78;73,68;60,63;85,97;50,86;70,81;40,08;62,26;57,21;20,06;52,59;68,6;25,89;100;509,92;114,57;27,73;4,99;77;17,7;69,83;49,44;60,11;95,58;72,12;96,86;105,18;0;34,45;7,25;0,67;5,2;4,28;39,2;4,34;7,7;71,64;1,34;37,32;60,83;70,94;2,01;318,4;15,86;9,07;64,94;0,25;3,71;0;51,58;20,61;1;4;151,54;62,97;314,89;1164,71;3;9,67;0,3;0,98;0,44;0,84;0;99,41;56,27;0;21,13;29,33;504,2
Antas;BA;55,82;326,36;10754,39;70,74;57,39;39,32;68,51;66,3;89,75;58,38;57,53;59,66;59,8;52,56;5,07;51,29;84,14;16,78;75,39;3934,41;93,69;16,81;5,21;71,51;69,46;54,77;26,45;54,99;95,91;92,96;95,82;68,15;0;32,38;21,12;2,83;16,17;9,17;49,18;4,06;7,77;94,05;2,72;72,86;87,1;69,35;2,27;272,02;15,21;7,04;85,72;0,12;5,47;0;50,9;56,52;0;0;105;72;1567,94;1528,7;4;18,98;0,28;1,43;0,22;0,71;0;19,77;0;1,85;12,31;15,02;502,71
Antonina do Norte;CE;59,77;259,71;10626,58;75,32;62,02;41,96;82,44;69,99;84,76;64,11;78,64;58,04;58,69;52,7;15,42;51,78;68,33;32,33;91,73;528,37;98,54;6,94;3,76;82,05;64,16;62,57;35,33;4,91;98,4;92,45;98,83;81,1;0;18,4;22,08;0,35;2,98;7,47;20,17;5,4;0,72;87,15;7,54;70,17;83,29;71,32;2,16;362,4;15,14;13,8;76,8;0,3;9,6;4,14;49,09;46,48;4;0;91;71;1458,24;676,45;3;14,13;0,29;1,32;0,89;0,35;0;81,17;157,23;0;47,18;62,12;472,71
Antônio Cardoso;BA;53,38;293,53;10879,47;64,78;57,6;37,76;74,8;47,42;79,21;57,69;67,37;41,92;59,89;61,22;17,88;49,12;65,45;18,6;73,79;266,78;124,7;18,91;3,1;52,17;19,31;38,86;22,22;31,22;90,25;77,32;89,67;75,44;5,82;20,19;7,18;2,28;1,55;4,05;48,02;3,3;5,9;60,21;1,44;17,51;94,46;71,06;2,85;316,09;11,1;4,49;86,58;0,16;7,22;0,9;40,29;17,82;5;0;163;57,33;1434,6;1047,66;3;14,09;0,32;0;0,44;0;227,27;13,96;13,03;0;18,14;25,26;476,94
Antônio Gonçalves;BA;56,55;345,28;7414,18;69,06;58,9;41,71;71,15;67,22;88,49;49,36;67,19;55,89;59,97;52,54;18,25;49,73;77,15;21,7;68,99;759,94;91,3;18,94;4,86;82,57;11,77;74;25,72;72,47;93,62;75,5;98,47;82,58;6,14;40,51;13,81;1,9;5,73;9,53;34,47;4,5;8,27;81,86;1,91;59,73;94,98;69,45;2,83;277,5;14,37;2,3;65,58;0;4,72;1,84;55,48;37,23;6;0;140,5;73;1134,61;1385,96;2;15,12;0,3;1,48;0,44;0,55;0;12,28;30,82;2,42;31,23;41,2;465,63
Aporá;BA;55,44;479,26;9141,53;64,29;55,48;46,54;73,92;68,71;85,16;29,38;60,64;55,19;50,77;55,32;11,34;47,51;94,66;32,66;82,87;235,78;159,74;8,19;5,15;83,87;2,07;80,22;22,35;73,06;86,95;71,17;96,67;116,41;15,81;45,2;25,12;3,73;7,83;8,68;48,95;3,44;4,15;79,48;5,33;60,78;89,36;70,05;3,32;407,08;14,55;12,56;70,27;3,35;7,02;3,14;51,7;34,41;4;0;116;73;3513,89;1595,59;2;19,51;0,3;1,04;0;0,89;0;0;0;0,95;46,85;58,78;487,7
Apuarema;BA;57,38;150,83;10520,44;70,34;55,13;46,67;72,53;70,23;88,99;49,6;50,12;61,88;53,61;54,92;43,31;43,97;76,72;22,7;93,69;797,69;151,42;23,44;4,44;66,69;64,39;65,9;10,3;75,9;94,71;80,08;95,09;64,98;9,72;26,04;3,62;7,72;13,8;13,8;45,97;3,72;8,07;85,23;0,33;91,65;91,54;69,09;2,83;369,24;17,95;3,62;80,11;0,5;7,21;2,89;50,92;26,85;10;8;101,73;60,45;1454,06;991,47;3;18,09;0,36;0;0,22;0,55;0;9,72;31,79;2,55;25,05;34,9;497,63
Apuiarés;CE;57,97;543,98;9218,64;71,67;61,97;40,26;82,83;51,43;91,57;60,84;79,08;53,95;52,28;62,56;24,83;51,49;61,33;23,39;95,02;651,12;111,43;10,13;3,02;82,67;5,12;30,85;32,6;60,98;96,63;92;98,59;53,16;0;26,37;7,74;0,8;2,17;6,35;18,23;5,18;0,38;84,18;0,14;69,28;79,62;69,44;2,51;414,39;16,64;7,74;100;0,78;2,58;11,6;44,16;11,94;2;6;88;72;1036,23;470,89;3;14,53;0,29;0;0,22;0,75;0;186,63;205,28;1,2;27,58;38;469,45
Aquiraz;CE;54,35;480,24;45817,61;55,66;63,32;44,09;76,52;38,03;81,45;26,63;73,77;71,62;53,42;54,46;24,17;53,82;63,43;34,95;73,43;626,42;120,3;12,72;3,14;25,9;50,36;30,02;35,37;79,23;77,28;60,06;98,04;159,18;13,9;65,8;10,17;0,4;6,27;9,73;27,85;5,26;1,25;99,85;19,55;90,53;94,07;72,27;2,89;384,21;24,46;5,95;76,56;2,77;6,24;0,62;54,79;29,29;4;6;158,8;88,29;2172,95;1209,19;5;13,51;0,29;1,61;0,24;0,63;5,49;43,2;81,14;9,65;51,29;57,86;505,21
Araçás;BA;53,15;474,58;25225,93;68,36;55,53;35,55;68,15;69,49;83,22;52,59;63,35;56,03;52,72;50,03;6,18;51,8;58,37;25,86;77,6;468,02;162,84;18,1;5,54;77,35;2,34;77,41;0,71;66,56;74,74;81,01;96,23;81,69;5,58;29,42;32,45;2,55;5,38;6,4;50,9;3,98;11,1;76,56;16,46;43,77;95,56;69,65;2,94;391,2;19,16;8,65;58,13;2,05;15,37;8,65;53,56;42,54;0;0;648,33;69,09;1744,81;1643,08;3;16,62;0,28;1,18;0,22;0;45,45;77;50,52;0,59;37,26;48,61;469,69
Aracati;CE;58,42;1227,2;21829,92;69,68;63,68;41,9;78,98;55,2;89,26;55,27;78,23;64,23;56,06;56,19;26,84;58,33;52,44;30,02;83,34;916,93;138,68;8,82;2,97;74,93;22,16;49,33;43,83;80,16;94,13;74,47;98,09;68,53;4,69;26,09;14,11;0,82;1,72;7,45;22,22;5,38;1,12;93,28;11,49;74,52;93,74;69,52;1,91;399,63;20,34;6,39;81,38;1,27;4,54;0,67;49,63;39,01;4;6;101,6;81,38;1097,94;789,46;7;11,78;0,27;1,39;0,53;0,54;42,37;206,38;107,58;18,14;40,56;47,77;507,12
Aracatu;BA;52,16;1489,8;10179,09;62,45;54,41;39,61;77,34;37,51;82,02;52,91;70,71;36,97;56,59;53,36;9,99;49,3;68,44;30,73;95,57;827,77;117,06;13,03;4,89;30,26;8,96;39,47;26,87;24,75;84,78;83,95;99,11;68,12;11;17,94;14,35;2,03;4,62;5,55;36,4;4,18;2;34,99;0,55;35,95;84,05;70,25;2,32;355,03;18,94;12,56;61,54;0,71;11,25;48,08;46,04;31,07;1;0;119,2;50,6;2113,75;848,04;2;13,27;0,31;0,93;0,67;0,83;0;73,35;129,4;0,89;39,63;52,89;464,66
Araci;BA;52,87;1496,24;9833,64;63,05;55,52;40,06;70,79;59,9;80,98;40,52;54,91;53,2;58,24;55,72;24,32;50,96;56,21;28,73;72,67;587,3;123,2;21,16;4,33;52,13;62,98;54,72;18,76;49,02;85,77;64,15;99,14;105,31;6,2;45,8;13,67;7;5,85;8,47;56,67;3,75;12,22;81,07;3,87;51;89,79;69,79;2,46;312,3;16,29;4,14;87,65;1,43;3,74;0,62;50,45;45,5;3;6;104;66;1624;1074,4;6;20,77;0,3;1,34;0,62;0,58;60,06;163,64;77,78;1,26;29,9;40,45;528,25
Aracoiaba;CE;55,46;643,99;10052,7;60,84;62,81;42,74;77,5;52,02;84,61;29,22;79,47;63,97;49,6;58,19;18,16;53,14;74,39;25,27;76,4;1032,2;122,67;10,84;2,99;68,25;38,17;36,53;40,26;72,99;77,69;82,12;94,96;134,37;7,8;59,48;20,35;0,3;3,02;6;13,23;4,88;0,63;96,88;2,82;81,86;94,1;70,56;3,18;433,47;22,95;3,91;75,76;0,79;3,96;5,87;49,73;18,39;3;0;96;57;527,12;394,57;3;13,89;0,28;1,1;0,73;0,93;0;24,96;72,68;0,7;30,53;37,06;504,85
Araçoiaba;PE;53,57;96,36;8179,46;57,98;63,55;39,17;68,04;33,62;84,59;45,66;77,87;62,58;51,39;62,36;23,86;47,55;63,41;21,87;83,87;655,83;218,01;28,24;3,15;43,01;1,64;29,14;48,77;82,61;78,57;75,37;95;100,97;3,36;33,26;3,9;0,28;0,15;4,98;21,02;4,16;2,18;100;0,37;74,1;95,04;70,87;2,45;525,22;22,44;1,3;81,44;0,42;1,48;0;48,33;9,66;1;7;89,83;69,43;1461,96;553,75;2;17,24;0,31;0,53;0,18;0,92;0;135,07;139,43;2,21;28,26;39,13;466,05
Aramari;BA;57,54;368,95;10326,87;70,24;57,86;44,52;71,7;59,83;81,11;68,32;62,21;54,36;56,47;58,4;18,29;51,27;85,47;23,07;77,16;405,1;150,77;14,47;4,77;71,99;46,5;52,51;39,26;56,91;89,81;60,58;96,11;35,75;0;24,41;10,17;1,95;3,28;12,47;52,85;4,03;8,62;88,72;1,67;47,99;92,5;70,63;2,72;348,99;16,57;10,17;66,67;6,32;5,53;3,05;51,47;28,3;6;0;648,33;69,09;1744,81;1643,08;2;15,01;0,28;0,72;0,22;0;0;0;31,18;0;26,98;34,51;467,14
Ararendá;CE;58,59;342,3;9365,57;72,3;61,52;41,94;75,3;64,66;90,28;58,98;84,39;56,77;44,63;60,29;24,69;51,9;65,41;25,78;97,85;779,43;167,55;20,52;3,64;83,92;3,62;66,28;21,99;52,15;98,61;91,92;96,99;39,98;9,06;16,22;37,85;0,28;0,15;7,15;22,38;7,1;0,03;87,81;11,56;45,15;93,09;70,76;3,5;468,94;23,81;11,27;75,56;0,01;3,72;27,94;42,73;19,31;5;3;78,33;71;838,54;614,01;2;14,81;0,28;1,84;0,22;0,44;0;47,12;256,85;1,81;37,09;46,57;467,9
Araripe;CE;55,53;1097,34;10359,5;68,44;57,92;40,25;74,42;44,22;90,01;65,1;75,41;54,71;52,16;49,4;11,57;48,99;77,65;22,78;90,3;1895,8;151,08;14,39;4,03;53,55;6,76;39,16;32,24;57,94;94,13;92,25;97,11;31,85;2,49;15,16;26,54;0,42;4,2;10;23,78;5,33;1,67;76,7;9,83;52,4;91,3;70,54;2,85;421,93;18,27;11,12;69,5;0,9;16,07;35,89;52,71;32,3;2;0;102;60;2134,81;675,96;4;20,89;0,3;1,28;0,73;0,69;0;9,97;59,52;2,58;26,56;35,64;501,86
Araripina;PE;59,41;2037,39;14221,1;69,55;62,64;46,04;75,65;57,53;83,06;61,97;75,21;59,56;56,95;58,86;26,28;49,1;70,54;38,25;86,91;1207,5;135,33;14,91;3,83;45,05;49,25;69,51;31,96;48,83;89,35;73,23;96,75;43,93;3,67;22,8;27,97;1,42;2,15;7,22;17,07;4,39;3,3;77,02;17,18;61,69;93,62;72,12;2,89;406,62;14,38;9,64;62,99;4,51;5;7,99;45,26;45;7;4;82,6;82,67;3180,77;850,61;5;20,76;0,31;1,16;0,35;0,46;0;60,04;35,49;2,33;46,23;58,64;547,11
Arataca;BA;53;435,96;9771,76;61,57;55,63;41,8;59,04;69,62;87,86;29,76;50,06;52,52;59,93;59,99;9,68;45,18;88,08;24,24;59,41;742,16;164,72;17,73;7,72;71,64;88,95;50,11;17,22;77,8;85,92;83,5;95,37;99,92;10,39;54,95;39,25;5,33;10,55;15,08;53,4;3,24;11,97;83,04;11,22;32,66;91,23;70,46;2,77;322,68;15,14;0;71,36;6,04;5,96;0,98;51,68;9,74;1;0;107,33;50,67;2278,17;869,38;2;23,73;0,3;0,23;0,22;0,78;0;6,93;0;0;29,74;40,01;476,02
Aratuba;CE;51,16;119,76;13330,31;54,92;61,68;36,89;74,6;35,26;84,57;25,26;76,75;62,83;46,92;60,21;18,45;52,34;55,68;21,09;88,72;999,01;183,13;22,7;2,2;28,92;20,72;26,52;24,5;46,91;89,9;82,92;95,17;128,53;17,85;55,24;16,04;0,33;2,77;9,48;22,97;5,52;2,87;91,07;7,53;76,77;93,28;71,49;4;496,54;17,46;8,91;55,69;0,18;2,1;4,45;51,13;5,73;5;0;101;65;1105,01;706,14;4;14,37;0,29;0,26;0;0,82;24,34;142,81;90,09;0,6;28,78;36,87;464,56
Aratuípe;BA;54,89;174,01;8970,03;65,74;52,39;46,53;69,24;54,84;75,74;63,15;59,23;42,77;57,48;50,07;38,26;51,11;75,26;21,5;84,87;1026,12;215,26;25,03;3,06;54,87;40,46;59,63;40,98;60,32;72,91;68,11;87,73;62;0;20,74;16,13;6,27;7,4;8,05;44,02;3,52;4,67;78,4;5,65;30,14;65,85;70,2;2,95;373,4;16,08;3,84;45,38;3,36;11,22;0;55,03;55,5;10;6;89,25;70,25;1964,92;841,56;5;17,86;0,3;0,65;0,22;0,98;0;17,45;34,5;0;26,37;37,89;460,8
Arcoverde;PE;61,91;343,92;14929,4;77,31;64,98;43,43;75,12;79,56;93,03;61,54;78,48;65,68;55,11;60,63;33,99;56,34;47,9;35,49;89,36;1043,41;164,67;15,3;3,6;75,14;86,04;98,63;50,78;84,21;96,55;89,99;95,57;49,83;4,86;27,07;23,41;0,35;0,42;6,95;19,77;5,02;3,5;98,07;8,22;80,18;94,52;72,95;2,45;450,12;21,96;4,89;86,59;8,59;2,7;0,9;51,66;37,51;10;0;122,22;50,2;500,47;297,41;9;16,22;0,29;1,82;0,4;0,3;19,92;707,22;180,11;13,95;45,02;50,89;544,7
Arneiroz;CE;58,52;1068,44;9284,24;74,15;58;43,41;78,51;57,03;88,18;72,87;78,04;51,16;52,57;50,23;24,06;51,41;64,96;33,22;91,97;753,74;102,21;23,43;2,84;59,04;77,96;42,15;39,28;61,42;95,14;88,22;92,81;42,22;0;10,1;43,07;1,17;1,45;7,88;16;4,99;0,47;71,18;5,95;46,71;91,69;69,41;2,07;315,37;16,21;26,92;100;0;12,08;18,85;50,42;47,84;4;5;72,56;80;1574,95;758,13;3;16,32;0,28;0;0,44;0,32;0;80,88;233,1;0;44,32;63,19;490,71
Assaré;CE;59,34;1155,12;10759,54;71,23;60,81;45,97;79,13;60,93;89,45;55,42;78,53;54,43;60,72;49,55;31,57;51,97;73,44;26,9;89,07;827,67;82,26;13,62;4,23;63,63;96,78;44,6;47,21;64,28;98,19;85,32;94,81;47,23;9,13;24,89;33,18;0,43;3,42;8,52;13,75;5,26;0,63;77,76;8,37;46,84;95,54;71,95;2,01;335,74;17,1;17,51;55,61;0,13;9,21;12,91;56,06;38,89;12;0;91;71;1458,24;676,45;4;17,61;0,28;0,25;0,36;0,56;0;32,86;32,77;0;33,2;42,59;498,34
Aurelino Leal;BA;54,75;445,39;12095,81;61,44;51,31;51,51;63,06;83,23;84,13;15,34;56,4;55,3;35,41;58,12;43,84;45,27;96,12;20,8;81,21;2861,26;225,16;29,2;3,61;86,29;85,31;83,86;25,62;78,56;82,7;72,07;94,37;350,6;14,09;114,5;14,31;3,97;7,77;9,85;52,02;3,35;12,33;87,77;6,98;61,9;79,32;70,55;5,52;533,96;16,53;7,16;85,75;2,88;8,05;0,89;47,76;21,69;11;9;175,33;74,67;2920,25;1602,68;2;24,71;0,3;0,35;0,44;0;0;0;0;0,5;28,52;35,57;484,84
Aurora;CE;58,22;885,87;8998,83;69,04;60,25;45,38;72,92;49,6;85,14;68,49;77,47;54,08;56,52;52,93;25,36;51,71;67,12;37,35;83,68;2708,45;146,48;10,05;4,38;51,13;48,95;39,63;35,42;26,77;92,96;90,36;97,15;31,88;2,1;10,12;11,81;1,88;1,48;4,45;22,67;4,8;0,62;83,89;0,33;53,54;92,93;70,81;1,98;414,72;15,47;14,34;84,29;0,85;8,84;11,81;50,72;38;2;4;97;50;523,73;316,5;4;15,91;0,29;1,47;0,73;0,41;0;83,86;135,64;5,02;48,5;62,04;517,4
Baianópolis;BA;53,88;3320,72;18834,08;62,17;52,85;46,63;75,1;32,17;74,78;66,61;66,23;35,35;65,76;44,05;27,13;45,3;94,77;19,31;88,08;1274,26;86,29;21,65;4,39;23,78;5,79;27,68;20,65;18,94;96,17;56,58;90,79;31,8;5,04;14,69;22,04;1,28;8,2;10,02;38,73;4,21;4,03;21,56;3,9;31,54;89,38;70,8;2,45;276,9;13,45;2,45;40,4;1,01;74,67;52,15;51,63;31,54;5;7;100;82;2005,36;1987,79;2;15,21;0,35;0,59;0,22;0,43;0;0;0;4,95;16,07;21,6;498,36
Baixa Grande;BA;55,69;967,51;10496,68;66,11;57,09;43,88;71,64;57,49;84,64;50,66;61,76;53,09;60,56;52,94;26,47;48,47;76,63;23,93;80,1;1038,76;132,36;12,45;5,52;54,06;47,17;59,86;30,95;58,86;91,42;70,35;97,73;86,73;3,64;37,32;25,25;3,72;8,75;10,17;34,87;3,92;8,07;65,41;13,87;50,1;92,13;71,49;2,9;338,22;16,26;7,68;28,04;1,88;7,04;0;53,48;42,21;5;4;94;63,33;764,41;941,25;2;17,48;0,3;0,81;0,18;0,62;0;13,63;22,75;0,37;23,36;32,26;502,6
Baixio;CE;58,86;145,56;11665,65;76,22;59,47;40,89;77,48;56,8;85,6;85;78,69;58,77;50,4;50,01;22,96;51,11;67,73;21,75;81,13;720,07;114,36;8,73;4,17;74,63;3,96;52,38;23,71;34,66;97,97;92,93;90,6;0;0;0;4,38;0,7;1,37;4,27;26,22;4,87;0,12;96,97;11,44;41,17;95,97;70,77;3,12;422,76;13,35;14,03;96,51;0;9,64;14,03;52,27;50,19;8;0;89;62;1857,96;894,93;2;15,34;0,29;2,66;0,89;0;0;78,01;181,16;0;29,46;36,21;481,59
Banabuiú;CE;53,88;1080,99;14836,82;63,32;60,16;38,16;77,31;60,94;83,83;31,22;73,05;55,54;52,55;59,49;13,36;49,61;62,24;27,43;84,45;1004,53;102,44;16,07;3,61;75,51;17,81;59,57;27,12;56,35;93,69;69,5;95,42;93,44;15,6;40,71;13,96;0,75;5,25;9,65;28,52;5,06;2,12;71,9;7,45;63,23;93,07;71,71;2,3;392,93;26,92;11,63;81,47;0,42;6,16;2,91;43,37;24,19;2;0;169,33;56,55;1082,59;760,01;2;15,26;0,3;0,56;0,55;0,84;0;154,42;380,85;0;35,7;47,95;484,27
Banzaê;BA;57,6;409,51;9296,15;73,54;55,36;43,91;72,63;58,14;89,17;74,21;66,95;43,4;59,92;51,15;8,27;51,88;84,08;31,4;69,77;455,95;107,04;16,87;4,34;99,27;2,31;39,57;40,23;84,99;94,48;73,9;96,25;29,44;0;10,04;13,38;2,15;5,65;9,42;41,02;4,63;5,78;76,71;0,34;41,18;67,38;71,15;2,6;296,03;19,99;10,04;39,51;0,35;7,04;0,84;54,17;47,62;0;0;112,33;78;771,03;692,3;4;19,28;0,27;1,35;0,44;0,62;2,33;11,24;0;2,77;37,28;48,19;503,56
Barbalha;CE;59,87;608,16;16891,99;73,64;65,34;40,61;76,56;59,83;94,4;63,78;77,2;66,13;58,05;59,99;30;57,32;37,49;37,64;86,47;1136,39;139,67;11,98;3,75;62,01;75,69;54,29;48,62;82,15;96,76;92,43;98,29;30;2,58;18,39;27,45;0,43;4,55;7,62;19,98;5,36;1,98;96,59;20,42;65,37;94,77;74,02;2,28;458,26;17,86;10,13;77,67;3,46;1,92;2,53;53,97;13,64;3;9;101,2;81,33;1695,05;743,74;6;13,02;0,29;5,58;0,27;0,51;324,32;1450,81;570,91;4;53,86;65,05;512,45
Barra;BA;54,3;11428,11;8104,03;69,26;53,29;40,35;67,17;68,24;77,34;64,29;63,37;47,18;56,95;45,66;21,17;47,81;73,2;19,22;80,6;1200,79;176,25;21,18;5,06;67,4;41,07;89,14;42,74;49,69;88,07;64,35;87,59;32,66;3,98;20,36;12,13;2,1;8,47;8,97;44,22;3,87;5,87;45,74;12,31;46,2;91,83;69,99;2,39;424,18;13,52;7,05;71,24;5,08;39,63;39,93;60,68;19,75;8;0;112;72;3068,26;931,22;7;22,86;0,33;0,87;0,53;0,71;0;37,45;41,9;0,74;19,09;24,9;490,66
Barra da Estiva;BA;57,85;1657,41;13792,69;72,85;59,74;40,96;78,41;75,16;85,44;52,39;66,54;57,48;58,67;56,29;17,21;53,3;69,58;23,73;93,36;1462,67;126,86;14,56;3,35;68,47;60,39;95,03;33,6;51,17;89,03;80,21;98,19;54,92;12,92;19,21;16,14;1,02;10,92;8,55;43,23;4,98;5,92;66,86;18,97;63,3;91,19;67,99;2,18;348,29;12,45;7,68;66,17;6,98;8,91;9,22;51,29;35,53;5;3;53;95,5;3892,03;1718,32;5;15,47;0,29;1,92;0;0,88;0;55,83;36,5;0,66;23,84;27,76;517,83
Barra de Guabiraba;PE;59;118,64;11732,38;73,52;60,16;43,32;77,68;84,88;88,92;42,58;77,85;55,95;45,57;61,28;30,7;45,89;68,43;28,28;87,34;756,92;175,21;8,28;3,19;81,59;88,32;98,84;36,08;85,15;91,53;79,36;94,26;113,34;5,45;40,77;11,42;1,57;0,4;7,67;21,83;5,47;2,22;99,36;10,83;53,53;73,39;68,54;2,93;475,41;22,05;12,23;70,95;2,5;2,63;1,63;48,09;18,15;6;6;96,5;90,67;704,68;950,04;2;23,63;0,3;0,14;0,44;0,36;;45,8;142,86;0;37,48;49,03;472,78
Barra do Choça;BA;51,54;765,94;15012,93;67,44;54,77;32,4;72,79;72,45;92,93;31,61;56,43;48,88;55,55;58,21;14,63;52,05;49,35;13,58;81,17;786,02;144,25;16,32;4,35;80,05;19,69;81,96;12,65;83,98;92,2;89,01;98,94;135,66;10,78;53,64;14,78;3,7;10,18;13,43;52,67;3,81;6,1;63,76;1,21;54,37;89,04;71,21;2,72;372,31;19,75;8,21;66,67;1,99;5,56;0;46,91;31,45;5;0;35;93;1359;962,4;4;16,54;0,29;1,2;0,15;0,82;312,5;189,81;78,98;2,31;14,78;18;477,95
Barra do Mendes;BA;56,51;1436,3;8139,15;69,82;58,23;41,49;64,62;54,04;84,53;76,1;74,92;43,34;56,71;57,92;26,71;50,47;65,7;23,1;82,92;1561,84;180,95;16,77;6,8;55,23;1,05;70,5;30,58;51,11;94,69;70,55;97,8;22,29;0;5,42;14,46;0,85;6,2;6,23;23,87;4,97;2,37;56,27;13,43;42,6;68,66;72,04;2,1;385,47;16,97;17,35;85,42;1,01;3,89;13,01;51,02;12,93;10;0;115;52;4231,99;875,54;3;17,77;0,3;3,16;0,44;0,91;0;143;92,35;1,91;24,94;29,97;518,79
Barra do Rocha;BA;56,4;214,41;13255,01;73,43;54,63;41,13;72,33;75,6;91,64;54,17;57,29;52,59;54,22;54,42;20,45;47,31;70,4;26,37;90,33;934,79;196,17;18,64;3,71;77,08;93,27;63,32;21,35;81,44;89,17;90,69;97,5;20,7;9,06;31,17;17,32;2,08;14,08;11,15;54,6;3,8;5,97;76,47;0,75;50,85;95,49;67,29;2,02;392,76;19,76;11,54;49,19;3,76;13,61;1,73;52,75;20,84;1;7;207;66,75;2952,1;1566,04;3;19,37;0,31;0;0;0;0;12,09;152,84;0;26,87;37,77;509,19
Barreira;CE;55,8;260;10353,65;66,69;61,25;39,45;76,48;45,82;88,4;56,08;72,67;59,77;55,97;56,57;13,54;52,66;70,99;20,62;78,61;824,87;137,9;14,44;2,85;59,24;18,01;28,12;24,98;63,71;95,75;77,26;98,8;51,75;4,42;24,12;8,93;0,67;5,7;11,87;23,55;5,17;2,57;99,36;2,44;57,46;95,54;71,25;2,4;436,7;18,84;8,04;63;2,11;2,07;0,45;52,6;44,89;4;0;92,5;78,33;1631,2;1041,68;4;15,45;0,28;1,15;0,55;0,66;0;47,69;55,76;4,67;25,92;33,54;472,85
Barreiras;BA;59,96;8051,27;41351,09;73,37;61,62;44,9;71,56;89,12;93,95;38,85;65,22;67,31;58,55;55,41;26,58;56,33;50,88;45,82;73,38;598,26;136,5;14,5;4,72;91,11;87,83;98,41;29,79;85,63;95,8;88,31;99,02;83,92;7,84;45,82;59,47;1,17;7,78;10,82;37,57;4,3;8,27;92,6;12;90,16;93,22;73,43;2,5;401,81;19,91;6,14;72,62;3,36;28,6;12,08;39,32;45,76;10;0;112,92;58,67;1807,19;1277,79;6;12,71;0,28;1,35;0,84;0,79;19,13;241,87;127,02;47,58;58,58;71,23;562,08
Barreiros;PE;59,17;233,43;12071,22;68,89;59,56;49,06;67,61;75,72;91,76;40,49;71,56;63,8;43,1;59,77;34,87;47,06;73,52;40,78;81,59;894,47;252,65;16,79;4,28;82,62;70,49;91,33;60,23;80,52;86,73;93,33;98,21;102,01;7,16;45,86;10,97;1,02;1,82;7,77;26,83;3,94;6,9;99,39;8,28;69,07;94,84;68,82;3,49;612,59;19,51;4,98;64,84;2,93;2,38;0,75;53,05;13,44;7;7;79;88;1249,93;567,81;2;22,35;0,29;0,22;0,15;0,85;0;15,27;58,68;2,14;61,56;65,17;513,72
Barro;CE;59,7;711,35;12394,82;71,38;60,15;47,58;76,69;49,74;91,17;67,93;76,75;54,41;55,74;53,71;32,03;54,34;71,38;32,56;84,46;1104,5;107,73;14,78;3,9;62,16;2,79;50,19;33,96;62,19;94,73;91,5;98,72;12,02;3,38;8,26;26,83;1,37;2,4;7,02;22,28;5,13;1,5;74,45;5,48;64,83;87,42;70,49;2,52;411,32;14,76;11,35;68,63;5,33;14,47;4,13;51,34;39,14;5;6;95;61;883,93;494,86;5;12,7;0,29;0,77;0;0,13;0;26,36;27,14;7,62;39,79;51,49;520,79
Barro Alto;BA;60,15;414,51;8173,97;71,16;60,15;49,14;67,03;65,31;86,36;65,93;67,97;58,92;57,25;56,45;32,06;53,62;94,63;16,25;94,78;3118,71;177,47;16,46;6,17;70,93;70,76;51,9;26,96;55,29;92,45;83,84;94,66;40,14;5,01;16,35;19,33;2,88;8,18;8;27,52;4,53;5,15;93,72;8,51;53,36;93,24;69,36;2,25;433,56;13,02;4,46;75;0,7;3,67;2,23;50,72;33,32;5;9;137;57;4217,78;1879,25;3;19,84;0,27;6,37;0;0,79;0;0;0;0,49;13,99;17,53;480,76
Barro Preto;BA;51,88;201,59;13492,69;56,71;56,09;42,83;62,98;69;85,19;9,64;69,59;59,15;39,22;56,41;40,18;48,22;62,2;20,73;88,91;631,59;219,28;34,27;5,01;81,11;86,89;67,51;67,51;69,79;77,01;84,3;96,76;166,53;25,72;93,14;10,29;1,67;3,9;6,88;40,15;4,34;4,8;91,19;1,78;61,8;97,8;69,63;4,14;481,76;19,51;20,57;70,61;2,17;15,35;0;46,64;20,57;9;7;106;59,71;787,59;1201,92;2;20,59;0,29;1,93;0,22;0;0;123,46;202,89;0,92;29,49;31,36;457,71
Barrocas;BA;60,29;207,3;22147,8;77,74;62,32;40,81;76,01;74,86;93,37;66,7;65,02;59,62;62,64;62,01;34,45;53,99;47,55;27,23;95,55;1019,23;135,96;22,41;3,47;81,89;33,48;90,25;29,3;88,09;94,47;84,69;99,74;40,37;4,34;14,47;11,51;3,25;6,22;10,92;37,5;4,3;3,7;83,31;0,08;78,13;95,68;72,18;1,94;334,95;16,44;9,87;71,65;3,29;3,13;0;43,45;34,03;9;6;125,83;61,86;3047,8;1658,59;3;13,01;0,27;1,16;0;0,7;500;145,72;116,02;0;36,15;46,93;499,99
Barroquinha;CE;57,61;385,58;8967,64;67,61;61,71;43,52;74,19;53,71;82,92;59,63;78,06;59,16;46,88;62,75;22,33;47,95;66,22;37,6;86;643,2;213,94;10,18;3,43;64,51;12,51;50,13;24,9;61,66;93,78;61,18;96,13;28,24;10,4;17,85;15,45;0,23;2,63;8,97;22,25;5,92;3,78;99,31;9,13;46,37;94;68,2;2,44;523;21,01;10,98;72,91;0,82;2,84;1,37;44,32;12,22;4;3;151;59;1327,89;842,24;2;18,6;0,3;1,37;0,44;0,61;0;77,64;152,67;2,38;53,22;70,95;480,09
Baturité;CE;62,4;314,07;12211,16;69,33;65,64;52,21;72,6;61,99;89,82;52,93;74,46;68,26;53,95;65,9;50,5;54,13;69,56;34,66;71,42;962,12;147,49;14,01;3,64;69,76;52,36;58,91;39,28;75,11;95,04;82,1;96,09;78,41;5,59;31,8;6,81;0,82;1,37;9,07;28,77;4,76;2,18;92,71;30,75;65,91;93,66;70,2;2,63;421,02;16,1;9,65;74,11;2,05;2,44;4,54;39,77;12,77;11;10;95,33;77,2;637,14;719,84;5;15,22;0,28;0,99;0,62;0,77;0;69,27;69,18;4,31;46,48;58,71;502,81
Beberibe;CE;54,85;1596,75;19163,17;61,77;63,68;39,1;81,03;29,72;81,63;54,69;80,86;65,05;56,65;52,17;28,34;53,6;47,35;27,12;98,66;961,33;122,73;14,41;3,09;24,97;12,42;16,44;22,82;61,77;91,08;58,18;96,36;63,13;3;27,49;19,58;0,43;1,08;5,28;21,83;5,57;0,75;91,37;17,52;72,62;92,92;71,67;2,2;392,8;23,15;6,02;75,89;0,62;10,29;3,58;51,88;37,88;5;6;79;82,25;1133,74;855,04;6;13,9;0,3;0,97;0,13;0,82;67,57;599,24;105,82;5,99;34,93;43,73;494,41
Bela Cruz;CE;55,19;842,11;9424,71;68,82;59,99;36,76;79,36;42,89;79,22;73,82;82,49;48,6;56,52;52,37;10,4;50,63;65,66;20,33;98,69;559,74;111,34;16,96;3,98;56,5;18,75;31,65;42,74;14,07;90,4;73,98;97,64;21,9;0;10,98;20,14;0,23;1,63;7,5;8,25;5,83;1,02;81,26;2,91;28,46;90,93;70,57;2,16;359,98;23,35;11,59;53,87;0,03;8,08;6,71;51,5;40,61;2;0;105;75;963,79;1267,87;2;13,73;0,3;2,15;0;0,36;0;62,55;100,32;2,31;23,63;31,47;497,86
Belém de Maria;PE;54,95;75,91;9255,27;65,6;58,01;41,22;75,37;63,54;88,06;35,43;77,37;54,29;47,38;53,01;25,64;51,08;68,02;20,16;87,77;554,31;181,58;19,08;2,59;59,74;67,02;74,86;51,85;70,31;91,83;82,44;95,12;109,69;12,76;44,32;7,23;0,1;0;6,93;22,6;4,58;3,57;99,71;0,18;53,7;79,41;69,95;3,13;469,77;20,68;4,82;94,18;0,29;2,7;0;59,93;28,16;3;4;87,5;39,5;1937,38;337,75;5;19,33;0,29;0,3;0,44;0,7;;84,19;80,52;0,57;18,22;21,52;499,52
Belém do São Francisco;PE;56,29;1830,83;19717,15;70,85;58,97;39,05;72,81;69,31;74,48;66,81;74,03;56,55;50,68;54,61;18,55;50,79;57,01;29,86;76,04;1171,03;125,11;15,73;4,2;62,38;75,1;79,38;39,88;51,63;91,21;56,9;81,71;16,4;2,7;14,21;24,59;0,8;1,37;7,67;30,48;4,65;4,32;73,89;15,34;53,32;93,66;72,06;2,93;410,55;17,31;19,67;87,5;0,36;6,11;1,64;51,47;31,83;2;5;80,5;91,25;1441,76;1119,57;7;22,59;0,3;1,22;0,36;0,69;10,42;159,88;176,71;1,13;40,02;49,67;496,34
Belmonte;BA;47,34;1939,45;18303,21;57,37;47,82;36,84;58,34;77,82;83,68;9,64;50,74;49,18;45,7;45,67;15,63;45,58;60,11;26,06;54,92;1363,59;198,36;17,22;6,47;79,16;85,84;70,12;18,4;77,72;86,91;76,28;88,04;275,68;16,02;105,36;8,95;6,15;13,45;13,92;49,93;3,45;7,85;74,1;3,47;36,18;92,78;71,26;4,56;457,51;15,58;2,48;81,36;2,42;41,58;13,92;58,59;27,29;6;0;73;85;1399,36;2358,75;5;27,49;0,32;1,25;0,36;0,59;12,21;132,15;60,81;1,64;34,05;44,96;474,14
Belo Campo;BA;55,21;772,76;8971,7;67,42;57,8;40,4;73,38;42,27;88,09;65,96;65,24;51,75;59,68;54,53;17,7;50,99;65,41;27,49;100;1090,98;125,03;20,99;5,57;29,94;11,76;44,25;10,61;50,47;92,53;88,23;98,19;49,27;3,61;16,29;17,38;3,22;6,82;9,2;35,98;4,1;4,52;76,19;10,93;56,11;75,73;70,59;2,21;333,79;19,72;4,34;67,79;0,96;4,64;29,33;52,62;24,28;6;0;144;79;1861,89;989,65;4;15,02;0,3;0,67;0,18;0,97;0;104,03;99,11;1,91;35,18;45,16;495,76
Belo Jardim;PE;62,53;647,45;33297,32;77,08;63,1;47,41;76,1;84,61;94,12;53,49;68,69;68;52,95;62,78;51,14;57,14;47,46;33,9;88,1;632,36;186,21;13,37;3;78,68;92,21;100;37,37;79,54;97,75;91,26;98,5;51,02;4,36;30,44;16,35;2,32;3,35;8,03;31,4;4,15;7,47;97;21,19;73,7;94,06;71,95;2,6;520,27;18,36;8,55;66,85;4,77;2,08;1,01;42,91;45,98;12;9;125,75;63,2;1306,06;523,53;9;14,6;0,29;2,07;0;0,82;161,62;431,03;47,06;9,78;43,13;47,48;542,74
Betânia;PE;56,64;1256,14;8853,66;67,1;56,26;46,58;74,81;46,68;85,2;61,69;77,17;40,16;47,76;59,95;41,1;48,82;66,53;29,86;95,66;753,4;164,06;24,04;3,21;40,1;31,49;50,14;33,33;29,35;95,04;87,03;97;49,25;5,92;26,71;14,25;0,63;0,18;6,32;30,35;5,23;3,98;29,57;0,16;44,8;94,86;69,53;3,13;434,13;18,95;14,25;72,38;0,85;4,55;0,89;45,86;19,38;13;2;156,69;65,87;742,8;405,32;4;18,84;0,32;2,06;0,89;0,92;0;174,13;132,25;0;39,88;56,96;476,98
Bezerros;PE;60,5;497,16;14964,81;73,26;64,65;43,59;74,34;74,84;93,3;50,55;77,21;67,75;50,18;63,44;31,88;54,12;56,02;32,34;75,53;676,85;166,04;13,15;3,07;70,94;80,64;90,11;49,3;82,21;96,17;86,97;99,06;87,77;3,85;37,61;15,56;0,63;1,3;6,83;19,85;5,04;5,45;98,94;17,4;76;94,06;70,1;2,92;454,09;19,42;6,16;82,49;2,41;2,59;0,81;40,28;35,53;3;8;79,75;69,4;1083,55;318,21;6;16,97;0,28;1,05;0,13;0,92;75,76;81,34;72,31;3,32;36,32;43,53;547,54
Biritinga;BA;52,36;553,76;9387,4;59,66;55,62;41,8;74,06;53,6;73,63;37,36;55,27;49,15;60,38;57,67;28,28;46,42;68,44;24,07;81,83;704,93;112,69;24,43;3,46;64,92;29,29;39,77;22,9;22,39;84,15;62,75;91,03;125;8,85;39,61;21,13;4,58;11,33;8,18;61,73;3,11;3,67;74,65;7,39;44,59;80,56;69,26;2,9;302,52;11,43;7,92;37,5;2,8;5,18;0;48;37,33;3;9;125,83;61,86;3047,8;1658,59;4;19,72;0,34;1,69;0,36;0,77;0;114,15;36;2,63;25,75;38,5;472,76
Boa Nova;BA;54,87;848,86;8000,41;71,7;56,6;36,31;76,28;69,54;83,4;57,58;69,35;43,54;55,98;57,53;7,22;46,34;65,93;25,73;86,56;619,99;152,49;16,99;3,08;69,93;67,34;67,48;25,71;50,56;91,99;72,03;95,96;52,96;3,64;20,45;21,91;0,83;6,82;7,37;35,63;4,29;5,15;56,74;3,14;40,24;83,48;70,18;2,71;378,6;13,02;10,23;75,21;2,96;5,53;5,84;48,92;30,42;0;0;120;46;2396,95;1237,93;2;20,98;0,31;0,65;0;0,6;0;64,04;106,31;0,36;30,67;42,75;480,65
Boa Viagem;CE;56,36;2835,04;10411,44;70,32;59,8;38,96;76,16;64,53;86,34;54,25;75,92;54,93;54,85;53,49;11,63;52,3;65,81;26,11;86,94;845,07;136,74;14,67;3,8;60,32;68,73;61,3;25,36;35,86;92,95;89,39;97,71;54,53;4,73;28,57;21,82;0,62;2,82;7,93;27,08;4,99;0,77;76,61;9,04;53,74;92,14;71,09;2,62;390,02;16,34;13,49;74,89;2,95;4,59;64,07;48,77;46,2;1;0;74,33;69,33;652,36;539,1;6;18,92;0,28;0,05;0,67;0,47;0;152,82;96,12;3,49;34,2;41,87;491,64
Boa Vista do Tupim;BA;56,55;2972,11;9039,74;70,87;54,17;44,63;70,51;66,26;87,67;59,02;65,56;38,6;61,19;51,33;23,91;49,12;80,32;25,16;67,43;569,64;62,75;8,93;7,35;65,01;51,1;66,77;18,94;63,22;90,65;86,13;95,17;64,1;0;30,82;17,78;2,33;4,08;9,28;39,1;4,39;11,55;61,02;1,73;35,49;65,7;68,75;2,57;264,68;12,67;14,22;26,7;1,34;25,65;7,11;47,4;41,05;8;0;516,5;50,25;1947,16;1479,89;5;19,67;0,31;0;0,55;0,7;0;12,02;13,47;0,69;34,83;50,2;460,46
Bodocó;PE;51,87;1621,79;8838,44;67,92;56,67;31;75,74;45,91;81,45;68,59;71,2;49,12;58,31;48,06;7,73;47,63;48,54;20,1;90,16;638,59;123,86;19,76;3,99;37,27;40,57;48,58;37,38;40,77;89,69;74,7;94,2;29,5;2,89;9,86;14,5;3,1;1,72;6,77;22,52;3,9;4,5;64,94;0,43;47,89;95,13;69,67;1,82;387,12;14,93;12,76;73,7;4,34;14,02;41,19;55,5;50,46;2;0;61;90,33;2891,3;866,97;2;18,12;0,31;1,4;0,46;0,59;178,57;290,11;172,08;0,87;17,64;21,31;522,1
Bom Conselho;PE;60,01;790,77;14025,07;74,26;59,45;46,31;73,26;66,23;92,53;65,04;73,69;53,59;52,59;57,93;33,11;49,59;78,32;24,23;81,36;809,67;135,56;18,71;4,01;58,77;63,05;69,36;22;64,57;96,34;93,4;99,22;32,86;4,33;18,53;8,13;0,98;0,85;7,72;31,25;4,51;3,92;76,09;3,39;56,08;92,3;67,22;2,32;406,29;19,65;4,52;70,36;4,69;7,71;1,81;48,75;28,64;9;5;96;77,75;1806,61;1154,94;4;17,84;0,31;0,57;0,31;0,65;0;9,73;22,33;1,61;28,94;34,82;501,56
Bom Jardim;PE;59,32;226,64;9411,55;67,14;61,29;49,52;75,87;53,41;83,79;55,5;78,17;56,86;52,38;57,76;50,99;50,83;75,28;20,99;87,02;663,08;178,13;15,01;2,94;52,62;30,53;66,02;46,97;32,29;88,04;84,62;98,5;60,71;6,47;25,51;16,48;0,22;0,02;6,2;21,17;4,78;4,35;98,98;2,42;46,06;93,65;70,99;2,68;479,14;16,33;10,63;74,86;3,37;1,79;1,33;51,69;47,08;11;9;129;27;1929,41;1047,26;4;14,82;0,31;0,76;0,46;0,87;0;22,78;35,99;0,17;19,43;25,61;516,07
Bom Jesus da Lapa;BA;57,76;4115,51;19908,47;70,1;59,12;44,07;70,56;73,82;88,25;47,76;67,43;58,58;55,36;55,1;15,13;53,14;75,48;32,52;80,9;838,89;144,13;18,67;4,96;70,35;48,4;100;42,8;67,95;95,73;76,66;97,28;79,37;7,19;41,19;27,77;0,15;8,57;10,27;39,92;4,27;3,1;75,64;3,77;80,84;91,87;71,51;2,86;402,62;19,29;5,8;63,19;7,59;9,57;11,9;52,49;40,7;4;0;169;40,5;2270,97;1945,85;5;16;0,29;2,26;0,4;0,84;0;28,16;20,98;1,09;41,1;53,89;518,85
Bom Jesus da Serra;BA;52,44;467,91;7027,29;64,03;53,26;40,03;72,07;37,66;77,95;68,42;60,68;36,09;58,22;58,07;17,31;48,12;67,51;27,17;84,86;1098,3;151,51;16,44;4,67;33,08;4,72;36,91;23,35;14,11;79,9;79,13;98,36;28,8;5,31;10,28;22,61;4,68;7,8;11,4;41,42;3,94;3,84;42,5;2,5;39,06;68,82;69,95;2,23;395,34;15;5,14;74,89;1,72;2,95;5,14;50,11;30,25;5;0;120;46;2396,95;1237,93;2;14,63;0,32;1,48;0,22;0,79;0;90,27;61,88;0;33,05;49,04;493,05
Boninal;BA;54,96;896,86;8426,92;68,78;58,39;37,72;72,66;43,26;75,21;84;70,78;40,87;66,6;55,31;11,28;49,27;73,12;17,21;81,61;1478,6;122,51;22,06;3,76;43,17;1,41;39,31;13,04;35,84;94,95;43,35;94,84;0;0;2,45;10,28;1,42;5,78;8,42;28,23;4,33;2,62;40,82;0,47;48,12;84,34;72,35;1,86;379,8;11,04;3,67;62,5;1,78;7,73;5,87;51,14;25,11;4;0;84;77,5;3174,63;1440,91;2;12,46;0,32;0,44;0;0,8;0;28,77;19,49;3,95;18,03;22,73;468,87
Bonito;BA;56,74;791,28;16636,21;71;57,46;41,75;72,09;46,97;94,38;70,57;64,96;51,89;60,29;52,71;19,96;50,52;72,19;24,32;69,83;1246,91;153,9;13,35;3,49;49,45;0,61;51,28;24,77;87,22;94,63;92,79;97,67;35,26;0;18,93;16,41;2,87;6,05;9,42;33,02;4,32;10,9;50,61;23,73;48,94;89,82;66,12;2,07;325,63;10,45;3,16;60;1,31;16;4,42;47,57;43,18;9;0;67;91;2596,93;2224,61;5;22,4;0,28;1,12;0,18;0,55;0;56,8;16,26;1,14;28,62;35,95;508,02
Bonito;PE;59,55;392,63;13872,21;71,58;63,76;43,31;75,93;75,64;85,62;49,12;80,48;59,66;53,08;61,81;28,64;48,41;78,41;17,79;88,57;887,88;157,48;17,91;3,02;68,87;80,02;92,29;44,11;69,07;87,05;84,88;90,92;80,19;3,47;41,09;12,28;0,7;1,02;7,65;17,18;5,97;2,63;93,17;9,84;60,39;89,31;70,26;2,8;510,82;12,99;3,74;77,78;4,59;2,74;0,8;48,45;21,39;4;7;96,5;90,67;704,68;950,04;4;20,46;0,3;0,14;0,31;0,39;0;6,51;33,88;0,74;12,93;14,38;520,01
Boquira;BA;51,95;1426,23;9605,7;60,37;59,77;35,7;70,82;26,81;74,62;69,24;70,29;48,75;62,59;57,48;10,25;49,43;62,78;20,33;82,46;1222,82;133,94;21,66;4,58;42,6;3,15;29,68;88,03;36,23;90,93;43,36;95,9;11,84;3,4;8,28;11,39;1,9;5,72;7,5;31,05;4,72;5,78;55,96;2,33;64,14;86,32;71,91;2,28;382,74;12,09;9,32;50,97;5,01;4,93;11,9;53,19;20,99;2;0;142,67;67,33;875,03;2122,03;4;14,88;0,32;0,61;0;0,63;0;120,2;145,63;0,35;22,41;29,73;485,81
Botuporã;BA;57,37;627,61;9713,55;76;58,85;37,27;77,08;59,1;82,83;85;68,98;43,41;66,74;56,27;5,39;54,15;67,62;21,92;97,91;914,68;87,74;13,95;5,8;53,7;58,03;56,85;25,62;40,7;90,59;82,26;92,68;0;0;0;12,7;2,55;7,7;6,52;35,33;4,88;4,97;55,36;6;44,35;77,39;70,24;1,21;270,54;15,04;11,34;66,23;1,98;5,85;6,35;52,39;18,91;1;0;116;71;3778,15;1544,31;4;11,25;0,29;2,25;0,22;0,47;0;102,04;44,92;0;21;24,08;529,84
Brejão;PE;58,01;159,79;19685,06;65,95;56,3;51,79;75,46;50,16;87,98;50,2;73,29;52,4;44,93;54,58;50,42;48,85;64,95;42,94;96,25;1109,31;153,47;18,89;3,83;54,59;20,66;47,25;27,51;45;90,49;91,44;99,28;55,9;5,37;35,25;28,64;0,48;1,75;8,28;30,02;4,73;7;83,57;1,62;41,16;95,05;68,51;3,55;527,37;16,76;2,75;80,55;0;8,82;0;44,29;54,86;13;7;100,33;58,17;1018,14;447,99;3;13,82;0,33;1,43;0;1;0;81,69;96,62;5,53;59,62;68,39;504,17
Brejinho;PE;57,49;106,07;10548,23;74,76;59,48;38,21;76,33;61,88;89,16;71,69;78,88;51,45;46,94;60,66;21,2;48,84;58,53;24,27;98,21;529,71;205,34;20,53;2,37;49,12;47,88;70,24;15,76;24,83;98,22;99,23;99,46;14,63;0;16,19;20,73;0,18;2,97;8,15;17,5;5,7;3,22;86,48;0,05;50,82;82,77;65,84;2,72;500,86;16,02;4,32;78,65;0,88;4,05;3,89;43,6;25,43;7;0;76;82;994,26;724,5;3;17,82;0,31;0,8;0,22;0,85;0;308,88;275,48;2,72;28,04;42,5;511,33
Brejo da Madre de Deus;PE;55,42;761,82;9093,18;66,17;59,2;40,9;72,82;51,16;89,72;50,97;69,85;53,95;52,27;60,71;20,02;51,18;66,41;25,98;90,35;644,81;151,14;17,31;5;28,65;61,25;57;24,31;70,87;93,14;82,54;98,36;61,77;4,84;36,59;13,16;1,08;4,72;8,28;23,15;3,98;8,87;87,06;5;44,08;91,5;69,06;2,63;422,48;16,94;6,17;86,11;4,62;1,64;0,21;47,48;48,21;8;0;60,5;90,67;2785,5;825,1;6;17,95;0,31;1,19;0,15;0,98;0;118,64;52,93;2,51;27,31;35,36;518,95
Brejo Santo;CE;61,89;654,66;15303,63;74,68;64,15;46,85;75,13;63,85;93,37;66,38;82,3;61,59;56,58;56,14;40,2;57,12;51,72;38,36;93,73;3865,55;130,33;13,05;3,7;70,42;63,37;65,79;51,84;65,13;98,44;94,37;99,22;28,08;5,7;15,27;25,05;0,17;2,45;6,45;17,78;6,47;2,22;86,43;18,62;61,45;91,49;71,06;2,28;411,91;17,47;11,35;66,4;5,3;5,49;2,74;53,61;34,5;8;8;718,6;76,67;1690,12;650,12;6;13,46;0,28;4,99;0,4;0,56;96,15;320,96;60,26;4,24;51,84;66,52;511,19
Brejões;BA;57,63;518,57;10954,24;70,92;59,1;42,88;69,44;60,44;88,75;65,03;66,13;56,38;60,15;53,75;30,15;53;66,62;21,76;74,66;1485,82;133,53;17,63;4,92;55,88;28,18;76,28;30,07;61,26;89,98;87,03;98,63;34,57;7,6;18,54;20,09;2,63;6,12;4,98;41,57;4,26;10,7;89,6;3,45;79,71;71,76;71,49;2,58;340,71;19,36;0;65,41;6,19;23,24;2,32;51,88;26,56;8;6;99,5;84,5;3180,12;1900,63;6;15,42;0,3;0,86;0,67;0;0;139,92;79,05;0,63;21,22;29,36;475
Brejolândia;BA;53,05;2247,21;13563,26;70,23;49,17;39,75;73,84;50,94;84,54;71,61;65,38;28,96;59,65;42,7;11,61;48,89;84,34;14,15;75,69;1124,92;78,47;13,11;5,31;83,57;1,49;27,77;28,54;33,45;95,75;78,12;98,72;38,47;0;13,18;28,55;2,97;8,35;10,53;31,65;4,12;2,65;34,05;1,14;26,81;60,02;69,73;2,6;216,25;12,81;13,18;85,25;1,8;86,05;43,92;54,13;35,58;3;0;119,5;47;3802,04;1565,28;2;14,3;0,31;0;0,89;0,9;0;54,26;0;0;14,66;17,58;471,61
Brotas de Macaúbas;BA;50,98;2520,82;7991,93;64,32;48,51;40,11;67,18;44,34;71,34;74,43;65,92;18,22;53,48;56,41;34,1;47,68;61,95;16,71;85,28;458,74;126,77;20,77;7,26;32,3;43,24;33,95;13,29;47,71;89,45;32,21;90,95;0;4,36;11,9;18,7;2,3;8,23;8,03;37,07;4,42;7,5;32,71;1,53;30,22;15,63;70,24;2,73;343,72;16,15;14,87;87,88;2,38;7,23;18,7;51,36;12,49;8;7;191;70;2418,2;1989,26;3;16,32;0,33;1,01;0,22;0;0;108,18;278,33;0;17,09;21,37;495,9
Brumado;BA;60,68;2207,61;24244,14;75,42;60,94;45,68;78,56;75,09;91,88;56,16;68,43;59,54;59,91;55,87;14,02;59,53;73,66;35,49;91,75;815,51;103,7;12,66;4,36;72,25;58,1;86,05;23,64;64,64;95,64;91,36;99,19;56,62;3,32;20,71;34,04;0,6;6;11,77;35,02;5,51;12,25;73,84;10,75;74,22;94,15;73,41;2,21;348,68;22,53;8,51;72,2;2,7;6,28;6,24;53,06;21,12;3;0;119,2;50,6;2113,75;848,04;8;10,68;0,27;0,91;0,13;0,84;0;28,78;18,68;5,95;37,34;46,38;563,72
Buenos Aires;PE;56,15;93,19;10119,51;69,81;62,74;35,88;73,09;59,37;91,37;55,42;76,63;59,98;53,85;60,51;7,34;45,89;73,36;16,94;88,72;906,27;181,17;8,7;5,12;73,02;11,77;77,38;56,76;71,1;97,65;92,4;93,57;11,4;10,16;28,11;15,62;0,93;0,05;7,55;20,27;4,34;1,13;97,31;5,26;56,25;95,74;71,66;2,85;475,08;10,66;17,57;63,89;2,11;1,68;1,56;51,93;14,97;1;0;138;88,67;1571,28;981,06;1;19,26;0,31;0,12;0,67;0,48;0;53,35;29,29;0,47;14,6;20,98;484,1
Buerarema;BA;52,95;219,49;13978,36;66,75;54,97;37,14;64,86;76,02;91,91;34,22;59,94;66,92;39,18;53,83;2,87;47,63;74,85;23,2;79,13;632,95;201,79;29,84;4,31;76,87;73,24;79,26;28,86;82,52;89,62;90,16;97,84;108,77;8,79;47,28;13,51;4,23;7,93;8,6;48,42;3,52;5,48;94,74;21,82;70,2;93,93;71,33;4,62;523,46;20,24;9,46;84,21;2,29;11,37;0;53,23;22,95;1;0;17;98;3277,11;1601,31;4;23,19;0,3;0,67;0,67;0,97;0;15,82;35,83;20,32;28,35;38,89;482,6
Buíque;PE;53,09;1336,54;10161,19;63,96;59,3;36,03;75,13;36,11;81,41;63,19;72,89;50,43;57,68;56,2;20,08;47,93;54,41;21,69;95,08;1706,85;154,45;18,06;3,64;24,4;41,6;33,6;41,66;33,94;90,09;77,23;94,69;35,26;4,58;23,03;11,13;0,87;0,95;9,12;31,28;4,35;2,93;74,55;2,41;45,17;91,31;69,75;2,34;403,63;13,82;3,84;80,03;5,53;5,32;2,88;54,82;30,08;5;0;102;35;2606,15;670,24;4;18,38;0,33;1,14;0,4;0,18;27,4;205,96;120,51;2,24;21,72;28,17;511,31
Buritirama;BA;52,22;4046,74;7724,15;63,58;53,99;39,08;69,62;49,46;68,46;66,78;70,65;32,61;58,82;53,9;5,02;44,42;88,5;18,39;85;1036,1;136,19;25,04;4,92;45,66;8,64;57,3;21,13;42,16;89,87;35,08;83,28;12,3;2,66;14,29;9,19;0,87;5,87;6,9;30,63;4,1;4,52;41,62;2,07;40,84;54,97;70,63;2,85;326,7;14,88;13,27;33,33;2,32;9,62;25,01;53,72;13,09;0;0;112;72;3068,26;931,22;2;19,63;0,34;1,11;0,18;0,91;0;0;12,16;0,91;26,32;30,89;450,68
Caatiba;BA;56,77;512,44;12526,68;76,85;51,64;41,82;75,78;73,24;86,68;71,72;61,66;38,68;60,17;46,05;6,55;44,58;94,67;21,46;87,47;623,78;128,9;10,75;4,95;74,71;89,47;64,58;28,71;72,36;87,36;81,98;94,09;38,97;0;16,12;10,74;5,28;7,68;9,15;38,82;4,32;7,23;73,71;1,62;54,91;38,79;70,09;1,99;353,76;20,4;0;72,63;0;40,59;12,89;56,45;23,11;1;0;35;93;1359;962,4;2;22,15;0,32;0,56;0;0,76;0;0;0;0;29,71;40,67;450,06
Cabaceiras do Paraguaçu;BA;53,07;222,03;8347,31;62,32;57,95;38,94;66,65;60,06;80,11;42,46;63,98;51,97;57,85;58;10,34;49,97;70,4;25,04;70,12;448,28;165,66;27,89;3,92;70,55;7,72;68,38;28,88;34,28;81,98;75,7;97,62;108,67;2,92;41,07;9,66;3,35;5,5;6,22;41,53;3,45;7,35;74,94;1,46;61,01;85,33;70,8;2,93;387,32;14,61;4,83;51,34;3,12;1,98;0;57,57;13,92;4;0;33,33;90;2125,63;1631,2;6;17,74;0,32;0,43;0,18;0,69;0;56,03;36,47;0;33,5;48,03;478,71
Cabo de Santo Agostinho;PE;57,24;445,39;63633,26;59,83;65,68;46,2;64,82;74,59;84,58;15,34;76,33;68,7;51,15;66,53;51,04;55,57;41,84;36,35;60,41;1041,57;189,07;11,96;5,29;77,46;60,47;87,71;41,47;70,02;78,46;79,43;97,02;206,62;11,16;78,93;11,31;0,65;0,48;6,32;23,68;4,38;3,08;99,15;11,14;90,42;93,59;73,74;3,07;488,9;21,89;3,15;100;6,12;2,04;0,29;44,75;9,43;12;8;268,4;61,19;997,65;416,75;8;17,49;0,28;1,75;0,38;1;18,12;639,02;512,82;44,55;51,66;54,29;520,17
Cabrobó;PE;58,37;1658,62;13988,57;73,57;61,61;39,93;73,72;73,39;79,92;67,22;79,08;58,91;50,68;57,78;29,09;51,51;52,54;26,6;87,37;539,88;149,8;15,72;4,63;70,55;75,32;87,06;46,61;56,22;83,39;72,2;90,56;21,37;3,19;13,2;15,84;0,52;0,92;5,42;16,57;4,7;2,23;77,02;13,49;79,87;80,83;71,39;2,79;495,68;21,28;12,54;52,66;0,67;5,33;2,97;47,48;25,89;8;3;113,33;67,25;1400,16;944,98;4;18,58;0,28;1,2;0,15;0,69;13,9;338,46;139,14;5,47;32,39;44,03;485,99
Cachoeira;BA;54,85;394,89;15802,87;64,88;54,57;45,1;71,63;68,05;84,45;35,38;63,1;50,8;53,03;51,33;15,9;56,63;78,68;29,2;79,76;1027,88;184,83;13,06;4,06;68,08;54,83;73,83;30,5;67,07;77,99;82;96,46;125,34;13,1;44,44;6,84;3,37;5,55;7,93;41,32;3,43;6,85;90,27;1,31;33,02;89,63;70,72;3;438,54;18,82;3,42;68,38;1,61;4,62;0;60,49;34,16;4;0;135;43,33;2076,63;1282,51;9;16,98;0,28;0,85;0,18;0,78;0;14,74;8,25;3,43;40,36;46,93;498,56
Cachoeirinha;PE;59,9;179,26;12430,91;80,17;61,75;37,8;75,26;83,53;94,69;67,2;71,64;63,1;51,45;60,79;18,12;47,91;59,14;26,02;89,03;898,51;184,47;13,35;3,37;71,39;85,36;95,03;14,65;75,09;97,49;95,37;99,26;47,71;0;27,14;22,11;0,75;3,15;10,43;22,53;4,71;9,12;91,18;7,85;76,32;94,21;70,18;2,91;517,41;12,77;11,31;60,56;3,65;5,59;0;40,47;46,24;6;0;100;88;1702,25;659,5;2;17,04;0,33;3,87;0,36;0,8;0;495,87;170,76;0;26,17;35,51;530,54
Caculé;BA;60,92;610,98;15785,31;77,47;63,52;41,78;76,09;75,25;90,46;68,07;72,93;61,13;64,12;55,89;10,23;57,48;67,02;32,4;97,45;1405,26;105,07;15,29;5,29;63,31;98,13;75,56;22,22;57,7;97,17;86,98;99,48;15,38;2,2;11,13;9,79;0,62;7,57;6,25;33,47;5,38;5,2;69,47;19,66;73,75;93,88;71,12;2,08;307,08;15,73;13,36;26,42;2,79;5,58;8,9;50,07;37,67;4;0;81,33;86;4490,84;1511,12;4;11,1;0,27;4,79;0;0,53;0;56,26;66,02;4,73;36,71;48,26;520,91
Caém;BA;52,53;540,91;8665,09;64,31;53,49;39,78;68,1;60,13;83,73;45,27;63,5;48,66;51,01;50,78;21,99;45,72;71,65;19,76;78,61;2877,74;140,64;21,87;4,32;68,23;15,13;68,1;30,01;58,35;89,94;75,47;93,41;56,61;12,74;36,59;23,11;2,72;5,63;11,25;39,77;3,83;5,82;89,84;5,34;34,77;75,27;67,08;3,05;336,12;17,62;5,78;75;4,05;9,26;8,67;54,08;58,44;4;4;114,43;59,29;2055,31;1317,47;2;20,94;0,32;1,3;0,67;0,91;0;64,97;50,67;0;21,45;29,93;482,55
Caetanos;BA;53,48;767,15;8984,33;69,57;56,53;34,33;76,62;34,31;82,34;85;65,2;38,66;68,65;53,63;15,29;47,08;48,29;26,66;87,48;162,4;75,5;13,21;5,82;23,32;37,12;24,63;30,04;24,65;91,58;80,66;97,32;0;0;0;4,44;3,47;6,13;7,52;42,53;4;3,47;55,87;0,15;32,75;74,77;68,47;1,5;253,32;9,78;2,96;61,17;0,8;5,38;10,65;51,71;41,3;4;0;120;46;2396,95;1237,93;2;12,42;0,34;0,5;0;0,53;357,14;98,09;173,21;1,94;32,09;49,06;483,17
Caetés;PE;58,02;294,95;14021,23;64,75;60,17;49,12;74,26;34,29;86,36;64,1;73,89;47,64;56,85;62,31;35;48,38;80,06;33,06;87,23;548,15;149,73;17,07;4,16;20,5;34,76;23,85;21,23;35,72;92,98;86,78;99,38;23,22;4,6;20,81;22,9;0,63;0,8;9,05;27,88;4,4;3,25;76,07;5,88;24,36;91,57;68,94;2,23;425,61;12,67;5,2;77,78;5,26;3,23;0,35;48,76;14,73;7;5;82;38;1235;668,26;3;14,15;0,33;0,36;0,36;0,96;0;6,9;22,78;1,24;45,88;55,27;496,98
Caetité;BA;61,72;2651,54;20279,08;71,37;61,37;52,43;71,76;57,24;81,17;75,33;67,75;52,92;68,98;55,85;44,02;59,11;73,09;33,48;76,57;1104,69;89,58;17,02;5,48;53,08;15,08;70,03;20,1;5,38;95,69;83,46;96,5;33,8;0;7,31;21,15;0,92;6,28;8,2;40,32;4,57;8,85;55,16;10,84;62,19;94,7;73,04;1,87;301,63;16,8;8,84;19,58;3,9;4,14;8,08;54,75;29,75;9;10;131,5;71;1934,73;973,49;8;9,86;0,29;4,25;0;0,93;0;22,66;32,82;1,37;36,51;44,97;562,06
Cafarnaum;BA;55,98;643,66;12139,48;71,17;57,82;38,95;70,34;56,83;91,44;66,06;62,23;54,49;55,34;59,21;22,66;47,37;69,22;16,54;84,24;1467,79;141,69;19,29;5,01;68,37;2,51;64,58;31,45;69,08;94,66;90,26;97,81;23,69;3,86;16,03;12,6;0,55;11,17;14,3;38,97;4,11;5,97;76,28;6,54;70,91;79,83;69,03;2,21;405,72;17,75;5,73;77,27;0,69;3,34;5,73;47,17;25,04;6;3;117;76;3451,4;900,01;2;22,09;0,31;4,77;0,55;0,54;0;175,91;22,05;0;19,01;19,62;476,22
Cairu;BA;58,62;448,85;82036,81;72,64;62,01;41,22;71,92;72,96;88,78;56,88;60,12;66,41;63,22;58,26;18,2;49,21;66,08;31,4;74,98;591,44;166,36;16,7;3,62;88,66;30,24;75,69;24,74;94,88;88,52;73,45;96,1;66,98;0;36,03;6,76;6,4;7,38;7,13;44,72;3,89;5,52;90,2;13,04;90,08;90,67;73,41;2,31;324,43;18,59;6,76;60,85;1,48;0,88;1,69;59,96;6,05;5;0;91,5;60,17;1928,02;567,5;5;17,55;0,32;0,7;0;0,96;0;83,79;58,54;6,29;42,8;55,5;479,61
Calçado;PE;55,89;121,44;10147,72;67,93;60,97;38,78;82,45;41,05;90,15;58,07;72,08;52,97;60,22;58,62;8,86;48,21;62,25;35,78;91,52;712,72;121,3;8,19;2,86;26,9;40,17;37,5;24,59;46,21;95,5;94,25;99,44;37,72;8,96;21,64;12,62;0,43;1,48;10,47;25,13;4,27;6,55;89,93;1,71;40,83;91,68;68,84;1,93;329,82;15,08;6,76;72,91;2,11;2,43;0;54,46;13,24;2;0;85;81;2896,96;766,91;2;18,68;0,3;0,76;0,22;0,34;0;150,46;180,83;0;53,28;61,51;504,72
Caldeirão Grande;BA;54,4;458,31;7572,35;68,15;57,78;37,27;71,39;62,68;80,08;58,43;60,51;56,65;61,64;52,33;23,42;47,64;64,09;13,91;80,54;937,83;147,33;22,42;3,83;78,29;16,11;56,58;16,11;59,69;90,59;52,82;96,58;64,41;0;29,05;32,11;1,2;10,3;12,15;39,07;3,49;9,45;93,2;13,62;62,33;71,25;70,46;2,74;371,02;12,07;2,55;38,32;0,2;5,68;3,82;49,22;64,23;8;0;296;37;3536,61;1758,91;4;20,18;0,33;2,17;0,22;0,7;0;135,97;120,37;0;11,46;15,43;470,21
Calumbi;PE;52,58;179,31;9440,5;63,44;56,4;37,89;72,34;45,97;88,29;47,14;76,38;51,33;43,06;54,83;12,81;47,54;64,33;26,88;89,53;1256,6;210,67;15,14;3,61;35,52;46,91;51,37;44,03;31,27;96,88;96,22;97,67;29,04;18,45;34,43;23,91;0,77;0,95;8,3;20,23;4,68;2,43;59,36;0,27;68,18;92,64;67,9;3,09;539;19,85;9,56;79,51;0;6,05;9,56;52,6;18,89;3;0;64;79;1009,33;831,68;4;19,31;0,33;1,81;0,44;0,82;0;110,7;217,86;0,99;32,92;42,55;469,41
Camacan;BA;54,64;584,85;15688,58;61,28;55,67;46,99;65,45;75,1;86,92;17,65;61,63;62,26;47,06;51,72;43,61;49,22;68,61;26,51;88,4;1507,14;198,83;30,71;4,43;79,02;73,37;71,95;25,5;77,79;83,26;81,76;95,77;193,56;10,35;68,21;26,57;3,35;9,38;9,12;38,7;3,65;6,45;90,25;7,88;76,35;91,68;71,07;3,95;492,95;23,96;2,95;35,06;2,66;6,96;1,77;60,57;23,1;8;10;107,33;50,67;2278,17;869,38;4;21,49;0,29;0,89;0,18;0;5,27;25,89;20,52;6,67;36,59;47,19;505,39
Camaçari;BA;58,9;785,42;107139,45;65,35;63,68;47,68;72,49;83,96;89,61;15,34;63,07;69,63;53,76;68,26;28,53;58,04;59,88;44,29;75,55;393,5;163,74;16,15;3,68;91,03;88,47;96,28;55,15;91,02;86,49;86,57;93,09;227,18;9,61;79,71;11,19;1,6;8,4;11,05;41,5;4,51;11,55;98,51;14,75;90,34;93,46;72,9;2,92;406,86;25,23;2,93;77,23;5,88;2,18;0,17;38,47;20,73;8;0;591,64;51,36;1134,98;390,67;8;11,54;0,28;1,24;0,09;0,81;7,79;99,17;49,52;13,27;67,09;66,94;530,91
Camamu;BA;46,43;839,7;14848,85;54,75;53,65;30,9;66,12;59,03;78,51;15,34;60,22;52,87;44,48;57,02;12,14;46,5;53,65;11,32;66,89;580,38;159,18;24,79;4,41;58,58;61,51;54,84;34,95;60,05;68,89;76,34;92,9;284,2;7,72;99,26;12,47;2,53;9,8;9,77;45,1;3,76;9,37;71,56;4,58;55,16;92,89;67,61;4,54;369,85;15,56;7,22;59,33;12,46;4,68;2,3;61,25;30,12;3;0;87;59,67;2271,59;1080,54;4;22,96;0,31;0,22;0,15;0,61;36,59;177,51;100,51;4,24;8,41;10,05;483,03
Camaragibe;PE;59,37;51,32;14418,32;64,42;64,97;48,73;65,95;57,38;81,98;52,37;76,4;68,58;52,31;62,6;40,77;55,59;70,43;28,1;48,69;980,38;166,6;15,74;3,64;67,89;18,48;79,19;66,89;71,32;72,76;71,71;98,28;85,98;2,55;33,16;2,57;0,77;0,52;5,85;22,68;4,59;5,45;100;9,76;90,58;93,88;73,28;2,75;498,76;23,7;3,92;81,33;8,5;1,12;0;56,94;11,91;8;8;170,56;51,1;1715,95;793,84;6;12,24;0,29;1,83;0,46;0,71;0;31,66;75,44;10,7;33,38;39,13;515,61
Camocim;CE;62,95;1120,45;13003,47;76,32;63,84;48,68;72,75;80,31;88,41;63,82;79,17;61,05;52,27;62,88;55,18;52,82;59,14;27,56;73,47;1510,84;182,22;13,5;2,66;81,4;26,56;99,74;8,61;70,57;94,99;77,22;96,95;45,3;1,04;21,5;17,01;0,15;2,62;8,68;16,13;5,68;2,65;84,49;16,28;60,33;94,91;68,71;2,32;482,22;15,89;13,8;54,17;2,16;2,1;1,12;46,77;13,12;13;12;58,67;76,33;1556,18;1121,82;6;16,73;0,3;1,09;0,4;0,93;52,08;83,06;42,84;6,85;35,8;45,84;503,84
Camocim de São Félix;PE;60,87;72,01;10143,04;75,47;63,76;43,38;79,43;76,94;94,64;50,86;75,57;67,96;50,94;60,59;33,36;53,94;61,7;24,5;92,75;897,74;128,85;15,33;2,97;75,21;89,64;76,63;30,34;87,72;96,13;90,66;98,46;97,94;0;34,45;19,52;0,95;0,15;8,35;23,5;4,61;3,15;100;15,36;80,29;92,93;69,25;3,02;404,73;18,27;5,74;80,74;0,86;2,39;0;49,02;14,95;6;5;93;36;1047,33;759,36;9;18,44;0,3;1,1;0,18;0,85;0;173,91;195,17;0,66;26,75;36,34;503,07
Campo Alegre de Lourdes;BA;50,69;2914,57;9193,2;59,2;53,29;39,58;71,35;25,37;71,46;68,62;56,06;39,3;65,47;52,35;16,39;46,13;79,1;16,7;85,01;1903,13;118,48;18,88;5,04;13,29;0,11;30,57;38,19;19,14;65,58;76,55;90,8;14,56;6,6;9,78;11,74;7,97;8,1;9,08;39,27;3,73;9,77;37,35;4,02;33,73;88,64;71,68;1,8;313,06;13,38;3,26;87,63;0,97;10,37;13,69;53,88;23,34;4;0;133;77;721,19;770,66;4;19,62;0,34;0,3;0,15;0,4;0;4,4;31,57;0,48;13,13;13,57;488,42
Campo Formoso;BA;54,51;7161,83;27876,3;67,53;54,52;41,49;71,79;60,34;85,7;52,29;58,68;51,17;57,41;50,84;26,33;53,18;59,77;26,68;75,36;868,7;119,44;16,99;4,72;67,69;53,22;46,67;23,85;54,49;88,42;82,81;96,57;72,85;3,48;33,34;17,09;4,88;9,32;10,52;42,82;3,92;7,67;67,62;6,37;49,14;92,49;69,94;2,74;332;15,05;6,44;71,84;0,95;25,2;6,58;47,88;42,13;10;0;140,5;73;1134,61;1385,96;7;18,52;0,29;1,26;0,13;0,93;56,82;53,51;47,01;1,05;28;37,87;511,09
Campos Sales;CE;57,26;1082,58;11290,97;64,46;62,05;45,28;74,11;54,07;87,32;42,33;79,19;62;51,52;55,5;13,69;54,52;81,5;31,42;89,34;1453,11;152,34;17,01;3,89;66,03;39,52;47,23;44,45;16,19;97,83;97,66;98,88;98,9;3,83;41,38;21,48;0,57;1,88;8,17;12,75;5,19;1,17;87,22;7,41;73,44;96,36;71,11;2,84;447,55;17,07;14,32;72,64;5,31;7,54;9,95;50,69;42,06;4;0;99;64;2087,96;1239,63;7;18,85;0,28;1,88;0,55;0,53;0;61,25;0;1,94;39,67;51,03;501,44
Camutanga;PE;58,55;39,12;36057,73;70,43;63,03;42,18;78;66,69;83,11;53,93;73,26;66,28;54,54;58,04;26,38;51,53;61,17;29,62;94,78;713,54;181,38;9,61;3,45;61,84;21,5;86,81;19,42;69,88;94,3;62,87;92,36;69,61;0;46,45;0;0,4;0;8,35;30,75;4,2;5,48;99,97;6,8;84,4;93,47;70,58;2,7;492,23;15,66;4,3;60;3,12;3,3;1,29;53,5;20,43;8;0;156,69;65,87;744,31;520,25;3;15,27;0,3;3,97;0,22;0,68;0;156,41;264,83;1,53;35,64;38,9;485,65
Canápolis;BA;57,91;460,39;8064,47;75,94;58,94;38,85;77,38;63,14;82,26;80,99;69,8;45,22;67,8;52,94;4,94;46,45;83,93;20,07;95,94;1714;79,4;11,18;5,66;80,51;24,47;60,65;32,27;43,89;89,76;72,01;96,82;0;0;9,78;5,87;2,18;4,7;6,35;33,13;3,86;2;61,63;7,46;44,95;76,55;68,93;1,54;252,66;10,54;9,78;47,22;1,27;16,4;0,98;51,3;23,74;1;0;85;74;3079,88;1804,17;1;17,29;0,31;0,26;0,22;0,98;0;24,39;0;0;25,72;33,63;470,89
Canarana;BA;55,94;579,73;10433,05;71,57;57,57;38,68;66,2;66,52;89,41;64,17;66,02;56,13;50,24;57,9;6,17;47,45;83,39;17,7;89,67;1352,11;168,76;23,23;6,2;73,27;24,63;78,78;31,25;65,28;94,94;86,89;95,63;43,1;2,06;20,66;10,74;0,67;7,13;9,8;36,8;4,17;9,8;71,23;6,06;68,6;93,35;69,04;2,77;433,35;13,64;17,35;76,64;0,55;2,84;2,48;49,98;28,83;1;0;137;57;4217,78;1879,25;3;22,37;0,3;1,03;0,36;0,8;0;32,92;0;0;18,42;22,04;480,52
Canavieiras;BA;54,17;1334,28;11603,23;66,17;55,05;41,28;65,05;77,57;85,77;36,29;59,05;58,35;55,56;47,24;17,23;46,11;76,99;24,79;74,71;1086,66;196,55;16,99;5,62;76,7;75,04;79,01;21,02;77,6;87,35;73,18;95,19;97,31;12,23;42,22;11,63;3,63;9,07;8,4;46,5;3,52;10,12;82,97;5,55;65,58;94,49;72,74;2,74;424,59;20,97;6,12;68,86;0,68;32,86;9,18;52,2;44,27;4;0;160;48,33;1276,81;956,56;4;23,36;0,33;2,22;0,18;0,86;0;13,45;11,87;11,65;24,44;32,53;518,88
Candeal;BA;54,38;447,58;8569,19;61,4;58,59;43,15;74,48;50,13;82,98;38;66,86;51,65;55,04;60,83;30,99;48,89;75,83;16,91;93,45;349,88;121,14;21,96;4,78;48,47;20,36;58,83;35,78;51,75;88,17;73,14;96,36;167,46;0;46,32;33,45;1,68;5,97;5,7;35,07;3,52;8,55;78,86;8,14;34,78;93,61;72,19;3,78;301,58;15,16;3,22;91,18;2,35;6,63;1,29;43;21,77;7;5;109,67;55,67;1867,44;1107,79;1;14,27;0,3;1,01;0,89;0;0;25,61;41,45;0;14,16;17,72;462,21
Candeias;BA;59,94;251,81;91486,06;65,11;62,41;52,3;69,75;78,93;86,89;24,87;64,51;71,42;53,87;59,86;29,66;51,96;75,08;52,5;73,33;702,14;182,1;22,29;3,13;80,78;88,98;89,54;51,94;82,09;82,3;77,94;97,14;193,85;6,76;67,7;8,57;3,32;3,78;8,38;38,17;3,82;9,38;99,98;20,07;93,17;90,39;74,39;3,68;466,96;17,55;3,04;65,65;3,12;3,91;0;48,8;22,06;5;7;213,5;66,5;3251,2;958,05;5;12,99;0,31;0;0,4;0,67;0;28,6;10,71;14,5;80,49;92,29;508,35
Candiba;BA;56,62;433,64;10566,56;70,11;60,73;39,01;77,61;56,77;85,4;60,64;69,76;55,11;59,13;58,93;7,73;50,07;81,17;17,07;91,2;1091,12;117,89;13,55;4,09;59,75;4,08;69,93;25,81;53,34;93,92;90,65;87,66;13,08;7,72;15,37;19,98;4,6;4,78;5,87;24,28;4,27;2,23;68,06;5,61;63,12;97,22;69,56;2,59;298,35;15,12;11,52;47,37;1,44;6,73;0;47,57;13,32;1;0;93,6;66,6;2298,67;1005,84;1;13,44;0,3;2,49;0,22;0,77;0;5,14;15,28;1,06;11,43;13,71;524,29
Cândido Sales;BA;54,13;1169,81;9313,9;70,37;53,38;38,63;74,87;63,61;84;58,99;57,4;48,9;55,71;51,52;16,24;48,77;61,18;28,34;86,33;1370,11;161,73;13,69;3,55;69,39;9,26;74,37;18,73;75,36;94,6;62,91;92,57;66,35;0;30,89;19,01;6,25;9,42;12,22;38,68;3,92;5,82;62,2;2,19;53,67;89,91;72,9;3,16;423,7;16,46;6,93;64,03;0,78;10,24;32,88;54,09;20,3;4;2;186;61;3218,16;2555,82;4;17,69;0,32;0,58;0,36;0,88;52,08;36,26;78,26;0,79;35,34;49,68;503,88
Canhotinho;PE;58,04;422,83;10164,17;70,49;60,63;42,99;68,43;63,92;91,77;57,84;71,65;56,51;54,96;59,39;14,18;50,41;73,57;33,8;81,17;1052,83;155,35;16,56;5,86;62,26;66,46;63,37;34,12;64,2;95,58;93,73;97,67;25,6;8,58;22,2;14,8;0,95;0,82;11,52;31,15;4,58;4,37;88,95;6,91;54,03;89,48;68,48;2,23;440,21;18,42;2,06;67,33;7,85;5,49;0;49,85;36,1;4;0;80;79,33;1182,08;987,08;4;16,9;0,31;2,15;0,36;0,85;0;15,02;83,11;3;43,99;59,06;492,69
Canindé;CE;56,25;3032,39;11890,23;68,96;61,39;38,39;75,63;59,88;89,62;50,71;78,52;58,11;51,53;57,41;16,86;54,69;56,85;25,17;80,45;877,51;125,84;13,33;3,87;65,29;13,49;68,3;24,61;60,8;94,46;87,87;97,5;78,8;5,32;37,21;20,49;0,5;1,5;7,08;24,72;5,37;0,85;77,52;8,62;67,47;93,24;70,88;2,52;415,55;22,21;14,56;73,81;1,05;3,19;7,68;52,9;16,57;5;0;109,25;80,86;1531,17;654,71;7;16,44;0,28;0,98;0,67;0,97;23,15;239,34;74,46;8,16;29,38;36,59;516,07
Cansanção;BA;54,82;1351,89;8984,14;73,22;53,71;37,52;74,43;68,6;86,86;63;57,64;43,54;57,84;55,84;19,07;46,2;63,17;21,67;81,52;2106,63;146,03;14,01;3,22;66,5;61,75;73,32;29,54;35,6;92,67;89,52;99,3;44,56;3,58;23,5;16,03;5,63;7,82;9,03;47,77;3,39;6,43;68,96;3,01;50,68;64,05;69,69;2,26;378,24;20,66;3,74;52,44;4,52;4,48;2,94;50,83;52,16;6;0;156;71;716,83;1595,13;2;20,93;0,31;0,61;0,31;0,7;0;191,25;119,02;0,85;19,16;24,89;482,07
Canudos;BA;56,38;3565,38;9258,73;70,1;53,43;45,61;70,63;57,85;86,1;65,81;59,42;42,13;55,4;56,76;43,58;52,32;66,05;20,5;84,84;821;110,74;31,08;4,29;64,88;25,64;60,88;32,83;64,88;86,19;79,8;97,31;21,94;0;27,32;29,8;4,28;7,57;10,63;39,32;3,65;9,92;60,57;0,09;60,47;61,75;67,42;2,25;317,89;18,77;6,21;77,32;0,3;6,56;3,73;47,07;29,31;10;10;108;74;2192,58;1989,23;6;19,43;0,29;1,18;0,36;0;0;75,3;129,98;0,39;21,17;28,63;474,53
Capela do Alto Alegre;BA;57,07;629,59;11802,77;67,91;59,07;44,24;75,36;74,99;92,68;28,61;63,73;54,12;59,36;59,07;16,23;50,76;83,73;26,25;80,53;272,58;94,87;19,25;4,22;83,37;54,43;73,65;20,9;76,95;91,7;91,43;99,64;161,6;9,26;44,68;14,89;4,97;6,73;9,37;26,85;4,05;7,5;63,18;8,58;64,57;92,97;71,21;2,9;290,16;20,46;4,65;46,27;4,32;7,77;0,93;48,93;15,41;5;1;148;64;3769,5;1513,58;2;16,29;0,28;0;0;0,92;0;18,52;0;0;27,81;38,07;523,26
Capim Grosso;BA;57,89;464,78;16578,87;70,02;61;42,67;73,13;83,31;90,74;32,88;58,99;70,14;56,27;58,6;21,45;50,5;65,71;33,02;81,25;989,66;129;14,38;4,78;89,53;40,47;98,79;18,16;81,23;92,05;80,89;99,14;118,48;12,88;50,55;18,66;4,65;9,85;10,7;35,72;4,02;11,07;97,06;22,85;83,65;92,34;70,09;2,73;327,89;17,21;5,42;82,95;2,63;5,62;0,6;44,65;41,19;9;0;45;82;3256,25;1034,76;2;15,82;0,29;2,08;0,15;0,57;0;120,62;56,12;2,99;39,46;50,91;526,36
Capistrano;CE;54,76;226,55;10028,14;60,62;58,9;44,76;80,91;40,08;79,79;41,71;73,98;51,68;49,07;60,87;36,94;52,84;68,84;20,41;99,92;893,21;137,81;16,38;2,62;45,05;26,51;26,29;33,65;33,1;86,38;70,4;97,37;98,62;5,81;42,89;24,34;0,68;3,93;8,8;25,18;4,77;2,58;79,86;3,95;55,95;80,76;68,82;3,24;368,53;16,36;13,91;80;3,4;2,37;8,69;49,41;19,23;6;7;94;61;833,7;365,07;3;13,76;0,28;1,87;0,36;0,76;0;74,33;56,18;2,49;30,14;36,2;455,78
Capoeiras;PE;57,01;337,11;13014,06;67,59;60,11;43,35;74,08;41,49;89,3;65,48;74,05;52,99;55,01;58,37;15,96;51,62;67,48;38,33;90,41;697,04;174,24;19,49;3,48;30,79;35,97;39,27;29,12;39,47;98,22;90,85;99,78;29,63;6,5;17,45;20,72;0,67;1,57;9,33;25,48;4,42;2,4;74,8;7,27;55,34;87,01;69,74;2,56;471,84;14,77;7,63;50,7;3,13;6,03;0;46,13;37,13;4;0;73;75;868,13;702,28;5;12,86;0,32;0,68;0,36;0,84;0;82,29;82,56;2,55;50,4;63,7;502,1
Caraíbas;BA;54,23;805,63;8463,09;66,79;55,17;40,71;73,54;36,35;83,07;74,2;64,28;37,22;64,56;54,63;15,65;49,84;79,42;17,94;96,83;273,25;100,58;22,21;6,07;30,46;3,95;31,48;15,42;27,02;89;84,03;98,13;12,57;0;10,06;25,15;3,93;5,3;7,5;44,87;3,84;3,48;44,97;4,13;32,2;74,61;69,35;1,64;287,79;15,86;10,06;43,42;2,7;6,49;27,16;52,5;24,43;4;0;40;84;955,19;495,82;2;15,05;0,29;0,19;0,22;0,89;0;81,68;0;0;12,52;16,73;467,04
Caravelas;BA;54,24;2377,89;16981,23;66,64;54,56;41,52;70,4;69,8;83,51;42,84;60,81;45,98;57,88;53,55;26,95;47,69;73,72;17,72;95,01;950,48;171,74;11,96;6,68;80,42;31,34;70,01;17,47;81,37;78,54;67,22;97,55;94,02;3,23;36,92;33,04;3,18;8,93;13,23;46,37;4,25;3,42;44,9;1;61,16;89,56;72,46;2,81;391,94;17,86;5,83;60,99;5,2;28,13;7,77;51,64;15,92;3;8;148;76;1719,99;1403,96;3;19,99;0,31;0,75;0,36;0;0;27,13;28,06;1,88;19,85;23,37;483,04
Cardeal da Silva;BA;52,26;293,46;13734,82;66,53;50,41;39,83;73,06;66,37;83,22;43,48;52,31;42,37;56,14;50,81;7,11;48,97;72,95;30,3;70,72;222,08;133,26;17,05;3,67;74,38;25;77,95;33,05;79,44;90,75;66,75;89,37;75,01;7,71;40,97;17,93;1,5;14,67;15,85;63,28;3,7;8,85;72,58;5,54;39,87;61,81;69,09;2,6;371,8;14,68;3,98;79,15;2,27;10,03;0;54,45;49,23;0;0;219,5;67,67;2060,64;786,89;3;19,24;0,31;4,17;0,22;0,99;0;50,88;19,27;0;42,72;59,89;482,67
Caridade;CE;54,12;926,27;11421,4;58,92;59,8;43,64;72,84;55,85;85,1;21,9;77,15;54,8;52,34;54,89;32,1;46,59;69,4;26,47;68,4;627,93;127,18;18,54;3,25;63,85;48,07;40,12;25,44;45,47;96,7;77,14;95,91;181,02;15,26;61,06;20,76;0,48;3,23;5,68;26,77;4,97;0,7;89,53;1,93;45,86;94,91;71,74;3,04;394,67;20,51;10,69;73,43;1,16;9,5;0,61;52,24;17,15;6;4;117;55;451,03;512,25;4;16,95;0,36;2,29;0,73;0,92;0;54,92;132,56;4,03;27,36;36,66;522,64
Carinhanha;BA;54,64;2525,91;9569,33;77,35;53,98;32,58;71,96;80,7;81,97;74,78;65,7;46,25;58,3;45,66;16,9;46,33;48,34;18,76;87,4;705,57;170,2;16,82;4,65;71,39;81,25;82,7;5,26;56,71;87,38;71,75;93,35;14,42;0;8,66;8,31;2,3;8,6;7,9;36,72;4,1;5,47;52,04;4,08;46,96;91,87;70,77;2,5;376,37;13,82;9,01;68,65;2,55;16,88;39,49;59,16;41,55;7;0;35;92;1741,83;1543,08;3;18,92;0,33;1,56;0;0,8;166,67;131,55;208,6;5,32;21,45;28,54;464,85
Cariré;CE;59,66;755,6;10761,53;77,07;63,56;38,36;80,62;67,66;91,42;68,56;83,51;57,44;55,95;57,36;22,13;53,36;50,87;27,08;97,02;949,17;110,26;12,53;3,73;91,11;73,03;40,03;34,28;69,52;98,65;84,22;98,53;48,9;0;23,82;11,34;0,23;3,35;5,12;11,43;6,28;1,12;90,94;13,61;42,57;92,44;69,92;2,32;419,2;18,17;7,09;62,28;0,06;5,4;35,16;45,25;21,59;7;0;114;62;1294,79;810,12;3;16,16;0,26;1,52;0,73;0,24;250;211;103,93;3,89;30,79;40,1;510,6
Caririaçu;CE;59,45;634,18;9277,88;75,07;61,79;41,5;79,62;60,42;91,02;69,21;76,72;56,22;53,28;60,91;17,05;52,33;63,42;33,2;94,28;967,28;119,46;12,99;3,59;64,12;1,24;76,11;22,28;57,47;95,65;93,26;98,29;5,26;1,86;8,36;20,52;0,17;4,45;8,93;18,95;5,1;0,78;87,97;3,32;54,42;93,31;68,81;2,35;409,02;16,79;14,44;63,12;2,6;4,48;10,64;44,5;21,48;5;0;68;72;1372,96;739,34;5;13,75;0,31;1,16;0,18;0,76;0;169,69;102,79;0,93;40,06;53,85;516,77
Cariús;CE;57,71;1036,42;10517,81;70,96;59,97;42,2;77,63;45,44;90,63;70,14;80,2;51,01;55,11;53,54;35,44;50,98;60,53;21,85;96,1;1134,62;134,71;12,94;4,2;73,2;0,86;22,47;29,21;71,79;97,78;81,85;97,68;50,06;0;19,98;15,28;0,23;0;7,02;20,47;5,34;1,17;70,38;8,33;39,62;94,69;70,07;2,61;361,01;14,74;17,63;61,54;0,66;13,68;14,11;49,09;24,96;7;7;85;66;1420,58;755,43;2;14,19;0,29;0,52;0,73;0,48;0;251,69;395,11;2,53;21,7;30,92;493,27
Carnaíba;PE;59,92;432,14;9991,23;74,49;60,78;44,48;76,31;59,97;88,86;72,83;79,12;50,39;52,86;60,78;31,69;52,73;65,1;28,39;96,97;936,63;144,99;18,88;3,83;52,1;45,73;68,66;27,5;47,17;96,41;88,13;98,81;12,41;0;13,41;12,07;0,58;3,67;8,38;14,47;5,75;1,55;69,2;5,76;40,31;95,87;68,62;2,09;433,94;17,14;8,94;92,49;6,15;3,54;3,75;49,3;27,01;8;0;116,5;23;853,07;472,03;4;15,6;0,29;1,93;0,18;0,98;0;174,46;59,76;0,4;28,63;40,28;543,14
Carnaubal;CE;59,45;363,22;9459,93;69,91;60,79;47,66;78,79;51,26;83,05;66,55;79,85;57,08;48,48;57,76;44,64;50,88;55,37;39,75;96,36;1298,68;151,4;9,1;3,77;73,83;0,84;39,1;27,06;1,61;93,29;92,15;99,15;29,85;5,76;11,62;29,05;0,42;1,25;7,58;21,23;5,64;0,55;88,52;11,4;52,31;88,04;70,58;2,95;438,47;21,41;11,62;85,71;0,18;1,54;2,32;55,08;17,55;8;9;296,25;76;419,68;617,25;3;14,92;0,3;1,94;0,55;0,33;8,06;299,64;219,57;0;56,63;76,68;485,23
Carnaubeira da Penha;PE;48,82;1004,25;6626,08;58,26;55,23;32,98;70,21;35,53;61,35;65,94;64,36;42,73;57,99;55,82;13,02;45,13;53,63;20,14;72,91;925,46;130,98;26,72;3,38;13,46;51,95;21,79;12,22;13,18;83,31;59,44;64,4;15,17;4,16;16,34;18,38;2,4;7,53;10,37;46,7;4,55;4,62;46,83;6,59;28,02;95,04;70,3;2,73;404,98;11,98;12,26;35,22;0;6,43;2,45;51,21;18;3;1;374;72,33;2377,24;1585,76;5;22,98;0,36;3,59;0,22;0;18,44;253,21;128,87;0;21,14;31,1;482
Carpina;PE;60,94;146,49;21124,37;72,24;67,47;43,11;70,11;71,32;93,67;53,87;78,66;69,56;57,52;64,14;22,9;54,36;69,36;25,84;87,17;764,65;180,02;14,14;5,6;86,6;3,49;98,16;45,61;88,51;93,32;87,98;99,17;81,09;1,9;29,51;7,57;1,17;0,22;4,42;16,43;4,54;2,97;99,88;12,76;90,74;94,04;73,36;2,56;493,66;15,61;5,99;68,07;5,01;1,44;0,25;49,62;10,27;6;0;116,8;60,17;970,48;378,88;3;12,52;0,28;3,61;0,27;0,99;0;75,64;38,94;3,45;27,38;31,55;529,08
Caruaru;PE;63,83;919,07;21692,73;76,45;66,39;48,65;77,35;84,78;94,61;49,05;73,62;69,79;57,14;65,02;48,24;59,48;42,7;44,17;89,76;675,12;168,42;13,33;3,03;82,09;83,26;99,74;34,75;87,4;95,43;90,21;99,26;86,93;5,2;41,26;17,62;0,9;2,22;8,93;24,15;4,67;5,27;99,57;13,8;90,53;94,16;72,96;2,21;456,64;20,26;5,66;80,52;6,02;1,64;0,08;42,08;40,66;11;9;124,72;63,76;1776,67;562,24;10;13,55;0,28;2,29;0,09;0,55;43,48;418,42;255,67;34,91;58,46;67,57;558,39
Casa Nova;BA;54,02;9647,07;11629,2;65,61;56,2;40,24;71,76;63,28;77,6;49,81;60,15;48,44;59,22;57,01;16,65;46,5;78,76;19,04;77,58;439,7;119,49;21,96;4,43;57,29;50,57;89;58,82;56,3;76,13;61,39;95,92;86,19;2,84;39,4;22,75;4,03;9,25;9,12;42,13;3,67;7,18;53,35;7,78;49,05;93,08;69,16;2,46;336,65;13,88;4,72;65,83;2,95;6,49;9,43;50,18;22,95;4;1;161;60,5;1434,14;1467,66;2;21,32;0,31;1,77;0,53;0,44;0;10,79;20,78;4,08;18,73;27,42;478,62
Cascavel;CE;58,02;838,12;14171,67;64,25;63,92;45,9;75,94;54,97;89,6;36,49;80,19;67,88;52,96;54,64;41,26;57,16;62,23;22,95;88,6;729,32;189,58;13,45;2,97;49,91;57,48;51,43;31,29;80,61;94,37;75,1;98,28;133,17;6,46;55,63;11,28;0,22;3,13;7,35;16,38;5,7;0,73;97,14;18,78;77,95;92,95;72,57;2,68;470,91;22,63;5,5;77,97;1,38;8,67;0,83;49,02;38,64;7;11;66;74,33;2239,03;857,2;8;13,42;0,28;0,49;0,15;0,89;0;143,18;85,25;17,21;26,53;31,08;509,15
Casinhas;PE;53;116,83;7581,15;56,26;58,57;44,16;80,78;23,55;83,83;36,88;80,7;46,61;51,74;55,24;22,6;44,65;83,26;26,14;91,63;812,5;118,09;13,25;2,89;18,27;23,53;19,48;59,1;22,73;90,78;87,04;98,61;88,41;15,31;57,07;6,17;0,32;0;3,6;25,2;5,03;0,37;100;3,25;14,18;77,14;68,25;2,61;374,67;18;11,57;75,3;0,09;1,91;0,77;52,6;48,94;5;4;119,33;56,43;4110,63;1563,68;1;17,24;0,34;0,24;0,44;0,4;0;33,69;0;0,46;27,12;39,65;494
Castro Alves;BA;54,76;713,79;12545,91;67,85;58,85;37,57;69,02;77,98;87,41;37,01;67,62;57,9;51,72;58,16;12,52;52,59;49,74;35,41;74,95;1595,6;165,86;17,11;4,33;78,59;71,59;87,44;34,11;65,32;90,74;83,09;95,51;125,99;7,69;40,47;12,14;1,17;5,42;6,57;37,35;4,3;12,25;85,18;5,56;63,5;92,36;71,46;3,3;414,6;21,32;4,86;67,1;3,36;16,2;0,81;44,07;20,35;3;0;143,67;68,33;1066,31;1479,4;3;14,47;0,29;2,9;0,55;0,83;185,19;227,71;193,41;0,57;45,97;61,24;480,37
Catarina;CE;57,86;488,15;16208,94;73,4;59,03;41,16;81,5;50,11;90,05;71,92;79,9;53,45;54,66;48,1;36,91;47,84;59,88;20,03;96,59;673,45;113,68;16,07;2,81;62,54;21,11;42,97;36,08;58,7;96,26;91,26;96,1;23,3;0;15,62;14,64;0,55;0,65;8,05;11,93;5,01;0,18;70,25;12,6;45,55;94,39;70,85;2,3;383,74;17,05;17,08;80,95;0,04;12,2;8,79;51,71;66,42;8;6;395,8;75,33;914,3;723,52;2;18,37;0,3;0,48;0,67;0,48;0;377,72;284,81;0,69;24,16;31,49;467,05
Catende;PE;57,58;208,59;10913,73;70,13;60,64;41,99;70,82;77,27;92,24;40,17;71,57;60,55;47,74;62,69;34,97;48,7;69,5;14,79;71,97;826,13;202,9;13,27;3,27;83,31;91,38;86,85;63,48;76,22;96,96;87,88;97,29;121,2;7,46;46,65;11,2;2,08;0,78;8,75;28,62;4,09;3,08;97,96;1,16;68,85;92,2;70,59;3,43;552,76;16,57;3,89;71;2,49;1,56;0;47,63;19,3;6;8;57,5;74,33;1394,76;639,9;3;21,41;0,29;0,75;0;0,92;0;52,52;39,57;1,49;13,55;13,78;510,85
Catolândia;BA;55,37;702,5;22890,89;77,23;54,14;34,73;74,14;76,7;82,02;76,05;58,66;50,31;63,34;44,27;5,45;43,5;72,96;17,03;96,79;401,04;94,09;26,25;5,27;73,91;98,63;68,97;23,64;31,99;95,85;76,74;93,34;0;0;21,84;9,71;0,93;12,47;14,75;41,87;4,18;12,02;58,04;3,88;61,69;90,68;72,13;2,35;225,48;16,03;7,28;91,26;5,77;58,6;131,04;51,83;22,38;1;0;183;76;2651,79;2053,77;1;16,67;0,35;0;0,44;0,91;0;30,27;57,74;0;25,49;29,82;458,09
Catu;BA;60,72;426,95;13966,61;73,5;60,38;48,29;73,03;78,84;90,44;51,67;63,59;62,66;57,16;58,12;36,81;55,46;69,75;31,15;89,67;902,65;168,02;18,91;4,02;84,81;81,93;97,19;67,4;78,46;91,62;85,1;97,07;91,12;4,68;34,86;12,46;1,13;6,5;10,38;45,05;4,2;11,45;92,47;6,26;77,29;92,43;73,86;2,76;412,5;20,61;4,98;75,72;2,67;4,75;0;50,48;22,95;5;12;74;86,5;2713,86;1383,86;5;14,3;0,26;0,52;0,15;0,98;0;103,68;19,9;0,91;37,72;39,93;524,79
Catunda;CE;56,87;784,02;10437,2;72,46;57,49;40,64;76,22;49,79;91,79;72,05;83,45;47,93;49,81;48,78;12,34;48,45;81,17;20,63;81,23;770,83;95,74;14,95;4,26;60,92;3,17;46,55;25,25;65,12;96,61;90,75;98,5;40,1;0;15,32;19,15;0,07;1,93;8,58;12,45;6,73;0,97;67,39;11,76;46,72;75,33;67,99;2,43;404,31;20,07;15,32;70,83;0,87;5,42;65,11;57,36;33,72;2;0;128,75;75,4;664,32;855,04;2;19,27;0,29;1,12;0,44;0,5;0;62,31;0;0;26,6;37,76;457,92
Caturama;BA;57,59;716,26;8648,75;74,4;57,58;40,81;68,99;59,69;88,54;80,36;70,15;39;66,39;54,78;11,1;52,87;86,43;12,82;84,67;1059,46;116,4;29,9;4,92;55,09;58,32;56,83;25,21;38,14;93,92;95,58;98,33;0;0;11,31;16,97;2,77;4,75;4,85;37,63;4,4;3,17;66,39;0,1;21,65;75,59;71,22;1,6;321,39;11,77;16,97;35,41;0,93;7,67;9,05;52,68;17,15;1;3;93;80;2118,6;2277,66;2;11,91;0,29;2,25;0;0,59;0;7,67;0;0;6,88;8,5;492,9
Caucaia;CE;56,62;1223,25;27920,04;63,08;64,33;42,46;76,26;62,62;83,52;29,93;72,91;69,79;53,3;61,31;30,3;58,2;55,8;25,56;74,88;650,78;117,49;14,58;3,18;69,23;56,85;63,69;46,99;79,42;79;68,39;97,22;138,71;12,82;57,75;7,87;1,85;3,17;9;24,35;4,67;2,37;98,8;15,26;88,29;94,89;73,48;2,67;412,82;28,19;5,17;81,87;3,26;0,9;1,38;54,71;11,38;6;4;192,75;56,06;1147,75;532,82;9;13,64;0,3;4,81;0,52;0,72;6,38;104,61;90,96;46,72;31,51;38,81;501,9
Cedro;CE;56,3;729,97;10985,56;64,32;59,35;45,22;71,78;58,36;91,37;35,77;73,95;62,61;47,9;52,95;27,45;51,35;74,24;27,84;95,46;3165,03;147,54;16,95;4,74;81,43;15,47;50,99;35,89;62,73;97,37;91,03;97,55;100,9;11,02;40,28;26,85;0,45;1,73;7,3;38,68;5,14;5,23;95,59;15,23;56,75;95,12;70,18;3,01;467,89;17,44;15,22;80;0,47;7;10,29;49,3;50,3;1;8;78;66;723,59;558,33;3;17,59;0,28;1,43;0,91;0,69;;42,33;42,49;3,34;35,8;45,67;489,93
Cedro;PE;58,93;148,75;11647,43;76,9;59,98;39,92;78,09;65,33;94,15;70,04;72,23;59;53,54;55,16;7,46;52,23;64,63;35,37;100;983,17;119,5;21,03;3,62;60,77;61,29;80,25;48,28;72,23;97,77;95,16;98,76;26,15;6,31;6,34;17,11;2,42;4,47;7,45;22,85;4,41;1,9;92,44;1,49;66,09;92,96;68;2,08;407,73;14,31;11,41;92,86;0,59;3,45;4,75;50,36;47;2;0;55,5;87;2680,06;1072,49;3;16,04;0,27;0,83;0,67;0,74;0;265;89,29;0,67;48,01;63,47;484,94
Central;BA;55,73;566,97;9238,12;71,01;56,55;39,62;66,46;72,06;89,09;56,43;61,43;56,54;52,77;55,46;16,91;49,1;77,28;15,18;73;1106,43;140,45;17,76;6,12;89,41;4,12;88,47;30,6;66,43;94,74;84,67;95,87;56,23;3,1;23,24;19,57;3,62;9,75;8,85;39,17;3,87;7,47;87,72;2,67;56,08;94,22;68,65;2,56;380,07;15,86;14,68;69,85;0,59;3,55;4,89;56,48;14,04;6;0;73;84,5;1409,04;1212,21;3;21,12;0,28;0,78;0,55;0;0;15,48;24,47;0;9,96;11,03;525,19
Chã de Alegria;PE;54,72;49,33;12628,33;64,62;62,63;36,91;73,13;62,83;87,85;34,65;76,15;59,04;52,82;62,49;20,36;47,71;65,55;14,03;79,01;750,14;180,41;13,77;3,47;62,87;43,71;69,83;32,7;65,85;87,12;84,95;97,84;106,66;11,22;46,22;7,7;1,72;0,02;5,65;18,43;4,04;1,97;100;1,29;60,11;91,32;70,69;3,12;463,84;12,48;2,57;92,92;0,1;1,31;0,77;48,82;6,48;6;0;56,5;72;1032,03;540,53;2;19,62;0,31;2,71;0,22;0,57;;62,85;181,22;1,04;12,96;15,82;490,82
Chã Grande;PE;56,89;84,79;11921,73;67,13;64,32;39,23;75,4;60,45;79,07;53,59;70,49;64,93;57,16;64,72;16,69;50,58;61,81;27,83;79,13;897,11;184,7;10,6;2,74;55,61;61,35;65,78;40,28;50,05;77,74;69,55;95,96;61,03;2,41;30,18;6,81;4,45;0,98;5,05;23,3;3,71;4,22;98,05;16,73;67,16;91,74;73,18;2,57;508,24;15,05;4,87;70,3;1;1,29;0,97;45,05;8,22;5;0;128;71,5;1642,2;886,01;5;17,66;0,3;0,6;0,73;0,31;0;392,65;138,07;1,03;31,62;43,25;502
Chaval;CE;57,92;237,25;8678,12;69,21;59,78;44,77;75,21;56,84;83,65;61,13;74,48;55,95;47,55;61,12;14,37;49,6;73,79;41,32;92,46;790,25;204,53;11,94;3,5;66,5;20,62;56,66;29,81;74,63;93,51;56,53;96,49;63,07;0;25,68;19,26;0,33;5,45;8,97;27,4;5,2;1,73;89,7;3,19;50,66;93,87;67,97;2,53;429,9;21,28;12,84;85,52;0,93;1,59;6,42;50,19;10,47;3;0;151;59;1327,89;842,24;3;15,19;0,32;2,59;0,89;0,71;;52,2;42,63;0,5;59,89;75,71;480,32
Choró;CE;50,02;815,27;14563,46;49,88;59,87;40,31;82,47;31,3;72,25;13,49;76;51,88;55,41;56,19;21,43;48,87;68,02;22,94;93,34;859,25;81,5;16,04;2,77;30,39;0,92;22,1;24,3;1,25;83,76;64,74;93,88;203,79;25,2;67,7;18,16;0,48;2,3;10,1;21,83;4,92;0,22;65,64;1,22;63,88;91,41;71,65;2,23;304,98;26,28;13,21;81,97;0,21;4,66;23,12;51,03;15,4;6;0;169,33;56,55;1082,59;760,01;3;17,37;0,3;0,34;0,89;0,65;;100,81;134,17;1,63;27,58;39,65;476,51
Chorozinho;CE;52,99;296,43;12626,93;55,96;61,95;41,06;82,35;45,28;86,58;9,64;75,54;62,31;53,69;56,26;20,62;51,33;69,44;22,84;94,86;745,63;136,54;13,8;1,98;52,09;24,84;32,59;27,91;50,49;93,02;80,2;98,72;162,67;24,85;80,35;14,88;1,08;2,72;8,43;29,8;5,41;1,3;98,88;3,61;68,94;95,23;69,53;3,09;398,17;14,64;3,97;74,25;2,6;3,22;0,5;50,65;49,08;2;5;99;68,5;1675,18;857,38;3;14,26;0,29;0,73;0,18;0;0;45,73;48,86;1,65;31,96;36,96;472,79
Chorrochó;BA;51,71;3005,32;9723,13;62,62;58,07;34,45;69,03;60,54;66,32;54,57;68,75;46,33;56,57;60,61;14,01;43,68;65,46;14,67;65,15;260,85;139,29;20,32;4,28;52,31;59,64;61,12;23,76;48,32;75,33;74,68;61,42;64,9;6,38;24,58;32,14;1,73;4,47;5,73;42,05;4,21;6,28;58,14;14,16;44,09;76,65;71,74;2,35;382,93;21,74;7,56;73,8;0,7;6,35;0,95;42,63;18,77;4;0;193;59;2943,17;1179,07;2;22,44;0,33;0;0,67;0,98;0;99,48;260,6;1,47;18,82;27,27;455,83
Cícero Dantas;BA;54,89;817,02;12488,95;66,01;54,8;43,87;70,84;69,62;89,07;34,5;62,48;55,12;50,38;51,21;11,49;52,13;88,63;23,22;83,84;958,27;134,49;26,33;4,13;74,61;63,97;68,08;32,38;60,29;92,85;86,1;98,4;127,33;7,98;46,59;16,82;3,35;10,9;8,75;41,47;4,23;5,05;68,14;10,66;61,21;92,59;67,73;2,93;349,61;17,15;10,35;82,61;3,59;7,94;0,97;53,95;60,92;1;0;124,5;40,17;1849,28;856,71;4;16,79;0,28;0,93;0,31;0,73;0;6,38;0;0,68;27,59;32,26;508,93
Cipó;BA;57,01;168,33;8775,98;68,86;57,59;44,58;70,36;61,23;86,92;56,92;57,77;59,44;56,38;56,75;20,92;51,52;78,4;27,47;83,28;1100,91;158,04;21,85;4,3;66,71;14,04;72,96;28,46;62,47;89,79;77,39;99,34;54,59;3,78;22,05;15,09;7,42;6,93;8,55;46,67;3,93;6,7;96,32;0,95;68,96;89,48;69,62;2,48;406,15;14,99;7,25;64,64;2,54;4,38;0;50,02;39,52;8;0;64;83;1156,68;1435,63;4;14,64;0,3;1,23;0,36;0,96;0;14,16;15,65;2,69;32,67;45,79;494,09
Coaraci;BA;54,84;274,5;10896,84;68,03;53,65;42,84;64,62;89,33;95,31;22,85;55,79;60,81;40,88;57,1;16,11;47,82;64,9;42,53;80,8;802,79;186,66;17,24;6,8;91,58;97,03;89,35;21,82;91,85;96,28;91,54;98,15;208,57;5,51;72,62;8,08;8,6;8,57;8,1;44,13;3,88;7,85;88,49;2,43;76,06;94,47;70,69;3,97;460,05;26,02;12,98;75,9;1,61;2,96;0;54,96;17,91;3;4;56,5;85;2486;2488,8;2;23,21;0,28;1,39;0,55;0,88;47,17;39,69;21,65;4,79;57,91;71,25;533,28
Cocos;BA;55,43;10140,57;28458,3;71,61;50,06;44,61;71,95;64,67;80,18;69,64;60,05;44,35;65,95;29,89;18,16;48,27;88,2;23,8;81,14;2507,62;110,39;16,72;4,59;53,93;12,35;100;30,27;48,87;85,68;76,98;89,36;17,54;3,56;7,31;21,93;2,8;10,98;13,08;42,95;4,43;7,53;56,54;0,43;41,38;89,24;73,28;2,19;297,62;11,59;9,4;73,45;2,14;181,24;303,38;52,73;15,3;1;6;158;67;4205,65;1349,79;1;15,44;0,31;1,8;0,36;0,7;0;0;17,76;1,13;30,8;39,9;473,61
Conceição da Feira;BA;55,38;164,8;17619,43;63,12;58,42;44,58;71,74;70,16;85,16;25,42;60,31;62,72;54,13;56,52;36;53,1;66,81;22,43;71,08;447,73;156,73;17,86;3,46;85,79;27,56;82,28;43,88;75,71;92,97;89,91;80,25;178,03;6,86;66,35;8,65;2,13;7,55;9,68;47,87;3,77;12,82;98,94;0,21;79,7;92,2;70,93;3,32;381,78;18,35;6,01;51,56;1,96;3,98;1,44;54,27;20,23;5;9;114;47;1720,95;1094,62;6;14,19;0,3;0,69;0,36;0,89;0;107,89;76,5;2,01;27,8;31,31;476,88
Conceição do Almeida;BA;53,93;284,84;12464,4;64,69;60,63;36,46;67,47;52,72;84,02;54,54;63,81;63,34;56,51;58,87;16,65;48,83;62,96;17,42;97,06;1282,68;185,48;31,63;4,69;46,49;41,22;57,18;32,92;59,66;86,2;74,96;96,59;78,74;6,06;27,86;25,33;3,85;8,72;6,97;37,38;3,56;2,67;93,68;6,13;90,96;83,1;73,31;2,52;453,15;24,01;8,86;39,76;2,6;7,6;0;48,87;10,01;5;0;95;60;2161;951,17;3;16,54;0,31;0,53;0,55;0,71;0;237,4;149,28;0,88;18,48;23,81;486,73
Conceição do Coité;BA;55,46;1015,25;12494,96;67,6;60,51;38,26;68,59;67,88;92,17;41,76;65,99;59,83;54,63;61,6;15,56;55,06;57,59;24,82;79,08;2161,61;175,09;12,71;5,06;77,06;30,29;82,34;42,18;73,22;94,46;88,13;99,7;118,9;6,44;42,76;13,86;2,7;6,73;6,48;37,78;3,95;6,88;80,98;6,98;72,09;95,12;70,14;2,69;395,54;17,56;5,6;77,26;4,15;2,4;0,15;45,49;38,71;4;0;141,4;56,8;2301,19;789,69;6;15,71;0,28;1,33;0,53;0,8;61,07;113,96;72,88;0,59;23,63;29,4;531,67
Conceição do Jacuípe;BA;54,02;114,87;74348;63,56;61,08;37,42;74,01;54,18;91,5;34,56;60,71;64,8;55,24;63,59;11,88;52,8;54,39;30,61;92,05;621,34;154,21;13,45;5,15;58,9;17,68;58,66;30,78;91,9;94,52;89,82;90,32;113,44;10,8;46,45;12,46;4,2;8,28;9,37;42,53;4,06;8,72;99,85;19,36;71,3;83,01;72,93;2,64;353,49;23,17;7,93;93,54;8,85;3,85;0,57;49,28;13,63;0;3;91,5;66,67;3184,8;705,03;5;13,07;0,3;0,67;0,15;0;34,25;145,77;103,53;0,54;35,45;41,24;537,58
Condado;PE;55,34;89,64;9957,32;64,75;61,65;39,61;76,49;39,44;92,44;50,63;74,07;63,34;42,9;66,31;22,04;47,46;68,35;20,57;90;753,54;178,51;12,96;3,2;41,36;0,63;51,83;51,86;91,68;90,68;84,82;98,53;85,48;1,95;37,42;14,64;0,6;0,4;6,57;29,98;3,99;3,55;100;2,56;76,12;93,72;67,79;3,31;483,81;22,81;3,05;95;2,31;1,12;0,81;43,53;9,8;7;0;75,5;72,67;1069,36;634,91;3;18,23;0,32;0,26;0,55;0,61;0;73,24;90,78;2,59;22,63;32,13;498,5
Conde;BA;53,44;931,11;11911,2;66,87;56,4;37,05;72,19;60,14;73,25;61,89;59,75;55,29;54,7;55,86;13,2;42,3;71,5;21,22;67,7;460,25;159,95;14,28;3,38;59,7;33,86;68,7;30,92;58,49;74,75;54,04;89,05;38,5;2,79;26,21;17,97;0,95;12,88;8,18;60,33;3,63;4,98;80,86;2,93;61,11;91,16;67,31;2,15;348,39;17,5;5,28;89,96;10,99;10,36;0,85;55,28;40,24;6;0;57,5;90;3556,25;2253,98;2;17,26;0,38;0,99;0;0,77;0;30,15;39,59;0,63;22,98;29,67;484,73
Condeúba;BA;51,82;1348,04;9806,77;68,87;51,47;35,13;73,95;59,13;79,79;62,61;46,82;44,47;65,28;49,32;12,34;50,32;48,15;29,69;94,89;1053,39;106,45;11,04;6,81;44;89,45;50,58;23,29;35,52;87,15;67;98,07;29,27;7,71;10,56;11,73;18,15;10,28;8,6;44,68;5,14;7,66;54,73;7,02;45,39;80,09;72,32;1,76;326,02;17,76;3,52;70,32;1,95;20,19;21,11;53,6;33,98;2;3;132,5;82;3248,03;2195,51;3;12,14;0,32;1,51;0,55;0,36;;175,72;216,22;1,21;32,26;40,76;520,05
Contendas do Sincorá;BA;55,35;977,46;11391,69;74,68;50,93;40,46;76,07;56,13;92,91;73,6;38,18;60,6;49,31;55,61;8,85;54,45;67,4;31,12;96,29;221,57;124,08;24,44;3,96;64,15;10,97;63,12;32;66,33;95,79;94,34;99,41;26,97;0;11,54;18,46;20,78;7,2;12,47;52,37;4,05;10,64;47,28;30,66;81,33;92,47;66,7;2,31;366,1;20,47;15,39;79,06;2,45;10,59;18,46;46,55;32,33;1;0;90,5;59;2487,81;780,39;3;12,8;0,28;3,23;0,22;0;0;65,39;69,64;1,45;33,38;45,97;479,44
Coração de Maria;BA;55,26;378,42;8069,17;64,65;62,16;38,96;72,9;42,77;85,1;57,83;61,93;60,45;61,52;64,75;9,55;52,27;72,01;22;85,97;1452,73;153,16;11,58;4,91;38,52;21,46;43,78;32,14;36,43;97,54;79,31;97,19;73,59;0;33,72;8,24;2,3;7,82;6,87;46,98;3,56;10,6;97,55;13,18;50,46;92,43;70,74;2,02;319,45;15,46;7,49;78,74;1,79;2,82;0;39,59;21,89;3;0;68;90,5;1788,04;1400,59;4;14,68;0,29;1,03;0;0;0;23,1;33,26;1,77;24,31;33,46;479,48
Cordeiros;BA;56,24;523,64;9182,87;69,08;57,47;42,16;75,27;53,48;86,04;61,51;71,72;40,37;61,19;56,61;20,34;52,49;63,26;32,54;98,75;1070,98;115,32;7,11;6,96;68,76;2,6;53,95;32,37;23,74;95,98;90,88;98,22;23;13;13,25;13,25;2,05;5,05;10,12;26,53;5,33;4,28;51,46;1,2;54,01;67,01;70,77;1,63;333,07;18,15;13,25;68,11;4,97;11,82;23,85;46,75;28,7;4;5;132,5;82;3248,03;2195,51;2;10,89;0,3;2,43;0,44;0,36;;280,81;81,43;0;37,2;50,2;506,18
Coreaú;CE;56,06;750,33;10576,23;68,73;58,33;41,13;77,83;59,2;88,09;49,78;79,33;52,82;48,76;52,38;34,68;51,35;50,24;28,24;92,05;717,34;134,9;9,36;4,48;74,84;52,13;46,85;43,37;63,94;95,93;78,49;97,04;65,03;2,36;36,27;33,41;0,07;4,75;10,53;13,65;6,42;2,83;89,65;3,94;41,7;87,93;70,5;3,59;435,86;15,9;7,16;85,99;0;4,1;28,64;58,56;14,84;3;10;113,5;55;954,28;962;2;15,45;0,28;0,84;0,67;0,63;2500;100,25;53,08;5,28;38,49;49,3;492,49
Coribe;BA;55,47;2662,82;11776,16;73,92;56,58;35,91;72,01;67,07;84,84;71,73;71,33;46,18;64,54;44,28;6,62;49,2;64,45;23,37;83,72;4089,07;109,48;8,87;5,17;71,25;8,52;98,72;44,87;58,16;79;90,16;94,99;26,43;0;16,08;18,58;0,82;8,58;6,22;34,13;4,58;1,28;58,47;0,23;45,76;91,41;73,44;2,49;277,85;15,32;7,15;68,3;1,09;46,99;56,47;55,46;24,27;2;0;79;90;2727,57;1491,03;2;18,89;0,29;1,46;0;0,92;0;111,26;95,42;0,73;29,58;41,27;480,93
Coronel João Sá;BA;57,86;797,43;10034,41;73,75;52,87;46,95;76,81;59,38;85,75;73,04;53,71;52,08;55,91;49,77;25,47;49,88;90,72;21,75;95,3;569,31;105,77;20,99;4,32;53,73;60,95;58,12;28,89;51,88;89,23;81,58;97,82;28,16;0;12,9;11,73;5,08;11,5;12,7;51,88;3,73;8,77;73,58;7,66;53,93;85,19;67,96;2,1;330,68;15,26;11,73;84,69;4,91;14,58;2,93;57,27;45,99;4;7;79;70,25;2926,73;1626,25;4;17,81;0,3;0,48;0,91;0,84;0;9,02;0;0,35;31,78;37,41;468,76
Correntes;PE;59,78;317,79;10952,31;69,14;59,54;50,66;66,5;68,01;91,81;50,22;72,56;55,78;55,67;54,16;18,25;46,55;92,04;45,8;64,49;620,59;127,7;27,14;4,42;67,92;62,47;78,12;44,56;67,71;96,15;93,34;96,4;52,27;11,7;24,52;8,76;1,23;0,45;6,42;36,15;3,96;2,53;92,64;1,35;46,93;95,78;68,57;2,15;405,33;13,66;7;89,45;0,33;6,19;0,58;51,55;35,64;4;0;88,5;58,33;921,3;492,12;2;18,56;0,32;0,36;0,55;0,75;0;2,92;0;2;70,57;83,58;492,09
Correntina;BA;54,52;11504,31;96668,23;67,39;56,03;40,15;74,47;60,57;85,6;48,93;63,27;53,57;64,47;42,81;24,01;50,52;54,24;31,81;90,91;1381,37;88,25;13,21;6,14;63,61;3,1;67,87;7,74;47,25;89,47;87,67;95,19;68,13;3,71;35,12;57,92;2,98;8,63;9,6;38,48;4,08;6,45;55,93;4,61;77,45;91,79;72,5;2,29;203,99;17,56;6,93;87,5;1,86;120,7;54,84;50,25;37,19;10;0;108,5;57,5;5155,08;2983,68;4;15,66;0,31;0,75;0,46;0,83;30,86;261,99;117,26;2,42;42,4;49,9;507,46
Cortês;PE;58,18;103,42;11642,79;70,46;58,35;45,72;65,91;79,63;85,55;50,76;76,04;54,25;41,92;61,2;28,51;49,21;79,12;26,03;56,8;1535,93;221,24;14,56;2,94;74,07;70,87;86,23;13,43;63,27;86,06;83,92;94,02;84,18;0;50,99;4,9;1,48;0;6,18;23;4,4;2,52;92,86;0,62;42,34;94,17;67,42;3,69;589,03;16,57;0;80,47;1,52;1,85;1,96;48,18;21,35;6;5;112;86,5;1285,71;731,59;3;18,21;0,3;1,42;0,22;0,5;0;79,98;0;0;27,05;35,91;482,86
Cotegipe;BA;53,52;4282,77;12812,05;69,32;51,97;39,27;69,58;55,5;79,53;72,68;65,94;40,94;60,49;40,49;17,19;47,56;80,04;12,3;94,54;247,28;134,84;25,62;6,26;66,08;1;55,92;18;48,37;90,57;63,97;92,35;16,98;0;13,78;9,19;1,82;6,67;9,6;37,53;4,03;5,45;41,55;3,85;46,72;80,97;69,77;2,25;346,86;11,49;7,66;72,42;1,81;117,91;82,68;52,76;34,04;5;0;195,5;48,5;1723,85;1725,76;3;20,5;0,31;1,09;0,89;0,56;0;11,79;29,43;0;11,82;14,55;480,48
Crateús;CE;58,4;2981,46;12023,75;74,99;61,65;38,57;75,86;66,78;92,4;64,91;77,24;59,63;57,08;52,67;18,75;52,02;52,88;30,62;84,67;1034,15;128,19;15,54;3,7;65,48;95,44;56,34;37,65;73,95;96,44;88,63;98,4;40,57;5,1;18,85;22,78;0,4;2,78;8,35;24,23;5,44;1,8;82,95;14,88;63,95;89,46;72,24;2,56;405,53;16,52;11,78;66,3;1,2;8,82;25,79;52,47;27,21;5;0;78,33;71;838,54;614,01;3;14,34;0,29;0,94;0,4;0,98;25,78;238,14;185,19;7,39;35,96;45,13;526,66
Crato;CE;63,94;1138,15;13638,3;74,43;65,57;51,81;73,92;76,83;93,28;53,7;75,46;70;59,43;57,41;44,02;57,77;66,03;39,41;78,12;774,59;130,4;14,42;4,19;87,68;44,95;97,2;51,76;86,1;96,01;89,86;96,01;77,34;3,46;29,91;16,02;0,73;2,98;7,65;25,58;5,08;3,58;96,6;23,22;79,77;94,9;74,3;2,48;404,91;17,47;10,07;74,84;1,78;3,49;3,28;53,41;17,61;9;8;113,86;60,63;787,58;585,81;7;13,53;0,27;2,61;0,32;0,66;0;173,8;14,53;22,81;55,02;65,88;524,54
Cravolândia;BA;55,17;182,59;10244,6;71,05;55,38;39,07;59,9;63,79;88,66;71,84;65,17;53,08;55,81;47,48;29,36;50,59;50,06;26,25;65,65;5372,45;159,57;31,85;3,86;58,39;67,04;63,64;28,36;75,26;87,13;88,33;94,63;0;14,97;7,55;0;3,27;7,25;7,48;45,78;4,51;4,75;89,26;3,56;32,33;97,37;70,88;2,34;340,81;21,04;13,59;70,47;0,35;33,35;2,27;54,67;31,33;8;5;81,5;79;2506,68;1588,36;3;15,64;0,3;1,12;0,44;0;833,33;134,77;57,92;0;31,04;43,84;471,75
Crisópolis;BA;55,75;636,61;10206,4;68,4;57,91;40,92;73,81;48,92;90,45;60,43;63,61;53,61;61,04;53,39;10,11;52,65;75,86;25,07;75,62;826,36;121,88;16,46;3,87;57,18;2,62;43,33;16,78;50,31;95,82;93,24;99,21;54,53;0;27,37;16,22;1,98;12,02;11,27;39,68;4,44;2,73;72,23;2,12;67,36;88,33;70,87;2,77;293,64;16,5;7,1;40,2;3,8;6,41;0,51;52,8;53,36;3;0;45,5;93;1072,33;1495,01;2;16,81;0,3;8,79;0,36;0,8;0;15,25;38,84;0,7;31,2;38,5;506,98
Cristópolis;BA;54,81;1052,84;10954,61;67,73;56,32;40,39;71,87;55,17;79,87;63,99;63,21;44,57;64,45;53,06;8,41;50,33;74,97;27,85;94,35;4652,72;104,79;15,47;5,17;87,28;4,07;32,38;22,52;35,96;95,1;59,25;97,38;10,33;4,89;17,87;37,16;2,33;10,47;11,6;37,65;4,39;5,35;71,76;3,43;39,95;73,73;70,93;2,15;285,82;13,8;8,93;51,79;2,64;17,67;20,01;50,51;21,84;1;0;112,92;58,67;1807,19;1277,79;3;14,75;0,3;0,07;0,44;0,42;0;14,68;59,47;0;28,69;36,48;494,81
Croatá;CE;58,39;696,35;12554,86;72,62;60,71;41,84;75,29;58,79;93,05;63,35;77,69;53,61;53,21;58,34;16,79;51,87;72,35;26,33;95,36;1112,46;157,9;17,29;3,95;95,6;22,59;30,21;30,95;81,68;94,73;88,53;98,65;39,76;6,85;19,45;30,89;0,1;3,22;10;20,38;5,67;1,77;84,88;1,55;51,84;90,09;70,58;2,69;428,78;18,44;8,58;73,26;0,26;1,94;4;52,17;20,69;4;0;71;73;491,6;842,46;3;16,05;0,28;1,36;0,91;0,69;0;61,69;61,16;0;34,65;44,59;487,25
Cruz;CE;56,2;335,92;11787,06;67,8;62,45;38,34;82,52;45,3;88,16;55,24;82,81;54,78;57,42;54,77;12,05;54,37;62,2;24,73;99,44;925,23;136,39;12,33;2,48;70,52;0,64;31,57;40,5;69,02;91,32;78,44;98,62;59,58;6,63;22,95;40,99;0;2,58;11,07;10,78;7,17;2,13;98,82;0,4;39,33;93,52;70,13;2,29;393,76;19,13;5,88;57,97;0,77;3,62;2,35;51,76;44,79;3;0;125,5;76,67;1486,97;1039,45;5;11,55;0,3;1,96;0,36;0,92;0;196,31;178,57;2,67;30,84;41,53;483,28
Cruz das Almas;BA;59,83;139,12;16613,38;72,52;65,82;41,15;71,59;82,52;91,34;44,62;66,9;68,9;57,26;70,23;9,91;54,47;50,46;49,78;83,35;655,86;158,2;13,55;5,25;84,91;79,26;90,38;32,95;85,97;87,55;85,82;99,17;127,74;3,88;35,79;13,26;3,18;2,75;5,82;37,9;4,08;10,75;99,99;14,61;90,5;89,3;72,74;2,33;374,41;22,98;8,62;75,08;5,39;1,46;0,17;37,7;11,79;3;0;106;68,33;2747,55;1734,79;4;11,7;0,29;3,16;0,4;0,69;166,67;160,7;164,45;3,38;78,54;81,41;535,96
Cumaru;PE;57,01;291,43;6771,94;67,79;61,69;41,55;73,37;38,71;85,91;73,18;75,91;56,05;53,61;61,2;36,43;48,54;70,22;11;93,52;1276,43;209,94;15,06;3,56;18,04;9,38;61,51;35,32;50,14;91,04;82,97;96,75;35,07;0;12,56;20,1;1,58;0,45;5,05;24,88;4,22;1,38;87,44;10,53;41,83;94,53;68,18;2,16;408,56;15,44;8,79;92,19;1,42;2,85;1,26;40,73;47,04;8;7;35;87;1884,67;401,21;2;17,75;0,3;0,39;0;0,96;0;39,84;45,5;1,21;4,51;4,25;506,67
Cupira;PE;58,09;95,15;11754,5;71,22;63,13;39,91;73,27;86,82;95,95;28,85;75,99;62,33;47,92;66,27;11,76;52,73;69,96;25,21;93,32;783,69;206,02;13,78;4,15;84,11;86,88;100;30,95;86,3;97,07;94,98;99,15;142,23;13,39;60,38;11,06;0,5;1,32;8,62;23,35;5;4,27;100;9,45;63,27;91,75;70,8;3,4;493,32;18,23;7,65;75;5,8;2,09;0;44,57;10,76;4;0;114;88;1819,13;1568,47;4;14,42;0,29;0,78;0,55;0,64;0;80,32;44,09;2,81;27,66;33,93;527,28
Curaçá;BA;53,85;5950,61;9933,49;70,55;55,29;35,72;77,25;68,23;78,24;58,49;62,81;44,12;57,39;56,86;12,48;47,94;65,4;17,06;87,71;451,12;114,03;16,26;3,94;72,75;67,55;86,62;71,97;50,98;80,02;68,32;92,62;30,33;7,47;34,52;22,82;3,48;6,48;10,63;40,12;4,07;6,67;39,31;4,68;49;92,69;71,68;2,4;349,11;21,62;5,85;80,37;0,35;5,37;1,17;48,2;30,1;4;0;156;75;2795,83;1273,75;4;22,34;0,3;0,96;0,77;0,77;8,74;86,05;46,77;1,66;17,18;23,98;482,8
Custódia;PE;55,7;1382,06;15181,97;70,34;60,59;36,18;77,62;52,6;88,29;62,85;76,29;55,34;54,68;56,05;24,06;48,06;51,41;21,18;95,66;820,94;127,47;14,04;4,36;39,9;65,32;59,9;46,67;40,78;96,16;90,55;98,24;35,17;3,89;23,87;20,69;0,28;1,13;10,03;18,63;5,31;6,9;78,09;5,65;57,58;93,44;67,33;1,99;363,05;18,87;6,37;83,67;6,44;10,62;4,24;52,47;26,61;9;0;78,33;69,75;2185,12;847,8;2;17;0,32;2,57;0,18;0,56;95,24;151,52;127,24;4,06;20,86;26,84;525,96
Dário Meira;BA;50,95;413,64;11453,2;65,51;49,69;37,64;68,78;65,33;89,11;38,83;64,85;26,62;55,1;52,2;16,3;44,08;60;30,17;73,13;602,44;161,15;24,67;3,77;69,58;83,93;44,8;23,44;74,72;93,75;83,19;94,58;110,12;4,8;49,92;9,24;4,77;8,07;6,83;32,32;4;3,65;72;0,27;26,35;17,63;71,27;2,98;395,86;19,2;6,93;53,36;0,03;9,39;0;53,74;30,23;3;3;162;88,5;1132,86;2909,4;1;23,69;0,31;0;0;0,94;0;118,96;461,62;0;36,98;44,42;494,77
Deputado Irapuan Pinheiro;CE;57,08;471,13;11079,31;75,35;57,63;38,27;82,92;64,45;88,74;65,29;83,81;50,15;47,3;49,26;19,18;52,82;60,15;20,92;98,39;1045,66;135,82;14,02;1,89;85,63;2,37;80,12;49,5;54,53;95,9;85,07;98,1;36,63;5,6;17,91;20,15;0,18;3,33;8,17;12,05;7,03;0,5;86,76;3,12;40,69;81,84;69,52;2,79;451,95;18,79;19,59;75,58;0,2;14,37;3,36;52,58;49,79;6;0;201;78,67;1006,07;1016,76;4;14,23;0,29;0,65;0;0,31;;116,49;358,17;0;27,22;32,8;476,2
Dias d'Ávila;BA;55,06;183,76;40940,4;62,95;62,05;40,17;72,24;73,79;90,44;15,34;62,31;66,17;53,96;65,78;14,68;55,62;61,28;29,09;81,31;435,69;165,09;15,81;4,36;79,84;85,74;83,19;64,75;91,96;81,68;85,72;98,76;225,25;9,7;81,7;3,64;2;6,73;9,65;45,32;4,07;12,13;98,82;9,83;79,06;94,7;73,66;3,39;385,05;25,26;3,5;60,02;5,59;1,87;0;43,84;20,24;5;0;149;65,67;2258,26;1821,35;6;13,13;0,28;1,78;0,13;0,86;17,54;68,42;51,12;1,58;37,52;42,98;510,37
Dom Basílio;BA;58,9;689,52;11645,28;76,04;57,08;43,57;81,63;60,41;86,39;75,74;65,97;43,49;62,94;55,91;30,2;53,33;65,66;25,1;91,39;601,36;116,45;3,99;4,04;61,47;1,81;76,47;18,31;58,28;95,64;70,97;99,3;9,76;0;6,31;23,14;4,15;7,33;6,4;44,25;4,97;5,32;44,79;5,18;47,71;85,62;71,97;1,71;382,39;17,88;5,61;67,28;1,37;5,32;10,94;53,35;15,03;5;7;267,6;44,8;4070,7;1649,97;3;9,74;0,3;1,03;0,22;0,68;0;65,3;175,64;0,66;32,54;41,07;504,62
Dom Macedo Costa;BA;59,94;94,78;9487,24;75,13;60;44,7;70,83;67,26;85,89;76,54;75,34;61,15;49,78;53,71;10,04;51,85;89,55;27,37;78,93;861,87;187,38;12,04;4,53;75,29;5,01;88,07;30,03;35,71;88,86;89,34;99,42;35,39;0;7,56;0;0,55;3,17;4,45;31,62;4,51;2,23;100;3,63;64,94;92,85;72,69;3,31;454,07;22,53;15,13;50;0,68;10,02;0;53,83;16,89;2;0;92;72,43;1817,92;912,52;2;10,4;0,29;0;0,67;0,8;0;0;19,53;1,47;37,32;51,73;478,72
Dormentes;PE;54,17;1539,05;13962,42;62,81;60,23;39,47;72,42;38,72;84,14;55,95;82,46;51,94;55,13;51,41;14,88;50,25;59,85;32,9;90,06;931,21;120,34;19,73;5,42;31,7;20,64;43,24;39,74;34,79;97,35;78,73;95,71;51,91;5,82;24,44;23,27;0,17;0,02;5,55;15,35;5,63;2,03;53,57;9,94;64,24;91,74;69,46;2,2;383,84;17,26;14,55;67,09;2,56;12,36;55,27;47,04;47,66;4;0;73,5;54;2634,39;853,07;2;16,66;0,29;2,03;0,36;0,66;0;298,13;244,5;0,42;40,21;53,82;528,23
Elísio Medrado;BA;57,59;179,33;9582,59;64,51;65,03;43,22;69,58;43,66;89,26;55,53;73,04;67,02;61,99;58,07;24,57;52,31;70,01;25,99;71,79;1540,87;189,56;14,21;3,63;39,15;0,11;43,53;9,24;47,62;95,72;88,7;99,81;119,37;0;23,05;15,37;1,52;4,2;6,38;24,65;4,53;4,88;97,71;7,92;92,42;90,55;71,6;1,76;412,25;20,87;3,2;48,99;1,76;14,28;1,28;44;17,15;4;7;129;80;3018,33;2048,62;2;13,21;0,27;0,2;0,67;0,71;0;81,26;63,66;0;24,76;33,62;510,99
Encruzilhada;BA;51,86;1890,13;13209,89;68,92;50,73;35,92;71,28;55,1;86,45;62,85;54,14;43,18;55,5;50,08;12,18;43,02;64,76;23,72;95,04;2732,92;183,39;20,31;3,74;65,4;54,39;29,92;20,32;66,65;92,08;77,58;94,92;37,16;0;34,54;26,17;5,18;7,87;16,12;56,32;4;6,35;69,78;0,42;36,09;76,85;70,23;2,87;400,2;14,04;8,37;62,63;4,72;23,54;73,79;50,85;23,79;3;0;264;57;1762,31;1920,46;2;23,97;0,34;1,86;0,36;0,97;0;153,58;110,31;0,72;27,18;38,63;490,85
Entre Rios;BA;53,37;1187,77;17207,81;62,17;55,73;42,21;69,83;60,66;78,69;39,49;54;59,53;57,08;52,31;11,15;50,69;82,69;24,3;64,15;525,64;128,39;17,21;4,42;59,36;16,98;81,05;34,09;70,38;69,4;68,47;94,17;130,43;4,04;48,3;22,57;6,33;8,27;9,73;54,28;3,52;10,83;78,97;4,57;80,95;91,51;72,12;2,83;346,13;22,02;2,62;72,11;3,66;10,97;2,36;53,9;40,88;2;0;219,5;67,67;2060,64;786,89;4;17,13;0,31;2,4;0,31;0,64;0;10,1;3,37;2,48;28,45;36,58;493,51
Ereré;CE;56,41;349,03;12713,76;71,81;56,35;41,07;74,57;68,92;91,98;51,75;76,68;39,17;58,59;50,94;13,05;53,38;64,47;33,38;100;415,52;112,9;60,82;2,81;80,74;99,05;40,93;31,57;63,6;98,6;89,41;98,99;25,08;20,48;23,17;24,71;1,32;1,7;7,45;23,7;5,21;2,05;66,42;0,53;33,91;65,75;70,23;1,85;391,63;15,84;11,58;73,75;0;11,41;10,81;52;39,21;3;0;64;78;794,38;940,41;3;15,34;0,27;1,25;0,44;0,9;0;153,56;106,61;5,84;45,38;56,7;478,6
Érico Cardoso;BA;58,08;735,25;7182,39;74,6;54,85;44,8;72,43;57,55;85,34;83,07;68,88;37,01;58,92;54,59;23,13;50,21;87,65;18,22;100;1378,25;147,6;19,37;5,51;54,71;61,25;59,37;43,37;34,6;94,2;88,63;95,11;0;0;4,72;6,29;1,47;5,22;7;41,3;4;2,1;48,95;0,16;31,28;75,74;70,47;1,61;371,11;20,09;7,07;90,91;0,02;2,92;25,46;57,94;7,25;5;5;93;80;2118,6;2277,66;2;14,92;0,3;1,42;0,22;0,45;0;0;16,1;0;23,06;28,49;466,37
Escada;PE;53,1;342,16;21139,37;60,02;63,92;35,37;72,57;66,53;85,43;15,55;76,25;66,56;48,72;64,15;8,15;53,78;60,03;19,52;70,75;945,34;189,44;9,8;3,17;77,53;45,53;79,54;59,03;72,08;78,14;82,34;96,99;235,14;10,33;76,54;13,36;1,03;0,37;5,8;19,42;3,87;1,37;99,06;12,49;78,36;93,35;71,83;3,62;508,12;16,9;3,67;82,51;8,12;2,61;1,67;51,04;5,47;1;0;95;58;2661,1;1013,16;7;18,95;0,29;2,24;0,31;0,77;43,1;45,82;73,67;4,41;21,56;24,24;506,76
Esplanada;BA;51,83;1299,36;21591,17;63,54;54,58;37,35;67,03;62,08;86,48;38,58;55,17;57,48;55,5;50,17;5,29;47,87;70,05;26,21;73,94;964,29;167,77;17,67;5,35;69,09;1,66;82,08;33,42;81,64;85,54;74,08;96,33;104,85;2,39;47,3;36,25;4,15;10,97;10,3;56,98;3,44;7,57;80,25;6,2;65,62;92,7;69,38;2,6;361,86;22,01;2,46;58,49;8,13;13,86;2,15;61,17;41,64;1;0;116;73;3513,89;1595,59;2;18,62;0,31;2,19;0,15;0,48;0;49,03;36,07;3,65;31,57;40,17;500,06
Euclides da Cunha;BA;55,42;2025,37;12412,99;71,44;54,58;40,23;74,89;59,48;87,69;63,7;56,44;47,49;58,52;55,88;17,38;50,96;67,43;25,14;84,51;1367,19;109,1;16,82;4,23;66,16;20,3;71,78;40,56;61,73;92,75;78,13;99,16;41,63;2,43;21,8;23,76;4,4;10,12;10,72;46,08;3,63;10,75;55,92;6,13;68,44;73,28;69,94;2,26;298,91;19,38;6,83;77,23;2,74;9,05;0,98;46,98;42,24;2;0;170,2;49;295,82;618,31;4;15,77;0,3;0,57;0,27;0,52;2,26;69,48;24,45;4,35;20,43;27,33;531,67
Eunápolis;BA;58,33;1425,97;26771,75;69,93;61,03;44,04;69,83;77,87;94,64;37,37;59,68;68,19;50,55;65,69;22,1;53,25;61,8;38,98;78,51;887,25;184,34;16,84;4,27;86,98;31,62;90,97;22,1;94;94,57;88,47;98,64;152,91;4,78;53,47;19,52;3,95;10,97;11,2;36,88;3,91;7,22;97,23;10,98;89,53;94,22;72,46;3,25;432,44;23,79;5,28;78,76;6,48;4,95;0,44;40,88;15,67;7;0;130,13;63,75;1311,96;794,59;5;16,19;0,29;2,45;0,24;0,92;3,28;103,79;40,28;20,91;48,56;56,32;550,6
Eusébio;CE;62,65;78,82;44877,77;72,86;66,76;48,33;75,78;67,49;93,25;54,91;78,04;73,39;56,03;59,59;15,94;57,62;49,7;70,07;75,53;571,22;150,93;11,69;3,09;69,38;83,52;66,17;47,91;98,69;90,59;83;99,37;92,37;3,28;26,97;5,93;0,18;3,92;10,48;16,3;5,83;1,87;100;24,71;90,94;94,31;72,66;1,7;443,88;29,49;2,97;87,79;6,52;4,79;0;50,45;28,45;5;0;156;83;1793,22;855,36;4;9,42;0,28;5,21;0,53;0,9;185,19;142,44;135,94;19,88;131,97;142,38;517,16
Exu;PE;54,03;1336,79;9794,54;68,49;58,34;35,25;79,58;44,03;85,17;65,17;73,99;48,38;61,46;49,54;19,7;47,65;53,73;19,94;95,93;522,58;107,72;17,17;3,68;36,79;4,82;60,02;35,48;45,54;92,13;84,22;94,92;33,02;3,09;18,21;25,12;0,88;4,33;7,82;22,67;4,67;3,65;59,61;0,76;50,11;94,83;71,47;2,34;348,19;13,16;7,85;69;0,42;21,95;16,96;51,45;33,95;6;0;102;72;1010,66;827,7;3;19,97;0,31;2,02;0,46;0,7;113,64;192,9;72,92;0,16;23,77;21,35;494,94
Farias Brito;CE;57,95;530,54;10978,31;65,53;63,18;45,14;71,87;51,3;88,12;50,82;80,18;58,51;55,09;58,93;31,16;54,63;61,32;33,44;97,25;1065,95;108,42;28,12;5,33;74,19;1,37;34,76;20,46;76,97;96,69;82,69;89,45;55,46;10,93;23,06;24,15;0,18;1,02;8,52;18,68;5,78;1,5;80,71;9,82;63,87;93,36;71,41;2,36;384,33;21,41;12,35;71,23;3,05;4,24;7,69;49,17;22,81;8;4;94;66;1145,3;1056,43;6;18,06;0,28;3,41;0,18;0,62;0;271,04;99,01;3,23;43,76;55,16;501
Fátima;BA;59,98;368,34;15277,32;79,06;60,49;40,39;71,38;78,83;90,47;75,58;68,39;55,83;58,42;59,31;21,59;56,49;60,37;23,12;84,49;313,33;142,76;16,11;5,65;84,16;57,84;93,65;38,94;70,46;93,69;84,21;99,1;24,59;0;6,71;8,94;2,57;6,2;7,8;34,03;4,4;3,85;96,05;9,63;55,91;75,46;66,16;1,73;332,07;15,06;6,71;66,92;2,24;3,88;0;49,84;18,01;6;0;124,5;40,17;1849,28;856,71;3;12,4;0,29;9,05;0,18;0,29;0;165,62;266,67;1,35;26,32;32,09;516,1
Feira da Mata;BA;58,84;1176,11;10909,1;75,21;56,86;44,45;82,74;61,89;80,82;75,41;68,28;43,46;65,8;49,91;4,79;54,82;95,9;22,28;100;251,47;101,91;15,34;3,23;47,96;0,62;99,92;23,79;56,25;89,36;64,68;93,39;22,42;0;7,1;13,32;3,4;6,45;7,97;33,83;4,7;2,93;43,74;1,33;52,93;86,93;70,77;2,1;267;12,53;4,44;66,67;8,35;53,37;17,76;53,43;32,17;1;0;35;92;1741,83;1543,08;1;9,35;0,28;4,61;0,22;0,86;0;0;0;0;23,7;28,7;476,14
Feira de Santana;BA;59,7;1304,42;26458,56;66,07;62,75;50,28;67,59;85,05;94,67;16,98;62,84;67,6;57,67;62,9;56,16;61,1;46,29;37,56;56,17;450,11;140,94;15,07;4,69;91,49;88,48;93,89;45,82;93,65;96,48;92,82;94,9;201,26;9,17;73,05;23,43;3,1;6,83;8,83;39,87;3,86;9,15;97,96;8,02;90,6;93,99;74,2;2,99;372,12;22,89;3,25;67,93;6,63;1,99;0,11;48,81;27,3;13;10;151,54;62,97;314,89;1164,71;10;10,82;0,28;2,34;0,29;0,98;29,47;289,99;94,23;55,08;45,09;53,37;557,54
Feira Nova;PE;59,1;107,73;11248,01;71;66,8;39,49;75,12;66,19;94,68;48,03;80,14;64,23;56,18;66,63;9,1;50,71;61,15;37;89,35;1120,14;160,59;11,27;4,28;70,79;6,35;91,93;35,14;83,07;97,08;91,91;98,79;73,05;10,76;29,87;11,2;0,23;0;4,43;18,93;4,68;1,68;99,92;6;74,39;94,5;73,43;2,72;471,45;18,99;11,2;45,78;4,3;1,76;0,93;43,72;7,17;2;0;43;95,67;1201,69;916,47;3;15,95;0,29;0;0,55;0,55;0;231,27;278,32;1,17;53,82;61,52;505,49
Fernando de Noronha;PE;70,02;18,61;69733,96;86,38;71,21;52,48;80,48;94,19;85,83;85;82,09;62,78;75,38;64,57;26,61;53,79;57,57;71,96;95,58;715,86;156,63;10,42;2,91;97,64;93,09;98,25;18,59;98,67;74,77;76,95;94,27;0;0;0;10,53;0;0,22;4,97;12,95;5,58;5,47;100;23,7;90,88;53,75;75,36;0,62;163,65;26,7;0;92,86;7,91;4,79;0;48,05;0;4;4;231,26;65,15;698,54;537,73;2;10,27;0,27;0;0,33;0,46;0;290,24;111,86;29,61;106;123,46;538,37
Ferreiros;PE;59,01;92,52;8450,69;71,38;64,97;40,68;74,68;70,26;92,85;47,72;75,05;58,52;61,03;65,3;26,38;49,68;65;21,66;92,16;592,25;151,84;25,7;3,07;72;53,52;82,95;40,55;81,77;92,82;90,11;98,42;90,8;8,59;30,61;8,32;0,98;0,3;5,77;26,45;4,23;4,52;100;6,82;43,4;96,07;72,24;2,12;327,84;16,94;4,99;100;5,19;1,47;2,66;48,02;6,39;8;0;156,69;65,87;744,31;520,25;3;18,81;0,29;0;0,22;0,85;0;74,7;124,73;9,48;26,77;35,54;484,07
Filadélfia;BA;55,12;579,69;7558,74;73,12;55,96;36,27;75,37;66,64;88,89;61,58;62,63;58,09;56,62;46,5;6,14;49,08;71,7;18,14;94,79;915,96;156,6;20,15;3,57;68,96;27,44;74,47;17,16;63,51;91,58;84,28;98,77;71,55;0;24,59;21,23;3,3;9,08;8,63;44,05;3,83;3,28;81,94;13,03;58,65;90,89;68,56;2,34;419,06;15,6;1,86;64,69;0,49;5,59;2,24;66,11;40,73;0;0;140,5;73;1134,61;1385,96;2;17,54;0,29;0,67;0;0;0;24,53;33,7;2,18;21,25;29,09;475,24
Firmino Alves;BA;55,49;172,35;14259,75;74,86;53,29;38,3;77,4;86,3;87,25;48,49;60,13;52,76;44,88;55,4;7,05;48,33;68,58;29,25;90,61;692,86;138,11;17,89;3,17;85,78;78,52;93,18;17,85;91,1;78,52;81,46;95,39;56,55;10,34;28,73;15,39;7,57;4,33;10,35;45,75;4,03;0,82;61,91;0,32;67,57;96,4;66,93;3,4;430,78;21,98;12,31;40;3,14;19,03;0;51,41;5,35;1;0;127;80;1298,89;1531,72;1;14,91;0,31;0,67;0;0,69;0;33,09;102,67;0;36;44,94;478,94
Flores;PE;56,4;995,56;9326,14;69,82;58,7;40,69;79,58;55,67;90,08;53,94;76,06;46,54;53,81;58,41;24,92;49,03;67,17;21,63;95,58;662,05;122,68;21,69;2,51;45,02;47,72;62,23;28,23;42,13;97;96,15;98,53;41,9;9,67;28,51;25,56;0,5;2,6;8,12;22,02;4,97;3,43;54,6;1,75;44,39;95,6;69,67;2,8;431,91;12,77;8,85;74,14;0,5;6,5;3,93;45,28;23,61;9;0;64;79;1009,33;831,68;3;16,89;0,31;1,22;0,18;0;0;42,54;105,15;4,77;24,1;26,12;506,53
Floresta;PE;58,22;3637,25;14179,75;71,13;58,36;45,18;71,1;71,58;78,95;62,89;72,31;57,49;52,14;51,51;34,88;51,64;57,43;36,75;76,97;766,49;151,68;16,26;4,54;55,11;76,11;92,04;36,15;56,83;89,35;67,95;86,26;27,37;6,5;20,57;29,2;1,28;1,83;7,2;31,42;4,42;5,75;71,8;15,16;61,63;92,74;71,52;2,49;449,97;21,72;7,96;91,11;2,54;13,99;0;55,67;28,02;5;10;374;72,33;2377,24;1585,76;6;21,82;0,3;4,98;0,31;1;3,02;231,23;222,97;2,12;45,78;63,67;534,66
Floresta Azul;BA;57,14;321,01;8939,63;75,52;53,87;42,03;72,73;76,15;91,93;61,27;60,66;47,29;52,41;55,14;27,97;46,97;79,06;14,11;87,28;500,9;186,52;19,23;3,62;84,83;43,43;74,59;9,28;85,37;87,49;90,5;98,14;66,31;0;25,33;3,01;1,32;10,42;13,05;49,15;4,08;5,72;88,85;2,88;55,39;57,02;68,88;2,09;393,71;22,85;6,03;97,08;0,09;11,05;0,9;50,39;13,6;5;8;88;92,5;3811,52;1419,8;2;19,98;0,3;0;0,67;0,54;0;22,09;11,48;0,54;18,13;23,84;472,96
Formosa do Rio Preto;BA;53,01;15634,33;169286,98;67,85;50,98;40,18;67,69;57,54;78,91;67,25;67,47;48,64;59,32;28,51;9,27;45,89;77,11;28,47;81,01;2336,35;125,92;18,38;5,96;65,62;4,7;63,47;22,15;58,99;87,21;60,84;91,19;18,91;5,86;13,13;22,39;1,05;3,7;7,3;41,92;4,01;9,75;62;9,7;67,04;69,05;70,8;2,43;307,69;18,17;4,63;80,55;1,91;123,22;272,6;55,21;42,6;3;0;101,5;70,5;3972,38;1604,92;3;21,15;0,32;0,82;0,36;0,76;0;21,48;14,64;1,3;42,48;51,44;469,8
Forquilha;CE;61,22;568,78;12225,22;68,18;62,73;52,75;81,1;78,39;92,2;21,03;82,03;57,97;48,8;62,13;46,2;52,54;85,43;26,82;91,33;472,5;118,42;8,08;3,68;91,16;97;64,03;37,62;78,26;97,73;84,82;97,78;229,39;2,05;89,36;23,17;0,08;2,38;8,27;9,73;6,05;1,4;95,54;3,64;60,86;87,67;70,62;3,56;360,84;16,78;11,58;100;1,95;2,93;18,62;44,04;16,01;10;7;392,87;53,47;547,69;626,6;2;14,11;0,27;1,26;0,55;0,71;0;18,02;0;6,72;32,42;41;499,88
Fortaleza;CE;64,44;312,35;28733,63;73,89;68,22;51,22;77,87;81,19;93,85;42,67;75,81;73,94;54,95;68,19;42,76;62,21;32,37;67,52;82,93;912,81;110,22;13,31;3,48;90,22;91,98;79,9;43,5;94,14;93,12;85,91;99,05;102,28;5,98;40,55;14,4;0,62;3,82;7,6;25,6;5,2;2,57;100;24,98;91,39;95,76;74,41;2,4;390,71;30,19;6,12;87,73;3,96;1,74;0,02;38,09;18,46;7;9;139,71;52,36;837,21;585,09;11;11,38;0,28;4,68;0,42;0,9;91,33;481,79;219,28;108,17;111,82;117,22;541,33
Fortim;CE;58,02;285,02;17435,24;67,27;63,86;42,95;75,21;44,15;89,4;60,31;77,15;63,99;52,21;62,08;38,79;53,81;61,93;17,25;84,26;789,33;124,63;23,61;2,95;58,58;0,18;39,73;37,55;81,73;96,35;70,16;98,99;30,77;11,4;16,19;19,66;0,2;3,3;9,7;28,33;5,92;1,07;91,29;14,17;71,59;93,75;69,06;1,56;394,1;29,81;8,67;88,58;3,82;5,39;2,89;41,01;31,97;6;10;101,6;81,38;1097,94;789,46;3;14,78;0,27;2,4;0,73;0,61;0;257,58;219,59;4,33;22,09;27,85;472,69
Frecheirinha;CE;58,91;210,28;16986,63;66,82;66,14;43,78;73,32;64,02;88,82;41,1;79,94;63,93;57,34;63,35;22,3;50,42;68,2;34,18;84,12;1237,01;136,37;15,69;4,45;64,24;94,71;48,16;35,66;62,14;96,36;81,21;97,66;71,99;12,83;43,55;31,93;0,17;4,53;9,68;19,22;6,65;1,17;91,55;14,98;70,38;93,26;69,78;2,38;475,38;18,46;7,66;8,59;14,61;4,73;8,3;54,7;6,78;7;0;94;78,57;887,09;602,65;2;14,68;0,29;0,72;0,89;0,92;0;112,91;128,87;0;47,19;58,35;497,71
Frei Miguelinho;PE;59,16;213,74;9410,13;68,36;63,57;45,55;81,23;36,55;88,28;67,37;71,36;60,27;60,43;62,21;26,77;47,23;82,53;25,66;93,15;952,43;115,77;15,98;2,4;17,55;11,03;43,7;16,78;49,81;94,48;85,34;99,33;11,68;4,76;12,83;14,67;3,32;0,12;8,02;30,28;4,3;2,37;99,94;5,4;55,23;95,16;70,47;2,58;347,1;19,21;5,5;22,22;5,47;2,68;0;46,06;34,39;4;6;191;66,67;1906,79;928,59;0;12,53;0,32;1,01;0,44;0,49;0;42,86;0;0;18,84;25,48;511,83
Gameleira;PE;53,16;257,78;15370,84;62,16;57,44;39,88;73,51;67,55;88,1;19,47;68,11;61,03;37,99;62,65;27,77;44,6;68,9;18,23;87,88;756,71;205,31;13,29;3,61;67,14;65,92;72,89;39,56;72;88,24;86,76;94,48;184,14;8,64;66,98;4,12;2,27;0,82;9,97;36,92;3,78;4,08;94,52;9,21;59,32;95,14;70,54;4,09;594,34;22,87;12,35;72,36;0,31;2,59;1,65;45,19;8,59;4;5;78;53;1160,99;553,16;1;23,32;0,3;0;0,55;0,63;0;90,71;61,32;0,76;22,53;29,79;472,72
Gandu;BA;54,35;229,66;13689,67;66,3;61,29;35,47;71,08;75,58;89,36;29,18;65,68;64,13;58,27;57,09;18,26;49,92;46,28;27,41;74,01;1113,81;168,09;16,93;3,54;78,39;81,82;71,88;28,9;81,86;92,86;79,8;95,38;164;6,08;57,18;13,67;1,62;10,65;9;36,85;4,47;5,6;98,72;9,84;68,64;95,2;71,26;3,2;349,65;15,89;1,55;54,39;2,94;4,97;0;51,24;29,09;3;2;156;47,67;1788,86;1058,36;5;21,11;0,3;1,76;0,31;0,82;642,86;206,74;140,23;3,66;25,54;33,51;535,04
Garanhuns;PE;61,5;458,96;20518,29;72,73;64;47,76;73,25;80,86;93,92;42,89;76,85;69,85;53,54;55,75;42,19;56,76;43,69;48,42;80,67;657,62;173,56;13,76;3,8;80,47;72,92;100;44,78;84,16;94,8;90,1;99,06;94,87;6,33;40;14,17;0,67;1,07;6,2;21,45;4,67;4,12;98,52;14,47;90,31;94,69;72,69;2,72;502,24;18,9;6,03;76,45;3,21;3,08;0,42;53,22;45,86;5;11;100,33;58,17;1018,14;447,99;6;13,47;0,28;4,01;0,47;0,77;69,28;813,16;453,74;6,92;68,02;77,7;554,14
Gavião;BA;57,95;384,59;11191,5;66,81;61,29;45,75;75,03;66,48;91,31;34,43;70,26;58,3;62,13;54,48;34,16;52,92;65,4;30,51;89,51;499,68;96,85;23,35;4,46;72,27;24,51;68,98;12,35;67,32;96,05;86,86;99,19;168,54;0;55,05;34,4;2,18;7,03;3,9;35,15;4,12;2,13;68,13;13,51;71,93;92,94;69,79;2,1;215,61;12,09;17,2;77,69;0,46;11,83;2,29;49,21;24,61;8;7;148;64;3769,5;1513,58;1;15,83;0,29;8,56;0;0,46;0;113,1;58,14;0;39,23;58,45;465,12
General Sampaio;CE;57,67;230,37;12651,33;67,41;59,56;46,06;79,15;56,86;86,99;46,62;77,35;52,48;45,94;62,45;22,81;50,46;78,21;32,73;93,32;661,25;154,17;12,02;3,14;75,74;3,01;55,68;30,43;63,83;92,37;79,16;96,2;98,46;0;41,58;40,84;0,13;3,57;8,83;22,75;5,37;0,5;94,02;0,29;43,84;85,33;69,65;2,88;475,8;20,25;11,88;100;0;3,2;4,46;43,23;11,71;1;6;88;72;1036,23;470,89;4;18,08;0,3;1,74;0,44;0,43;;113,87;0;4,61;47,09;63,98;462,7
Gentio do Ouro;BA;50,79;3817,95;11935,83;67,05;53,93;31,37;73,16;51,56;72,7;70,79;70,81;28,3;61,26;55,35;4,41;49,51;62,44;9,13;84,92;1018,68;124,93;11,86;5,6;33,64;92,95;39,58;29,11;44,36;87,85;33,73;95,9;40,21;0;18,38;23,89;1,9;2,25;4,73;35,83;4,42;9,67;37,26;8,28;41,32;34,01;69,57;1,59;363,57;12;9,19;89,39;0,22;11,36;16,54;49,3;9,18;0;0;129;76;4667,56;936,26;3;17,41;0,3;1,23;0,22;0,31;0;101,89;281,95;0;13,66;16,25;469,9
Glória;BA;54,6;1566,61;15927,21;71,69;55,62;36,47;70,06;63,93;82,9;69,88;62,84;44,15;59,68;55,81;16,23;51,91;55,78;21,98;61,78;538,17;161,04;10,9;4,2;67,57;33,09;68,73;24,5;60,82;81,68;75,27;96,11;41,11;0;20,61;20,61;2,22;7,05;12,22;42,72;4,13;6,4;42,38;5,36;48,62;89,48;71,51;2,33;415,84;17,41;5,15;50;0,59;5,36;0;52,84;19,53;5;0;185,3;51,1;2085,91;1899,64;4;17,51;0,28;1,19;0,55;0,25;57,63;189,66;61,79;0,78;24,07;32,7;491,91
Glória do Goitá;PE;55,9;234,49;18395,28;65,56;64,31;37,85;74,97;57,88;88,52;40,85;78,14;59,37;56,01;63,73;20,24;52,36;55,73;23,05;78,1;745,65;146,93;17,41;2,85;53,34;52,8;60,72;33,83;65,33;88,92;86,44;97,66;97,33;4,99;44,98;12,78;0,73;0,03;5,33;21,05;4,3;0,35;99,78;1,87;56,72;94,85;70,88;2,87;402,59;11,45;6,82;86,93;3,05;1,6;2,73;47,76;9,87;3;3;56,5;72;1032,03;540,53;6;14,6;0,31;0,73;0,73;0,9;277,78;89,12;73,37;1,61;25,13;30,46;516,31
Goiana;PE;55,7;445,4;126124,98;60,86;65,44;40,81;75,77;50,8;81,97;34,88;75,8;66,93;52,85;66,21;19,84;52,01;45,02;46,34;88,89;1040,13;168,41;14,93;3,22;48,5;15,51;64,39;37,51;72,16;70,17;77,34;96,32;118,51;8,04;45,66;12,09;1,12;0,25;4,95;21,25;3,86;3,13;99,93;4,07;90,54;94,39;71,75;2,64;465,03;23,7;3,21;74,03;6,58;2,13;2,59;45,94;7,06;0;0;94,86;43,14;214,17;73,87;6;18,13;0,3;1,24;0,35;0,64;120,48;817,5;159,74;3,05;73,11;69,95;519,28
Gongogi;BA;55,74;202,19;13836,04;73,98;53,56;39,67;66,44;78,42;91,8;59,26;59,82;50,73;50,54;53,16;11,81;48,11;74,17;24,6;86,17;1509,95;221,73;21,77;4,53;86,31;94,05;61,56;21,19;89,41;95,11;85;94,49;62,34;0;27,03;31,5;3,5;11,97;8,43;49,98;3,97;4,97;81,97;0,81;33,01;97,55;71,37;2,86;513,52;24,18;0;71,43;0,72;15,58;3,6;50,18;24,61;2;2;175,33;74,67;2920,25;1602,68;3;23,93;0,29;2,34;0,22;0;0;17,95;30,1;2,76;35,3;41,61;470,36
Governador Mangabeira;BA;53,94;106,85;10491,58;58,71;61,85;41,25;75;54,78;82,38;22,66;69,03;65,41;51,65;61,32;15,73;51,92;70,65;26,71;97,24;666,63;187,7;14,65;4,15;58,39;1,83;60,85;16,4;45,7;91,74;70,26;96,22;173,95;9,14;59,21;22,32;2,47;4,63;6,73;30,62;4,02;5,5;97,01;5,44;87,6;91,81;70,26;2,91;422,62;25,72;6,79;39;5,24;2,44;0;52,65;12,16;1;6;136;90;3700,92;1801,94;4;15,2;0,29;0,23;0,36;1;0;63,95;42,24;0,68;32,12;37,28;517,16
Graça;CE;56,59;258,94;9218,14;72,18;61,22;36,37;78,72;48,08;89,54;72,39;77,28;54,75;53,38;59,49;12,45;49,54;70,12;13,38;93,9;1000,42;138,81;13,76;3,34;60,62;8,84;34,71;18,52;49,21;96,85;90,37;98,22;24,4;0;14,49;21,74;0,12;3,42;11,55;22,87;6,09;1,8;85,43;11,08;39,72;92,25;70,28;2,78;464,02;15,25;9,06;61,61;0,56;1,78;13,77;52,8;5,56;1;0;107;57;737,26;587,91;1;14,59;0,29;0,71;0,44;0,16;0;40,98;83,52;0;11,73;15,9;453,94
Granito;PE;57,85;521,69;10963,72;75,12;59,24;39,19;81,22;52,63;84,9;81,72;74,53;48,62;64,69;49,13;31,68;49,5;46,73;28,84;95,69;820,25;95,25;19,89;2,66;51,36;30,85;57,27;33,96;50,9;90,36;77,64;97,51;0;0;4,78;31,58;0,73;0,47;7,27;22,65;4,62;9,23;60,03;1,17;51,33;93,92;71,4;2,09;341,85;9,64;7,18;68,23;3;25,17;28,71;47,11;61,61;7;7;61;90,33;2891,3;866,97;3;20,47;0,3;4,44;0,67;0;2500;190,48;84,6;0;33,62;40,8;518,46
Granja;CE;55,96;2663,18;8499,16;66,82;62,87;38,18;76,02;47,85;75,54;67,87;81,38;49,76;61,43;58,91;21,23;49,4;57,21;24,88;84,97;625,18;121,23;11,79;4,63;46,36;6,46;51,96;20,21;28,63;89,88;57,18;93,34;19,76;2,55;11,62;17,25;0,33;0,63;7,7;13;5,77;2,32;70,13;3,92;41,49;93,85;71,68;2,07;319,8;17,04;12,65;63,12;2,08;4,01;16,5;49,62;13,16;6;0;105;61;752,38;826,07;3;15,94;0,31;0,54;0,67;0,99;172,41;59,61;91,36;4,05;33,26;43,71;479,51
Granjeiro;CE;62,53;111,53;10425,76;75,58;60,19;51,81;73,57;60,29;91,93;76,53;77,66;51,27;54,26;57,58;36,97;51,53;81,3;37,47;64,95;1101,59;95,03;13,96;3,83;73,03;74,67;31,23;26,34;57,33;96,88;94,78;98,98;0;0;20,66;20,66;0,75;2,05;8,42;21,45;5,48;2,12;81,68;1,04;46,54;88,68;67,88;2,08;377,46;11,89;13,77;100;0;5,18;2,07;49,16;17,55;8;7;68;72;1372,96;739,34;3;14,26;0,29;0,84;0,44;0,79;0;61,65;0;1,39;52,14;67,48;505,84
Gravatá;PE;61,68;507,36;14905,34;72,04;67,9;45,1;76,91;83,93;87,07;40,24;75,53;70,12;59,34;66,6;48,67;52,98;52,86;25,9;76,84;761,05;147,64;11,31;2,74;80;82,86;100;35,51;76,64;89,43;76,7;95,41;114,19;5,33;46,47;10,87;1,1;0,52;6,82;22,02;4,33;3,58;96,99;17,46;89,81;93,91;72,63;2,62;397,45;13,05;4,85;87,85;7,98;1,87;0,58;40,98;37,95;14;8;128;71,5;1642,2;886,01;5;15,38;0,29;0,71;0,35;0,74;21,55;284,55;181,58;2,97;29,57;35,68;532,01
Groaíras;CE;59,92;155,68;9861,53;71,81;65,66;42,28;77,49;67,44;83,44;58,88;84,67;71,24;47,84;58,89;25,86;53,32;65,82;24,11;71,22;660,81;118,85;9;3,06;88,24;31,3;63,37;34,07;18,18;97,05;81,33;98,34;63,22;0;31,16;16,5;0,02;2,15;7,82;8,8;6,77;0,6;96,69;42,96;57,97;93,3;68,41;2,71;428,59;17,9;20,16;69,09;0,09;4,13;18,33;44,56;26,05;1;8;114;62;1294,79;810,12;3;12,1;0,28;0,82;0,22;0,86;0;192,48;35,16;3,38;27;34,58;489,02
Guaiúba;CE;51,97;256,05;9315,79;59,54;62,23;34,14;81,53;57,75;89,24;9,64;74,48;63,43;49,04;61,99;8;54,14;47,97;26,44;92,22;731,72;126,87;11,77;2,65;83,76;14,19;47,61;36,78;87,63;90,61;75,77;97,04;246,22;24,56;99,93;10,69;0,48;4,13;8,73;25,77;4,78;1,28;99,58;12,98;58,95;95,67;71,05;3,67;401,73;18,6;6,17;87,5;1,51;4,34;2,06;45,22;7,42;1;0;94;69;1660,45;1093,77;6;14,2;0,29;0,57;0,55;0,68;1666,67;104,81;121,44;3,4;32,01;40,92;492,61
Guajeru;BA;55,03;872,87;8411,84;70,53;56,11;38,45;80,37;37,15;83,4;81,18;68,82;44,76;61,34;49,51;4,18;50,53;68,11;30,99;91,54;349,61;93,74;3,25;5,46;31,75;1,56;38,9;24,25;23,62;93,32;79,94;99,73;0;0;9,32;14,91;1,12;3,68;11,13;35,22;4,36;4,8;33,65;9,68;44,69;97,74;71,2;2,02;333,01;15,42;8,28;80,76;1,24;16,22;55,9;50,93;31,53;1;0;81,33;86;4490,84;1511,12;2;11,15;0,31;0;0,44;0,45;0;59,52;112,23;0,79;35,84;42,09;505,37
Guanambi;BA;60,32;1272,37;17909,95;75,33;64,69;40,94;77,17;80,95;90,52;52,68;69,39;66,67;58,82;63,86;9,75;61,54;53,21;39,26;87,39;537,73;118,14;14,01;4,14;81,58;63,65;92,4;25,11;77,71;97,49;76,98;98,45;56,13;4,42;25,96;55,8;1,73;4,9;6,92;35,25;4,57;8,03;87,04;17,35;86,76;92,01;72,33;2,27;355,08;21,34;9,57;65,3;5,7;3,44;0,57;46,06;13,57;2;0;93,6;66,6;2298,67;1005,84;8;9,59;0,27;4,83;0,24;0,7;12,76;265,28;198,48;4,62;48;55,82;554,55
Guaraciaba do Norte;CE;60,01;624,61;15218,64;71,67;64,8;43,56;78,16;57,42;90,19;60,9;80,89;60,72;59,21;58,36;28,79;51,3;62,35;31,78;92,37;623,02;172,27;13,23;2,87;90,27;6,89;36,45;25,38;66,99;88,89;90,63;98,98;46,49;9,45;14,74;22,35;0,25;1,17;8,37;16,87;5,94;1,37;95,45;15,31;49,88;93,27;71,57;2,61;445,63;13,97;5,23;45,13;1,16;2,98;2,14;51,22;20,55;7;3;71;73;491,6;842,46;4;15,79;0,3;0,47;0,77;0,55;69,44;34,96;77,37;1,05;39,72;54,04;515,12
Guaramiranga;CE;56,04;90,82;13916,98;58,99;64,61;44,53;83,43;34,01;85,21;33,3;78,77;65,86;50,61;63,19;25,18;54,37;58,61;39,95;100;785,65;135,56;10,02;2,57;23,57;23,3;28,91;27,56;63,04;83,84;79,11;97,65;130,81;11,79;49,52;10,61;0,4;0,67;5,72;33,78;5,54;0,57;99,6;1,83;92,66;91,5;69,14;2,47;423,07;21,22;8,84;85;0;1,07;0;49,46;0,36;9;0;109;68;1595,89;818,02;6;15,1;0,29;2,31;0,22;0,71;;382,03;145,77;7,87;62,33;82,11;461,22
Guaratinga;BA;51,71;2189,4;14444,39;65,66;51,33;38,14;68,78;68,74;87,89;37,24;57,96;43,85;55,8;47,71;6,05;45,43;77,69;23,4;71,99;842,38;124,62;14,69;5,98;69,7;88,19;46,56;11,52;71,34;87;83,85;96,77;98,68;8,65;39,9;8,4;5,03;9,35;11,47;43,37;3,74;5,95;47,76;12,28;44,56;78,25;70,95;2,99;320,96;23,63;5,25;49,76;0,63;18,68;3,67;60,9;18,36;1;0;111;84;2784,67;1066,7;4;23,7;0,33;0,87;0,18;0;0;8,65;15,42;6,7;32,05;40,91;479,84
Heliópolis;BA;58,69;314,67;10837,68;74,79;57,83;43,44;79,69;59,65;93,2;66,64;54,68;61,69;61,92;53,06;35,72;51,45;68,03;18,55;93,89;361,85;120,76;11,82;4;77,63;12,47;63,36;40,31;70,01;94,81;93,82;99,87;45,15;4,08;14,62;6,5;4,33;14,03;13,23;44,7;4,11;10,35;74,68;12,09;90,41;87,07;69,88;1,76;299,34;14,79;8,12;88,17;1,23;7,79;0,81;54,91;27,66;13;0;124,5;40,17;1849,28;856,71;3;15,38;0,28;0,33;0;0,34;0;22,84;148,37;3,8;24,32;29,69;474,54
Hidrolândia;CE;58,91;926,59;10226,37;72,77;60,74;43,23;77,53;49,41;91,55;72,59;78,49;56,57;56,9;51;26,2;51,38;68,92;26,43;94,77;1163,75;135,05;15,92;3,64;61,24;1,38;48,7;30,18;67,09;97,69;87,58;98,36;44,76;0;14;17,92;0,7;2,37;8,67;17,55;5,55;1,4;77,83;10,64;56,69;93,13;71,48;2,25;447,62;16,26;7,47;77,78;0,5;5,81;18,48;59,59;20,84;2;7;128,75;75,4;664,32;855,04;4;17,18;0,29;0,84;0,55;0,8;0;83,44;71,05;1,14;30,3;39,8;509,05
Horizonte;CE;56,07;160,56;26680,12;65,44;65,82;36,95;79,53;55,07;94,06;33,09;80,5;70,66;53,98;58,15;8,79;57,34;52,6;29,05;84,11;594,75;140,05;11,14;2,59;70,76;10,51;60,27;45,34;95,86;91,63;86,8;99,5;138,77;9,83;50,03;9,36;0,2;2,48;8,35;16,67;5,99;1,2;99,79;17,95;87,31;94,91;72,3;2,59;425,87;28,38;4,01;56,66;4,12;3;0,13;50,81;40,22;2;0;69,67;85,25;1889,23;945,72;7;12,36;0,27;0,23;0,67;0,68;34,01;248,77;154,13;14,59;40,07;46,44;501,4
Iaçu;BA;54,42;2342,5;9429,64;71,75;54,25;37,25;69,94;73,46;90,3;53,3;62,64;52,59;47,79;54;9,78;48,41;77,09;13,73;81,45;547,78;190,71;13,24;5,09;78,9;26,17;92,35;28,57;78,64;94,68;79,88;97,72;76,34;3,94;30,89;19,51;2,28;9,48;9,78;43,93;4,23;7,45;57,41;8,35;65,21;91,93;66,81;3,17;422,71;16,74;4,06;81,08;1,53;11,23;11,38;49,09;32,34;2;0;113;68;2971,96;817,94;3;20,08;0,3;0,65;0,18;0,97;0;13,78;18,96;2,66;13,54;16,03;495,05
Iati;PE;56,05;635,14;11203,03;67,7;57,2;43,25;73,37;50,29;88,35;58,79;68,82;50,01;52,96;56,99;19,6;47,48;71,84;34,07;96,38;620,25;160,36;20,36;4,66;43,61;44,12;75,78;75,78;48,62;96,95;85,95;97,87;24,07;3,83;33,79;20,97;0,78;2,63;12,28;33,07;4,18;5,42;62,59;5,73;70,14;76,24;71,09;2,67;449,23;18,33;8,74;77,42;0,39;6,25;1,17;48,88;21,55;5;0;94,5;57,33;1169,22;552,19;6;19,02;0,34;0;0;0,94;0;25,29;47,08;0,62;42,04;54,65;524,1
Ibaretama;CE;49,7;879,25;10928,6;51,48;58,77;38,84;72,26;35,08;77,02;21,55;71,78;51,81;56,3;55,21;17,28;46,57;68,88;22,65;70,32;868,07;92,07;21,53;4,01;42,84;1,14;19,58;23,22;3,86;94,51;76,6;91,03;179,34;12,83;61,89;25,09;1,25;5,87;9,15;23,68;4,36;1,4;83,92;3,3;50,24;83;70,52;2,95;313,23;16,19;8,36;75;2,88;8,03;21,75;52,48;16,4;1;3;169,33;56,55;1082,59;760,01;2;17,55;0,32;0,42;0;0,56;;30,8;97,02;0;27,84;44,09;459,71
Ibiapina;CE;59,48;414,09;14243,35;76,55;63,44;38,45;82,5;58,59;91,57;73,54;77,44;59,94;54,41;61,95;18,06;52,71;51,47;31,56;98,35;965,84;118,56;9,38;3,26;54;97,1;37,76;29,97;76,82;92,4;86,73;99,13;33,39;0;11,68;22,53;0,4;2,23;7,6;26,15;5,29;1,13;91,8;10,52;63,54;88,3;71,04;2,62;419,71;14,92;13,56;75,38;8;2,08;2,92;53,28;19,39;5;0;92;66;1200,29;725,72;4;15,49;0,28;0,88;0,18;0,85;476,19;95,99;68,81;1,79;45,39;59,66;486,45
Ibiassucê;BA;61,3;483,27;9268,96;76,47;61,89;45,53;75,15;59,09;89,26;82,38;70,34;51,7;67,85;57,67;6,19;57,18;96,74;22,01;96,89;1333,03;86,43;14,74;6,26;67,85;0,44;69,66;24,95;52,12;97,55;84,64;99,44;0;0;6,39;23,01;2,77;5,6;7,1;29,22;4,83;5,25;66,15;2,99;65,64;86,65;72,32;1,87;259,55;15,57;2,4;73,73;3,39;6,86;14,38;46,19;34,12;2;0;81,33;86;4490,84;1511,12;3;7,09;0,27;1,65;0,44;0,67;0;0;0;0,72;19,8;25,81;537,93
Ibicaraí;BA;56,3;230,95;9383,36;73,96;58,08;36,87;70,54;94,59;96,43;34,3;65,27;61,98;46,73;58,33;6,08;52,32;63,74;25,35;85,42;801,47;211,32;22,08;3,2;94,27;93,94;99,35;12,53;94,4;95,77;95,61;98,08;124,38;8,91;47,08;9,23;2,73;5,18;5,55;42,15;3,97;10,93;99,13;2,32;70,02;94,38;70,81;3,47;457,67;18,44;13,85;77,66;5,77;4,07;1,38;52,96;28,15;2;0;88;92,5;3811,52;1419,8;5;18,27;0,28;1,31;0,18;0,42;17,99;40,99;41,02;0;29,79;38,83;519,85
Ibicoara;BA;54,11;817,36;20589,69;66,32;54,95;41,05;73,48;59,18;94,42;38,21;61,69;43,42;61,01;53,7;9,26;51,52;69,86;33,55;93,08;973,25;152,66;20,85;4,22;81,03;22,02;39,83;16,86;88,28;96,89;88,47;98,5;110,64;7,72;37,53;14,43;1,82;8,23;11,95;50,58;4,03;5;75,5;2,09;66,47;45,9;68,86;2;339,54;15,52;3,61;61,79;0,87;10,52;0,96;49,49;36,94;4;0;53;95,5;3892,03;1718,32;3;16,51;0,28;0,8;0,36;0,9;0;46,3;76,38;2,57;47,29;58,55;491,41
Ibicuí;BA;54,32;1139,38;13825,13;70,98;53,19;38,78;72,27;78,53;96,19;36,93;52,93;49,02;55,47;55,34;12,37;48,01;66,4;28,32;84,3;758,64;141,04;19,63;4,49;78,03;91,98;70,26;17,86;85,29;97,38;96,32;99,14;160,61;7,14;54,54;10,77;5,18;12,13;13,25;53,52;4,08;10,67;69,29;9,56;55,33;73,58;71,78;2,99;351,86;22,16;2,87;72,39;3,43;18,78;3,59;51,35;6,39;5;0;133,5;79;5327,51;2381,57;3;21,83;0,29;0,83;0,44;0,77;0;94,23;125,86;0,86;35,91;48,33;491,65
Ibicuitinga;CE;54,06;423,86;10506,98;60,73;62,07;39,37;83,66;60,09;89,52;9,64;77,19;58,83;51,49;60,8;11,34;48,38;65,63;32,12;97,45;643,39;100,44;10,17;3,17;76,4;54,89;37,38;27,34;61,93;97,28;82,72;98,02;237,34;26,37;108,52;13,78;0,35;3,07;9,77;17,17;5,36;2,4;92,93;1,05;66,67;91,89;70,5;3,59;402,96;14,86;6,46;71,83;5,17;4,01;5,17;46,84;29,81;1;0;169,33;56,55;1082,59;760,01;2;13,13;0,32;0,52;0,22;0;0;49,22;210,08;0;43,66;56,24;492,17
Ibimirim;PE;56,95;1929,34;11562,2;69,97;58,29;42,6;80,24;52,74;87,53;59,38;77,18;46,62;54,72;54,63;41,14;46,62;64,54;18,09;86,02;826,74;97,75;13,79;3;43,51;50,74;58,63;37,91;64,38;92,72;83,16;94,77;24,26;1,84;32,34;12,03;0,4;0,37;7,33;25,77;4,99;3,3;56,97;5,36;51,02;83,97;67,33;2,09;331,48;21,76;7,52;67,36;0,34;3;0,75;56,46;26,86;8;9;61,5;89,33;716,46;718,2;2;20,02;0,31;0,74;0,55;0,85;13,21;57,54;55,52;0,9;18,57;25,16;500,82
Ibipeba;BA;59,27;1382,01;10456,03;73,94;57,38;46,48;68,37;67,51;87;72,89;71,04;48,61;51,69;58,19;26,59;48,64;91,14;19,56;94,34;1535,98;182,58;18,25;5,98;82,33;1,64;81,26;27,46;72,36;84,8;82,36;96,47;17,28;0;13,25;15,66;3,02;5,73;5,93;27,48;4,53;2,55;59,32;6,78;45,11;92,73;69,61;2,45;413,99;19,05;14,46;75,37;1,28;3,21;18,67;49,98;18,88;7;3;115;52;4231,99;875,54;2;19,93;0,29;0,67;0,55;0,74;0;0;8,74;0;26,16;33,76;480,91
Ibipitanga;BA;57,47;954,37;8266,11;70,97;57,54;43,89;74,24;49,66;82,82;77,14;72,93;39,11;61,72;56,42;28,42;52,6;69,66;24,88;93,85;900,1;101,88;17,8;5,75;46,22;37,01;47,26;28,43;41,65;93,72;70,43;97,34;7,66;0;2,89;7,21;2,2;7,85;6,63;20,98;4,9;1,43;43,83;2,2;41,33;78,06;70,42;1,74;324,44;15,93;12,62;66,67;1,05;5,43;6,49;51,26;20,23;11;0;142,67;67,33;875,03;2122,03;3;14,15;0,28;1,18;0,22;0,53;0;37,32;79,37;1,16;24,02;30,25;501,16
Ibiquera;BA;56,73;698,25;9801,03;69,75;53,09;47,36;76,87;63,08;87,82;51,23;66,68;45,17;46,83;53,66;28,2;48,03;98,1;15,1;94,27;299,08;120,49;20,8;3,99;71,91;12,54;69,24;20,49;64,52;88,79;84,15;97,58;119,19;0;33,56;16,11;2,48;2,65;6,98;40,8;3,64;6,98;57,94;1,3;52,83;80,87;71,28;3,23;315,53;16,36;33,56;100;5,04;12,16;10,74;51,18;40,98;2;7;187;43,33;1143,79;878,46;4;23,52;0,3;1,22;0,67;0,79;0;0;0;0;16,37;26,95;452,29
Ibirajuba;PE;59,07;189,6;11730,85;69,36;60,87;46,97;79,74;58,37;90,58;48,74;74,79;52,58;59,19;56,94;26,67;48,2;87,86;25,15;93,72;903,85;125,42;12,58;3,43;45,34;59,54;62,89;25,3;58,39;94,57;92,19;98,19;77,87;7,03;42,02;14,01;0,87;0,73;10,5;18,42;4,61;3,95;74,41;7,86;47;91,78;70,16;2,92;366,42;13,51;0;56,78;0;7,42;0;46,05;29,22;6;5;54;92;1477,79;962,94;1;17,37;0,29;0,29;0,22;0,6;0;7,03;0;0;26,62;31,79;495,12
Ibirapitanga;BA;52,09;472,66;10746,16;59,66;54,8;41,82;61,67;61,81;78,21;36,95;56,11;51,06;54,75;57,28;27,88;42,16;74,16;23,07;76,95;2768,18;186,1;22,32;5,91;58,46;70,43;56,36;29,8;65,3;65,94;72,79;94,45;142,83;4,08;51,3;33,93;7,08;6,35;11,52;46,13;3,77;7,77;93,03;2,7;53,74;69,66;69,87;2,84;367,48;17,74;1,32;87,4;0,42;3,57;0,39;51,24;23,26;8;4;150,5;83;2281,11;1514,35;1;26,39;0,32;0,11;0,36;0,82;0;29,38;30,21;1,08;21,58;29,46;491,62
Ibirapuã;BA;53,65;771,1;49033,07;68,7;52,91;39,34;66,64;74,08;87,92;46,16;64,08;44,87;50,97;51,73;12,92;50,03;64,37;30,05;70,46;1804,85;178,34;16,75;4,59;77,09;70,81;64,69;12,52;74,3;83,07;82,38;99,4;146,06;0;42,72;29,23;1,4;7,87;14,1;34,88;4,75;10,02;65,75;1,13;55,6;70,53;71,43;3,09;418,6;20,48;7,49;85,4;0,85;31,76;13,49;51,38;5,9;1;4;46,5;91,5;2584,79;1124,7;2;18,97;0,29;3,24;0,22;0,86;0;144,57;91,09;2,88;43,33;50,7;469,66
Ibirataia;BA;55,16;318,13;10781,78;69,44;51,92;44,11;61,01;80,2;88,06;48,49;49,73;54,8;47,81;55,35;30,35;49,19;74,85;22,05;86,09;6249,02;250,2;21,88;4,96;73,25;89,85;83,78;21,05;76,88;86,52;84,6;95,14;81,61;7,76;28,74;7,45;6,77;10;15,18;53,4;3,63;11,58;80,84;1,5;55,37;95,65;72,33;3,49;515,63;19,16;6,65;84,25;1,03;10,33;0,53;49,14;24,59;5;8;158;76;2683,5;1281,49;4;18,19;0,31;0,24;0,18;0,64;0;37,27;10,78;1,33;25,7;34,66;507,74
Ibitiara;BA;53,05;1834;7604,24;65,1;52,07;41,97;70,65;40,59;76,78;72,39;74,02;29,18;53,46;51,6;18,92;52,71;78,73;17,53;86,31;2227,19;135,16;13,63;5,68;42,78;10,95;25,82;11,99;33,51;93,11;52,57;95,47;0;4,54;13,67;27,33;1,98;4,65;8,93;20,27;5,2;2,52;19,91;0,36;29;72,97;69,61;2,56;396,42;14,26;19,13;61,92;1,9;6,28;19,81;58,01;26,9;1;4;128;60,5;697,13;988,51;4;13,33;0,3;2,42;0,67;0,56;0;13,62;23,52;1,96;15,07;21,14;488,62
Ibititá;BA;58,91;573,03;8944,94;76,38;60,71;39,63;72,77;75,99;87,16;69,61;70,15;56,73;57,3;58,66;8,63;46,12;87,71;16,03;87,39;923,55;159,37;17,42;4,35;91,19;6,07;98,36;31,17;81,86;90,07;76,69;93,37;7,01;3,95;7,37;14,14;1,95;5;6,15;27,9;4,1;6,47;88,97;7,63;48,16;94,22;69,82;1,89;357,45;20,04;11,79;70,33;0;2,8;10,61;49,31;18,55;1;0;134,43;55,14;2440,11;1098,01;3;21,17;0,33;1,74;0,91;0,38;0;2,96;7,65;0,77;22,03;27,3;471,18
Ibotirama;BA;56,78;1740,11;15128,9;68;59,21;43,14;72,85;72,55;89,53;37,1;67,93;51,17;55,55;62,2;37,47;50,64;57,4;27,05;99,16;1150,49;158,95;19,88;5;72,57;55,31;85,17;34,41;71,88;94,55;82,29;96,68;95,41;4,47;50,93;26,61;2,33;6,07;7,7;32,28;4,13;5,43;78,8;1,93;76,61;65,43;71,78;3,2;427,99;21,43;6,08;15,96;16,58;6,8;11,4;51,65;20,6;5;11;154,5;79;1468,35;1214,78;2;16,73;0,28;1,54;0,36;0,91;10,84;107,32;95,96;21,39;31,17;40,58;490,86
Icapuí;CE;57,97;421,44;18510,37;73,24;59,77;40,9;81,16;72,7;88,42;50,66;74,01;62,42;51,98;50,66;23,03;54,96;61,15;24,45;91,49;389,96;134,04;10,04;3,01;82,07;1,27;99,88;30,23;90,3;94,13;64,88;98,11;89,46;7,04;37,33;19,6;0,43;3,83;8,27;38,45;5,3;1,37;97,56;17,26;51,18;94,63;70,44;2,15;411,89;27,11;10,26;74,63;0;7,91;0;54,26;47,07;8;0;101,6;81,38;1097,94;789,46;5;12,29;0,28;0,42;0,55;0,28;0;232,78;228,63;2,88;33,36;37,36;484,3
Ichu;BA;59,11;138,02;8854,66;74,21;60,35;42,76;75,65;67,52;89,96;63,7;70,74;57,7;53,95;59,02;33,04;52,07;69,69;16,25;100;154,72;118,06;13,57;6,36;80,56;9,52;80,02;28,71;81,57;92,67;76,63;99,13;73,31;0;22,62;0;2,2;3,33;5,4;34,67;4,2;4,73;88,82;0,19;62,88;95,3;71,23;2,66;298,1;15,23;28,27;76,92;1,84;2,09;1,62;49,45;34,81;9;4;109,67;55,67;1867,44;1107,79;3;15,17;0,29;1,71;0,44;0,72;0;50,35;70,49;4,79;19,26;24,28;496,1
Icó;CE;57,43;1865,86;11463,73;74,56;60,89;36,83;71,5;69,34;91,7;65,7;74,66;57,74;54,1;57,08;13,76;52,48;52,02;29,05;77,81;730,94;135,87;10,26;5,77;57,79;93,91;73,96;37,87;53,83;98,82;94,89;98,2;34,1;2,49;16,93;15,33;1,47;1,57;7,3;22,1;4,32;2,27;78,36;15,52;53,33;94,05;68,88;2,28;418,09;11,79;11,17;97,44;0,69;3,43;15,96;47,6;37,42;4;0;237,17;77,38;1714,01;1216,63;6;16,89;0,29;0,04;0,13;0,87;500;90,89;44,49;5,14;38,04;50,68;488,82
Igaporã;BA;60,69;836,59;12449,86;75,34;59,9;46,82;75,05;62,32;90,3;73,71;69,51;47,7;62,73;59,65;21,05;59,65;82,06;24,53;87,21;916,04;94,07;14,47;5,42;60,65;30,86;72,3;24,29;52,43;97,33;92,91;97,22;29,26;0;11,27;18,03;1,65;4,45;5,27;40,8;4,37;6,98;60;0,48;45,54;95,87;70,98;1,91;279,83;18,59;5,15;81,62;10,22;5,69;12,24;53,68;20,32;6;2;144;60;2388,62;1784,99;6;13,66;0,28;9,51;0,18;0,43;0;3,17;15,17;1,34;28,03;35,53;505,02
Igarassu;PE;60,16;306,88;28588,92;65,19;65,54;49,74;72,32;58,89;87,78;41,78;76,61;67,03;54,52;64,02;48;56,32;66,09;28,56;73,47;972,17;153,45;12,53;4,04;77,74;5,99;73,23;56,23;86,96;78,43;81,28;98,41;114,35;4,31;42,71;10,42;0,93;0,42;6,03;20,52;4,42;3,82;99,87;7,26;87,28;93,61;71,83;2,44;463,19;22,25;4,86;69,96;5,58;1,85;0,43;49,47;9,77;11;9;89,83;69,43;1461,96;553,75;8;15,24;0,28;1;0,4;0,73;0;136,85;61,02;5,39;35,3;40,28;522,85
Igrapiúna;BA;49,69;591,31;15721,94;53,37;56,69;39;66,93;43,7;72,34;30,53;61,22;47,59;60,4;57,55;8,1;45,55;77,94;24,43;76,5;1391,87;157,01;22,92;4,89;39,57;40,4;31,94;24,95;43,55;68,09;63,62;90,66;131,79;7,84;56,27;10,14;4,38;8,07;7,82;40,52;3,74;8,2;67,08;1,75;37,4;94,03;72,32;2,25;348,68;18,26;9,12;68,26;3,02;2,97;1,52;52,46;31,97;1;0;87;59,67;2271,59;1080,54;2;22,48;0,31;0,83;0,22;0,85;0;12,54;17,24;1,35;30,57;33,89;488,7
Iguaí;BA;54,38;860,22;11336,81;64,22;55,23;43,69;67,19;67,11;89,7;32,87;61,65;43,7;57,07;58,51;36,21;48,94;65,24;24,39;49,9;3670,06;98,24;10,93;4,2;63,84;86,91;56,61;25,62;68,27;92,02;86,58;97,53;142,25;15,08;50,57;6,2;3,25;3,12;9,48;45,18;3,94;14,88;62,89;3,18;36;81,91;72,18;3,54;292,94;17,74;4,65;63,29;3,15;9,32;3,26;45,37;25,37;7;10;133,5;79;5327,51;2381,57;3;17,93;0,3;0,76;0,36;0,61;0;156,43;73,53;2,2;20,18;30,58;531,65
Iguaracy;PE;58,25;836,05;9958,59;74,75;59,63;40,36;78,63;60,47;88,24;71,67;78,9;47,01;57,68;54,92;42,92;51,6;50,11;16,79;89,31;721,29;110,83;16,31;3,4;48,74;63,02;67,67;31,6;49,69;95,94;91,25;94,7;29,75;0;16,24;19,85;0,22;0,23;6,95;21,67;5,07;2,28;77,23;2,25;45,12;75,63;71,19;2,23;396,34;15,84;13,54;65,55;0,21;12,72;14,44;46,78;22,86;8;8;122,11;49,22;1124,54;482,95;3;13,07;0,31;2,64;0,22;0,69;370,37;93,44;136,43;3,52;11,01;14,09;507,22
Iguatu;CE;61,73;992,21;18764,81;73,34;66,48;45,38;76,6;66,66;95,6;54,51;78,08;68,3;58,14;61,38;41,53;56,04;57,33;26,62;84,1;895,28;141,51;11,42;3,67;79,95;4,4;85,67;37,68;83,98;98,87;94,29;98,23;58,63;6,62;27,94;24,07;0,38;2,6;7,72;17,08;5,15;2,28;96,6;23,84;71,06;94,53;73,48;2,53;399,33;16,88;11,01;77,8;3,62;3,6;3,47;41,86;44,01;10;7;103,86;77,33;1249,89;631,49;5;12,73;0,28;2,5;0,35;0,82;35,09;90,72;65,41;13,38;30,17;35,7;533,5
Ilha de Itamaracá;PE;53,75;66,15;11806,82;54,55;67,22;39,48;69,14;61,81;77,61;9,64;76,35;71,77;58,98;61,78;29,04;51,39;60,61;16,87;56,91;666,16;156,78;13,57;3,76;65,19;5,53;100;61,97;56,89;59,69;75,73;98,31;194,85;16,16;85,57;4,89;0,62;0,17;8,85;16,75;4,36;2,73;100;19,39;90,64;94,63;73,55;2,5;381,17;19,59;3,06;91,03;4,09;0,8;0;55,78;8,36;5;6;109;78;947,99;917,88;6;18,81;0,3;1,17;0,36;0,72;0;219,11;247,69;3,27;12,86;19,65;501,31
Ilhéus;BA;55,79;1588,56;27516,12;60,02;60,22;47,13;50,02;82,35;86,42;21,28;62,02;69,88;53,4;55,59;43,54;51,52;58,26;35,18;25,89;2089,75;171,78;22,44;6,85;80,68;88,51;92,54;37,59;70,95;89,51;85,3;90,44;165,6;7,73;62,56;19,59;3,58;6,15;9,9;41,92;3,97;8,87;92,03;19,58;90,73;94,16;73,47;3,27;415,96;19,39;6,38;84,46;5,45;13,97;0,39;51,66;23,43;8;9;106,53;57,41;1118,09;575,69;5;17,42;0,3;1,1;0,19;0,97;17,88;84,42;23,06;34,77;44,08;47,89;552,48
Inajá;PE;54,99;1240,96;7214,68;61,69;55,96;47,32;74,81;49,96;65,06;56,94;68,68;40,82;57,69;56,64;56,93;38,97;65,83;27,56;84,88;506,35;125,84;20;3,87;34,35;25,53;60,48;16,79;32,94;84,83;60,48;65,59;43,43;4,61;38,28;8,59;2,18;2,25;8,8;39,17;4,23;4,7;48,28;3,81;31,15;87,04;67,66;1,98;337,12;18,97;4,88;64,81;1,32;3,73;0;53,55;21,78;14;12;46,5;90,33;924,61;582,61;3;23,96;0,39;0,57;0,73;0,4;0,87;81,46;166,79;0;38;45,43;500,95
Independência;CE;54,7;3222,38;12598,81;66,25;59,97;37,87;76,63;55,57;89,26;43,55;85,87;47,43;52,22;54,35;12,55;54,46;64,6;19,87;91,47;881,21;116,34;23,34;3,23;47,41;85,48;38,8;25,6;45,6;99,04;88,45;98,41;67;12,47;40,79;18,32;0,2;1,07;5,82;13,93;6,96;0,15;61,35;3,55;47,82;87,99;70,51;3,14;378,81;20,49;9,99;57,33;1,89;8,09;29,14;46,17;46,01;3;0;96;64;1759,02;1009,55;5;16,17;0,27;2,15;0,18;0,41;0;91,45;105,96;5,73;21,48;24,54;488,2
Ingazeira;PE;62,73;243,86;10257,23;77,98;61,92;48,27;79,26;59,86;90,66;82,13;75,15;61,59;58,88;52,08;34,59;53,02;68,55;36,94;96,85;677,36;120,65;17,72;3,42;51,5;61,65;55,26;17,54;56,82;97,51;93,43;96,2;0;0;6,99;13,99;1,83;6,08;3,95;20,88;4,97;3,98;74,03;20,22;68,83;94,86;70,96;2,13;357,52;19,93;7;69,32;0,46;19,79;4,2;48,45;34,04;7;4;217;32;785,67;967,9;4;16,11;0,29;2,95;0,22;0,94;0;34,14;136,52;3,67;50,61;67,28;489,6
Inhambupe;BA;53,14;1082,28;17808,5;63,72;55,52;40,18;72,41;61,88;86,77;33,82;57,03;55,83;53,79;55,42;29,99;49,23;66,7;14,82;85,95;496,87;160,53;22,52;3,8;80,91;30,6;57,1;39,24;58,32;90,55;81,46;97,41;145,16;5,79;62,15;18,35;3,27;10,6;9,6;59,08;3,49;5,95;77,55;3,28;75,92;83,85;70,43;3,13;381,7;17,16;9,47;56,03;3,31;6,89;2,66;49,66;43,78;8;6;121,5;83,5;3651,84;3078,96;2;16,88;0,29;0,46;0,15;0,81;0;89,15;69,69;1,52;12,46;15,8;482,65
Ipaporanga;CE;56,78;704,77;9630,57;71,6;60,37;38,39;75,82;61,7;92,48;56,39;79,11;49,97;53,03;59,35;16,73;50,21;61,95;24,66;94,77;1525,84;138,58;18,89;3,68;36,27;51,88;76,67;6,57;73,58;95,7;89,36;98,81;10,05;17,16;8,64;25,92;0,2;3,22;10,6;14,23;6,03;1,98;79,22;8,4;28,88;91,13;70,93;2,55;396,29;21,94;15,55;57,5;0,16;4,38;25,92;45,79;10,92;4;0;78,33;71;838,54;614,01;3;18,64;0,28;0,1;0,67;0,85;0;199;356,51;1,12;28,82;37,31;487,82
Ipaumirim;CE;59,21;276,51;11614,68;73,4;60,21;44,01;78,23;61,21;90,61;63,55;68,57;59,84;56,15;56,27;29,02;51,16;73,32;22,56;86,59;870,71;87;12,86;4,37;67,11;63,98;46,54;27,09;71,94;99,07;89,59;92,01;9,16;8,25;8,28;14,9;1,6;4,4;10,32;43,93;4,59;1,15;98,58;3,46;61,62;91,9;68,72;2;359,56;20,94;5,52;77,78;2,38;7,74;4,97;44,62;50,79;11;0;89;62;1857,96;894,93;2;16,32;0,28;0,86;0,67;1;0;39,6;47,79;2,76;27,87;34,91;491,64
Ipecaetá;BA;53,82;372,56;7531,33;65,63;54,22;41,6;76,73;53,3;77,9;54,6;54,11;47,34;58,71;56,72;15,74;43,62;75,66;31,39;78;404,75;120,64;10,85;3,89;60,18;8,24;66,39;43,37;23,75;90,55;60,29;98,95;53,36;4,74;27,72;7,29;7,2;12,12;7,53;50,33;3,32;5,72;72,08;2,17;34,74;90,14;71,53;2,61;387,99;12,06;4,86;88,86;0,92;4,45;0,73;52,25;20,16;1;3;163;57,33;1434,6;1047,66;3;14,22;0,39;0,48;0,22;0,79;0;24,86;15,67;1,7;38,64;52,15;484,77
Ipiaú;BA;57,74;280,45;13479,41;76,61;61,85;34,76;69,69;90,11;94,38;52,27;63,12;65,25;55,61;63,4;6,59;53,14;48,91;30,39;76,74;1709,35;161,16;17,34;4,23;92,84;96,9;93,76;27,5;90,99;97,05;91,64;95,39;90,02;1,18;33,41;11,79;2,45;11,78;7,95;37,97;4,06;6,88;95,88;6,36;83,74;94,21;72,74;3,11;412,4;18,97;4,91;63,48;10,49;4,46;0,25;48,61;23,17;1;0;207;66,75;2952,1;1566,04;4;17,17;0,28;2,41;0,31;0,41;40,16;429,14;211,89;2,71;29,35;36,54;556,53
Ipirá;BA;55,99;3105,28;11301,45;70,14;58,64;39,2;72,12;69,24;87,2;51,98;60,74;52,65;60,25;60,93;8,46;50,96;74,64;22,73;65,12;286,77;83,31;16,14;4,92;65,3;72,64;70,4;28,14;61,53;94,32;76,63;97,76;82,2;2,55;34,11;21,1;4,22;7,45;9,92;42,97;3,82;6,73;54,55;11,21;65,68;90,92;69,89;2,9;247,02;13,2;8,44;60,6;2,97;5,83;1,58;43,46;25,28;0;0;94;63,33;764,41;941,25;4;17,33;0,29;0,25;0,13;0,99;0;24,49;22,48;0,75;19,16;26,03;519,53
Ipojuca;PE;55,22;521,8;142357,2;60,69;64,29;40,68;63,17;52,54;84,81;42,22;75,23;69,91;54,07;57,94;15,75;50,45;45,93;50,6;73,18;796,29;203,73;11,16;7,19;46,34;52,89;63,3;54,51;81,71;68,9;83,49;97,61;106,87;3,95;41,64;13,75;0,38;0,23;8,3;23,98;4,2;2,77;98,56;15,22;90,47;93,84;71,44;2,69;488,11;18,97;2,43;69,61;1,27;12,25;1,21;46,73;7,48;4;0;116,4;68,17;1558,09;656,31;4;19,35;0,29;1,65;0;0,9;106,87;449,43;182,09;1,12;80,88;78,72;507,72
Ipu;CE;59,63;626,05;12186,74;73,49;63,21;42,2;74,11;64,79;84,68;70,39;79,05;56,3;58,22;59,28;12,3;51,6;70,82;34,07;72,5;946,14;150,68;11,53;3,37;63,48;25,13;86,29;35,41;24,79;94,81;85,72;98,17;17,47;1,61;5,48;15,58;0,7;1,03;5,47;23;5,1;0,95;90,42;8,56;43,83;93,55;70,69;2,11;422,1;14,69;6,33;81,62;3,35;2,64;11,44;52,1;17,22;2;0;104;67;986,56;759,04;4;15,9;0,3;1,62;0,31;0,79;0;62,92;34,1;0,51;44,1;59,82;503,8
Ipubi;PE;54,75;693,91;11203,44;65,3;60,68;38,27;69,47;48,51;82,08;61,14;76,71;57,66;53,68;54,66;16,3;44,83;72,8;19,16;98,15;902,94;119,69;19,67;7,6;34,25;42,77;55,91;31,75;54,24;78,58;78,93;96,17;30,2;6,83;24,82;28,27;0,92;0,47;7,95;17,98;4,53;2,35;83,42;2,87;67,15;93,35;67,72;2,72;412,77;13,44;10,34;47,71;2,49;8,75;13,79;48,42;40,42;5;0;111;84;1453,11;783,52;2;22,26;0,32;0,94;0,73;0,58;0;35,52;67,93;1,79;16,85;24,18;495,9
Ipueiras;CE;61,48;1483,26;8632,89;77,17;60,11;47,16;75,7;75,8;90,3;66,86;76,11;54,69;50,21;59,42;29,46;51,18;86,46;21,53;90,47;1158,66;165,27;13,91;3,58;90,42;8,83;96,65;30,19;50,66;96,96;92,66;98,26;12,25;3,6;10,87;32,07;0,47;2,13;7,73;34,65;5,3;0,37;89,86;10,66;34,77;92,5;69,1;2,64;472,19;19,06;11,41;60,26;1,23;2,75;17,94;49,07;15,6;10;0;119;60;1100,76;615,29;3;15,52;0,29;1,65;0,31;0,81;0;11,87;0;1,95;27,21;32,76;493,03
Ipupiara;BA;56;1055,76;9816,34;74,73;53,18;40,09;66,81;67,64;83,87;80,59;64,83;29,97;61;56,91;6,11;50,51;82,54;21,21;96,27;995,37;138,25;40,15;5;64,62;42,84;72,86;13,9;69,69;96,27;53,94;98,51;0;0;7,55;30,2;3,85;8,27;7,85;36,83;4,75;8,3;72,38;5,87;55,49;0;69,16;2,04;329,1;11,44;10,07;69,25;0,37;3,36;3,02;53,82;14,39;1;0;191;70;2418,2;1989,26;2;12,96;0,3;0,68;0,22;0,9;0;35,09;0;0;19,75;25,62;525,12
Iracema;CE;57,1;839,17;13649,82;74,64;61,47;35,18;81,62;67,02;93,53;56,4;81,25;58,83;50,66;55,13;9,02;52,98;57,93;20,79;92,8;1414,01;117,49;7,83;3,13;84,25;66,39;55,83;46,26;78,45;98,73;87,54;98,89;45,78;14,17;25,71;17,14;0,13;0,6;6,97;10,37;5,18;1,7;84,62;17,2;46,95;95,76;68,97;2,14;392,94;19,08;18,57;94,7;0,71;8,5;15;47,75;30,52;1;0;64;78;794,38;940,41;3;15,71;0,26;0,47;0,44;0,52;0;291,95;542,64;0,93;19,12;23,72;505,59
Irajuba;BA;55,36;459,05;12557,67;71,02;53,08;41,98;64,41;54,14;84,86;80,69;58,57;38,53;63,73;51,48;31,34;45,84;73,65;17,1;74,32;5322,66;164,57;21,28;4,15;62,38;9,26;58,02;29,27;74,4;95,41;68,13;91,46;0;0;4,1;65,56;4,62;8,22;14,32;35,87;4,2;9,98;55,37;0,17;41,29;67,75;71,57;2,19;369,22;13,96;8,2;35,08;0,91;22,93;6,56;51,31;22,51;8;6;81,5;79;2506,68;1588,36;2;19,26;0,33;1,24;0,44;0,49;0;24,25;51,71;0;19,99;24,74;485,56
Iramaia;BA;52,08;1708,12;9353,32;68,66;49,43;38,15;67,46;49,66;84,55;72,99;42,21;38,3;62,33;54,89;11,12;48,06;74,51;18,91;78,85;10363,68;146,6;16,06;4,47;48,03;2,22;58,63;21,29;50,69;86,83;78,63;98,48;46,14;0;13,02;13,95;19,22;10,95;8,78;49,47;3,9;4,57;51,87;8,92;32,55;66,44;69,37;2,18;310,74;17,07;2,33;47,39;3,41;13,58;36,27;45,07;34,96;1;4;53;95,5;3892,03;1718,32;1;15,39;0,3;0,12;0;0;0;18,99;17,16;1,44;26,93;35,28;454,59
Iraquara;BA;57,27;991,82;36508,61;70,44;58,73;42,64;70,2;56,63;86,4;68,51;72,97;48,69;54,98;58,27;9,81;51,6;83,99;25,15;91,44;7368,22;136,87;17,56;4,5;86,3;5,78;37,09;22,21;40,55;92,57;87,34;97,73;20,89;2,76;10,05;20,1;0,57;6,25;8,12;29,18;5,09;4,08;53,69;6,21;53,18;92,32;69,95;2,23;412,46;17,76;11,73;70,54;2,03;3,26;7,96;48,73;32,66;2;0;130;41;4531,47;1937,17;4;18,15;0,29;1,63;0;0;0;11,61;0;3,19;31,68;37,59;495,8
Irará;BA;57,46;267,88;9767,39;69,53;63,53;39,33;71,37;60,07;90,08;56,61;63,51;63,62;58,31;68,67;17,24;52,33;63,05;24,71;96,31;876,43;185;18,72;5,05;36,49;4,97;95,31;7,46;33,39;98,9;97,15;99,7;58,61;2,29;22,82;8,56;2,82;9,18;5,98;47,75;4,03;6,33;92,12;6,59;84,36;90,43;73,53;2,64;398,85;18,68;5,71;77,47;7,97;1,86;0;42,7;10,63;7;0;59;85,5;2611,61;1296,86;4;14,05;0,29;0,12;0,18;0;0;145,38;111,85;0,7;25,37;33,98;507,87
Irauçuba;CE;60,22;1466,41;8965,38;74,17;62,78;43,71;81,35;58,31;89,54;67,49;82,57;53,82;55,43;59,28;23,73;50,67;74,69;25,76;88,24;745,14;90,07;13,51;3;71,03;52,3;39,73;28,67;75,38;91,7;83,17;96,91;40,19;5,64;12,54;22,58;0,03;1,72;6,6;11,75;5,75;0,43;69,46;6,33;56,02;95,72;70,28;2,16;417,99;20,05;7,32;75,05;0,66;3,76;4,6;45,1;31,66;9;0;75,6;87,83;1576,41;772,6;4;17,37;0,3;1,39;0,36;0,47;0;13,54;58,31;1,86;34,66;43,29;474,69
Irecê;BA;60,59;319,17;19682,51;72,48;65,05;44,22;72,18;89,88;95,95;31,93;72,07;71,86;51,23;65,05;12,67;58,25;63,8;42,16;76,25;646,85;185,43;12,37;3,77;97,88;75,51;99,47;29,71;95,24;96,41;91,52;98,56;93,83;9,8;46,44;53,42;0,38;7,27;7,95;28,45;4,9;5,17;99,85;20,64;90,08;94,07;71,53;2,49;476,44;23,19;6,98;86,73;6,12;1,94;0,13;47,39;11,85;3;0;134,43;55,14;2440,11;1098,01;8;13,61;0,27;1,89;0,4;0,94;0;255,31;44,76;12,51;51,74;60,6;565,7
Itabela;BA;52,22;924,91;17528,55;57,27;53,55;45,82;67,37;66,41;86,98;8,33;56,71;61,03;40,25;56,23;33,55;43,5;70,98;35,25;76,13;1698,87;186,58;15,4;4,87;75,82;3,77;80,59;21,64;85,87;85,46;72,89;96,96;241,22;15,73;93,73;31,24;3,98;8,8;16,02;43,3;3,59;5,25;94,44;3,07;71,62;92,7;70,08;4,47;516,08;19,59;6,39;78,44;2,25;10,24;3,2;49,06;21,81;5;9;96,5;70,5;2674,43;823,2;2;24,7;0,32;1,02;0,36;0,89;0;31,46;41,01;16,36;45,39;59,51;487,19
Itaberaba;BA;59,18;2386,39;14713,85;76,31;60,86;40,38;73,42;87,25;92,73;51,85;65,62;65,44;57,09;55,28;15,83;54,09;60,98;30,62;75,41;523,51;146,87;15,26;3,73;87,41;88,15;95,88;28,9;78,67;96,08;87,91;98,3;90,21;5,94;34,42;18,13;1,58;2,32;7,87;40,52;4,08;16,27;82,08;16,8;84,33;94,3;71,12;2,82;398,61;17,41;6,76;45,82;4,63;7,25;3,84;49,73;49,38;4;0;516,5;50,25;1947,16;1479,89;5;16,48;0,27;1,08;0,27;0,98;0;418,83;72,94;5,61;33,13;43,88;532,49
Itabuna;BA;59,23;401,03;21514,98;72,04;62,82;42,83;66,7;94,36;92,94;34,18;64,08;72,21;49,2;65,79;12,19;59,02;57,91;42,21;71,59;691,88;186,2;22,43;4,22;89,93;89,05;99,69;1,7;82,27;95,76;86,99;98,36;148,38;5,41;58,06;27,21;3,65;5,53;9,18;34,13;3,88;7,97;99,59;20,72;91,58;94,37;73,42;3,48;484,9;22,08;4,82;85,87;7,1;1,86;0,16;43,53;29,32;2;0;106;59,71;787,59;1201,92;10;14,85;0,27;0,59;0,1;0,91;3,65;179,11;16,94;43,6;55,77;63,09;552,71
Itacaré;BA;53,78;726,26;14643,53;64,79;57,9;38,64;69,42;64,85;74,32;50,59;59,69;53,64;62,92;55,35;18,5;44,96;63,72;27,38;84,26;994,38;163,78;19,51;5,09;56,69;66,38;70,16;29,97;56,63;66,78;62,31;92,99;67,52;2,45;37,51;7,22;2,8;10,23;10,43;44,03;3,84;9,43;53,12;6,68;75,01;94,08;73,42;2,04;334,9;19,07;5,78;80,25;2,84;7,99;1,8;53,11;21,66;6;0;144,5;76;1037;1258,2;3;21,77;0,33;0,58;0;0,65;7,65;60,19;32,22;3,49;39,07;47,31;489
Itacuruba;PE;61,75;436,53;15992,51;81,01;58,29;45,96;70,84;81,83;88,77;82,61;75,36;69,04;37,6;51,17;16,53;54,4;60;52,91;67,48;752,09;176,41;3,33;5,05;72,53;80,25;99,79;30,1;73,97;93,9;83,56;93,63;0;0;5,84;23,34;0,65;1,08;4,27;36,02;4,57;3,5;94,22;17,11;90,36;92,15;67,7;3,05;453,34;21,41;31,12;100;0,2;14,76;2,33;49,13;48,01;1;5;80,5;91,25;1441,76;1119,57;4;22,64;0,29;13,13;0,44;0,54;5,56;145,99;119,19;1,52;80,45;107,95;477,07
Itaeté;BA;53,88;1331,82;9237,98;63,57;56,17;41,88;69,27;56,03;88,58;40,43;70,38;53,44;48,12;52,75;32,86;48,89;67,33;18,44;59,76;715,04;146,47;11,42;4,55;57,83;31,52;50,37;16,13;64,57;94,16;79,74;98,54;127,39;7,42;46,02;19,3;0,83;8,88;8,6;26,12;4,59;4;82,16;5,32;45,22;92,65;68,15;3,99;353,73;16,63;10,39;46,24;4,63;9,87;8,17;53,1;45,88;3;12;99;83;3801,47;1220,47;3;21,34;0,29;0,63;0;0;0;83,15;35,91;0,4;21,48;28,26;481,93
Itagi;BA;55,57;310,62;9051,63;72,57;55,82;38,3;73,61;78,91;86,04;51,71;57,92;55,24;51,39;58,74;9,3;44,95;75,56;23,4;90,84;1011,86;166,94;14,3;4,54;76,89;86,88;79,08;24,44;77,33;92,12;71,3;93,87;81,86;4,86;34,78;10,87;3,1;9,35;10,78;53,97;3,59;7,27;88,53;2,38;50,26;93,45;66,62;3,02;394,06;18,91;7,24;26,09;2,8;4,09;2,17;49,25;26,6;1;0;101,73;60,45;1454,06;991,47;2;23,78;0,31;0;0,44;0,72;0;17,51;40,44;0,93;28,45;37,77;509,86
Itagibá;BA;56,97;810,99;70360,72;74,52;56,27;40,11;71,89;75,29;91,99;58,91;66,43;53,2;51,9;53,56;16,22;50,26;66,28;27,67;76,37;811,43;175,1;13,96;3,84;78,89;88,32;65,24;25,59;82,03;93,19;89,64;96,09;43,53;7,88;19,6;15,68;2,1;9,23;8,35;36,73;4,5;5,17;82,14;1,26;51,12;91,89;71,2;2,4;413,19;22,49;14,7;80,9;8,19;19;1,31;57,36;18,98;1;5;162;88,5;1132,86;2909,4;3;16,2;0,29;0;0;0,96;0;49,93;148,83;0,41;39,76;44,52;490,67
Itagimirim;BA;55,09;876,8;19715,52;69,08;51,09;45,09;74,18;79,48;92,35;30,3;40,75;57,13;54,35;52,13;15,93;50,14;75,99;38,29;91,46;300;123,22;23,54;4,45;87,5;70,2;77,21;23,95;90,83;92,04;85,54;97,22;109,63;10,49;50,42;47,27;8,22;19,25;21,12;61,47;3,55;4,08;82,39;0,5;69,73;92,98;74,24;3,87;369,6;18,31;7,88;62,34;3,79;27,87;6,3;54,9;7,59;1;3;130,13;63,75;1311,96;794,59;2;16,41;0,3;3,46;0,22;0,57;0;15,73;25,85;0;57,37;72,03;477,39
Itaguaçu da Bahia;BA;52,68;4310,24;12126,44;65,33;54,03;38,68;73,53;39,1;82,72;65,98;66,89;37,04;61,79;50,39;15,18;46,65;81,2;11,69;88,33;1364,77;116,88;15,44;5,24;40,7;1,07;38,86;30,3;51,09;87,67;80,55;91,76;17,89;5,55;16,25;22,74;3,13;3,82;9,7;32,3;4,04;5,08;28,37;6,55;28,78;88,87;69,42;2,09;317,31;14,21;8,12;54,81;0;32,04;14,62;48,19;28,63;6;0;64,5;82;4276,89;1107,41;2;21,81;0,3;0,45;0,44;0,85;0;9,99;10,62;0,6;7,87;9,89;462,52
Itaíba;PE;57,4;1034,04;8473,54;73,82;56,88;41,49;76,98;57,08;89,19;72,05;73,1;45,6;56,44;52,39;25,92;45,58;76,26;18,22;85,43;783,98;147,7;12,46;3,37;52,25;42,91;72,26;47,61;47,34;96,55;89,79;98,49;32,92;0;15,31;25,11;0,37;0,38;8,7;27,95;3,9;4,02;56,84;0,78;44,3;91,12;66,25;1,83;390,61;15,97;7,35;54,84;0,1;6,6;2,14;58,08;17,15;9;0;46;85;913,64;486,22;2;18,9;0,33;0,24;0,15;0,26;0;9,17;36,85;0;12,54;19,56;517,95
Itaiçaba;CE;57,64;213,6;10728,87;75,63;64,36;32,92;80,78;57,73;93,3;70,71;82,99;62,74;51,31;60,42;8,03;53,51;39,6;30,55;96,48;786,14;110,7;18,31;2,8;72,14;40,08;40,57;24,81;89,3;96,82;82,63;98,76;38,78;0;18,58;18,58;0,02;2,87;6,17;11,82;6,08;0,65;95,53;17;72,79;80,5;70,5;2,22;402,98;29,91;10,62;65,17;2,63;2,51;0;48,61;26,23;2;0;78;89;1540,66;1401,22;3;15,1;0,27;2;0,89;0,75;2222,22;334,02;665,68;8,63;37,77;47,73;520,84
Itaitinga;CE;60,34;153,69;17940,48;71,1;65,92;43,99;81,19;66,55;87,3;49,35;76,47;62,38;58,64;66,2;36,18;53,35;61,61;24,83;93,36;752,54;147,87;9,37;2,73;91,18;3,25;75,01;40,42;96,64;81,14;71,24;97,96;81,7;6,15;40,53;8,66;0,52;3,72;9,33;18,72;5,17;1,42;99,88;9,62;59,7;94,76;71,05;1,66;444,48;18,25;4,33;90,76;4,37;2,27;0;42,71;11,24;9;6;74,33;82,5;1254,45;845,23;3;10,94;0,29;0,54;0,67;0,76;44,64;39,35;92,61;5,02;28,34;37,51;498,64
Itaju do Colônia;BA;51,92;1225,29;14647;63,93;51,95;39,86;63,89;84,82;91,69;15,34;63,03;50,35;49,1;45,32;7,05;44,73;83,9;23,77;54,89;1466,67;108,22;32,85;3,82;86,6;92,72;80,45;17,96;87,59;91,17;88,02;95,7;236,54;10,94;86,14;16,56;5,03;5,92;6,27;39,68;3,45;4,48;57,29;0,44;60,64;96,59;68,45;3,61;424,09;15,51;0;80,77;1,01;34,22;41,41;60,92;5,29;1;0;127;80;1298,89;1531,72;3;27,62;0,3;1,21;0;0,67;0;16,4;0;0;35,57;44,94;473,1
Itajuípe;BA;55,59;270,75;13373,61;67,3;55,83;43,65;60,31;79,48;91,09;38,34;58,04;59,94;42,22;63,11;19,74;52,02;79,77;23,07;83,62;2610,29;216,69;31,73;5,07;87,27;47,19;94,96;34,28;85;87,96;86,26;98,29;123,74;3,46;51,12;7,45;3,92;8,07;9,45;52,53;3,7;10,02;92,71;1,02;68,91;94,69;70,52;3,93;532,05;25,33;6,39;55,93;0,78;2,29;0,53;44,47;13,37;4;0;93,5;70;346,23;426,26;6;20,1;0,3;3,64;0,55;0,99;0;10,39;19,1;3,58;25,39;33,74;485,03
Itamaraju;BA;54,87;2360,58;18032,09;64,75;57,48;42,39;68,63;82,95;89,3;18,1;66,31;60,8;48,11;54,69;31,64;47,24;60,63;30,07;75,13;1098,1;159,28;19,28;4,63;86,48;92,52;80,58;28,14;87,59;94,05;75,8;94,84;164,47;10,58;67,11;28,86;1,53;8,9;10,42;33,63;4,62;7,08;85,85;6,64;72,14;94,87;71,04;4,13;412,73;20,6;5,03;54,77;7,36;9,36;2,52;58,68;18,86;14;0;152;63;2404,59;1396,37;2;20,27;0,3;0,83;0,53;0,42;18,53;99,22;57,62;4,62;32,95;43,1;526,95
Itamari;BA;55,32;143,48;14425,36;72,33;53,25;40,39;68,2;71,78;88,14;61,19;47,59;56,23;53,25;55,94;22,18;45,3;84,93;9,15;54,04;764,13;128,96;8,9;5,27;72,15;78,4;67,74;27,71;75,38;89,56;83,97;94,18;66,62;0;25,53;17,73;10,63;10,22;11,03;58,67;3,43;6,95;93,67;5,4;44,55;93,61;67,77;2,71;331,5;20,19;3,55;75;4,47;11,31;2,84;49,04;33;2;5;156;47,67;1788,86;1058,36;3;22,52;0,32;0;0;0,94;0;0;35,21;0;7,41;8,87;449,49
Itambé;BA;56,07;1534,58;11826,83;79,17;54,05;34,99;71,43;85,39;93,6;66,25;56,93;51,82;53,8;53,65;11,79;54,17;56,59;17,41;93,03;2468,07;144,25;19,89;4,68;86,4;92,61;84,98;22,16;88,33;93,34;91,44;96,95;29,23;2,76;15,58;14,76;6,37;6,83;9,78;44,75;3,29;7,13;77,16;1,34;46,32;94,79;69,99;2,7;412,57;18,72;5,74;70,24;1,35;21,26;4,51;50,13;13,26;4;0;30,5;94;1902,56;968,71;8;19,74;0,28;0,9;0,55;0,91;69,44;115,76;87,74;2,63;17,14;20,53;483,85
Itambé;PE;55,11;304,01;14374,28;64,18;62,56;38,59;77,29;53,02;93,89;32,54;73,51;66,14;50,94;59,65;33,26;45,13;52,68;23,3;100;643,35;182,95;18,82;2,89;67,9;7,72;75,78;75,78;92,89;91,83;89,78;98,14;157,61;2,8;65,26;9,16;1,92;0,4;4,68;23,92;3,92;6,72;99,84;1,91;90,62;93,96;68,59;2,68;417,2;19,2;4,58;87,98;1,03;2,3;4,01;52,31;7,9;8;4;84;52,5;1601,82;560,93;2;22,22;0,31;0,41;0,15;0;303,03;52,69;107;1,24;23,9;32,13;519,17
Itanagra;BA;49,38;533,63;13555,11;58,23;55,06;34,86;84,48;51,48;71,22;25,73;60,36;52,49;59,56;47,81;5,54;43,95;49,71;40,26;100;237,61;115,5;8,72;3,11;57,92;4,92;49,37;16,54;65,83;62,22;56,35;88,28;109,14;16,59;54,11;11,27;2,07;5,05;10,8;56,07;3,62;9,17;61,96;0,79;91,46;75,34;72,73;2,12;373,47;19,18;12,68;66,36;4,96;22,34;0;58,68;45,99;0;0;217,33;51;4279,05;1572,23;1;20,83;0,32;0;0;0;166,67;139,4;116,16;0;60,08;77,67;466,32
Itanhém;BA;55,68;1394,17;16208,27;69;53,33;44,7;73,53;76,52;91,7;34,27;59,32;45,33;55,12;53,57;37,06;52,93;63,58;25,25;92,5;2228,31;139,81;14,69;4,71;76,34;82,23;70,53;17,68;79,74;91,77;86,76;98,85;122,31;9,06;47,16;11,23;4,6;13,88;9,65;44,93;4,58;4,97;74,48;1,21;35,42;80,65;72,41;2,75;362,68;22,29;2,81;100;2,71;20,3;2,25;51,93;14,86;8;8;203;69,5;1890,68;1692,59;3;16,45;0,28;4,02;0,18;0,63;22,52;79,27;13,29;2,79;28,77;37,66;510,8
Itapajé;CE;60,51;432,19;12201,47;74,8;61,97;44,76;78,68;74,84;91,21;54,48;81,71;61,18;49,07;55,94;21,52;58,4;76,47;22,64;91,02;672,24;152,43;13,17;2,99;71,47;97,34;75,22;39;77,4;93,92;85,37;97,74;64,36;5,92;28;23,69;0,2;1,43;5,45;17,05;5,54;0,52;94,43;10,51;59,39;94,16;70,57;2,57;479,33;23,43;11,2;76,21;0,37;2,34;4,52;56,69;17,77;3;5;75,6;87,83;1576,41;772,6;5;14,55;0,28;9,41;0,77;0,93;0;30,44;24,49;3,08;25,31;30,45;513,8
Itaparica;BA;55,09;121,37;12212,67;63,54;61,15;40,57;67,14;79,92;83,06;24,03;64,83;66,13;50,68;62,97;8,76;54,09;72,3;27,14;64,62;1297,74;154,8;21,32;3,96;80,96;94,41;91,31;54,64;65,37;75,5;76,9;98,18;223,12;3,19;69,74;10,11;1,77;6,27;6,4;46,83;3,79;8,58;100;1,85;91,34;93,23;74,56;3,82;411,43;22,31;3,79;94,37;4,02;0,98;0;53,06;6,7;1;0;218,5;74,33;2142,38;724,46;6;16,29;0,29;1,92;0,18;0,98;0;28,71;41,41;3,36;32,66;37,29;514,44
Itapé;BA;59,94;453,14;10064,4;73,64;54,35;51,83;65,08;85,02;94,54;49,92;57,3;51,11;52,59;56,38;40,18;50,7;99,26;17,18;92,69;472,91;192,73;34,41;5,18;90,81;92,49;84,2;31,32;91,96;92,36;91,75;98,63;136,3;0;36,75;15,47;4,28;8,75;10,08;45,77;3,95;14,55;88,06;6,67;41,22;79,69;70,66;3,31;397,25;16,47;3,22;84,03;6,3;13,06;3,87;51,68;20,55;9;7;106;59,71;787,59;1201,92;3;18,23;0,28;1,18;0,89;0,91;0;0;0;0,61;23,79;32,28;467,65
Itapebi;BA;54,05;1013,07;35585,33;70,99;51,65;39,49;66,12;70,92;94,32;52,6;49,49;54,88;47,14;55,1;12,01;42,55;63,26;40,15;63,87;731,27;161,86;15,66;5,34;93,06;6,53;76,63;25,52;90,59;93,98;92,88;96,75;51,05;7,35;26,16;45,78;4,92;16,28;13,83;55,25;3,15;6,6;84,61;0,35;53,49;95,46;68,08;3,18;446,53;22,78;5,45;57,82;1,47;25,57;2,18;46,66;12,26;2;0;130,13;63,75;1311,96;794,59;4;25,58;0,36;2,64;0,44;0,64;0;251,32;105,16;0;57,6;73,07;491,3
Itapetim;PE;57,75;411,88;9899,81;76,66;58,79;37,81;78,96;70,62;91,22;65,84;76,33;55,85;44,32;58,66;11,11;53,31;65,45;21,38;96,22;377,59;160,4;16,02;2,9;60,44;64,33;77,07;15,44;62,95;97,06;87;99,73;37,19;0;30,46;11,6;0,28;3,85;5,7;22,15;5,13;6,85;90,45;2,65;51,39;92,83;67,25;2,86;522,25;21,17;5,8;81,38;0,23;7,34;1,45;44,56;21;2;0;76;82;994,26;724,5;5;16,48;0,28;0,77;0,44;0,56;0;99,43;149,03;1,47;21,04;26,47;516,13
Itapetinga;BA;58,57;1651,16;21499,55;73,7;60,19;41,81;67,68;93,11;97,45;36,55;63,74;63,66;52,6;60,78;14,71;54,45;65,32;32,77;71,61;1176,53;160,1;18,43;4,78;99,08;99,5;100;36,03;98,08;96,93;96,32;98,28;97,02;8,18;41,58;18,51;3,32;6,1;8,43;38,75;4,07;9,67;97,63;5,03;76,69;93,67;72,39;3,12;434,9;22,51;8,19;54,92;2,56;6,17;3,34;47,29;3,82;4;0;439,4;52,2;2848,38;1482,66;6;17,89;0,31;7,47;0,4;0,96;7,94;53,76;38,34;7,67;36,62;44,24;541,86
Itapicuru;BA;52,35;1557,68;13301,03;66,89;53,95;36,22;68,08;59,07;85,85;54,58;59,35;47,9;53,93;54,62;17,73;49,03;54,46;23,65;84,95;601,38;149,48;27,57;5,12;80,42;25,19;45,91;29,63;49,13;93,08;78,32;98,36;60,97;4,79;27,78;19,57;4,88;5,15;8,38;51,25;3,51;8,17;74,61;1,24;41,77;85,45;67,63;2,65;325,38;16,17;5,05;88,73;3,65;11,68;3,79;47,12;49,08;6;0;90;78;1054,76;1388,52;4;19,85;0,31;1,4;0,31;0,93;111,11;116,33;93,27;0;26,44;34,79;501,69
Itapipoca;CE;59,85;1600,36;13032,16;70,32;65,07;44,16;77,63;53,41;86,6;63,63;81,86;63,3;55,67;59,46;33,04;54,06;60,7;28,85;85,01;776,67;146,94;12,09;3,12;63,64;31,77;44,84;32,48;61,02;93,92;75,76;97,15;37,31;3,33;21,96;15,71;0,25;1,25;4,75;14,6;5,41;1,73;92,8;15,6;65,22;93,05;70,63;1,91;405;23,1;6,71;85,18;6,59;7,31;2,82;48,16;27,7;4;8;72,8;74,43;805,24;471,72;7;15,52;0,29;0,34;0,11;0,73;5,3;81,81;89,72;7,01;37,75;47,65;493,84
Itapissuma;PE;57,39;73,97;81493,45;64,46;65,42;42,29;71,95;54,89;85,2;45,79;77,5;66,33;55,39;62,45;12,12;50,88;70,04;36,12;64,74;916;201,15;5,51;3,22;75,44;12,41;58,16;53,35;90,61;67,87;79,26;98,76;57,77;10,67;35,32;5,05;0,45;0,12;5,35;22,07;4,45;3,87;100;3,06;90,71;93,08;70,85;2,03;502,51;18,76;5,77;72,09;1,61;1,47;0,72;50,71;3,12;5;0;41;95;2919,06;1416,59;3;18,18;0,29;2,28;0,36;0,57;0;32,02;103,65;2,61;51,42;60,14;492,99
Itapitanga;BA;55,74;420,66;8972,74;78,14;51,88;37,2;72,16;88,99;94,89;56,5;55,43;38,08;57,55;56,44;8,11;42,68;81,6;16,4;91,35;417,55;164,98;24,4;4,09;96,29;98,65;78,54;15,42;95,71;96,55;93,03;94,59;87,76;0;36,97;2,43;7;9,27;9,57;53,77;3,68;4,12;78,93;0,52;24,46;57,75;70,81;1,92;414,42;24,78;2,43;63,81;0,15;9,23;5,84;48,81;12,3;1;2;56,5;85;2486;2488,8;2;24,71;0,33;0;0,89;0,71;0;13,12;14,22;0,88;22,8;26,04;451,13
Itapiúna;CE;57,72;593,23;9411,75;67,26;61,84;44,04;78,7;54,39;82,41;53,56;76,41;56,74;51,61;62,61;44,94;51,47;67,01;12,75;84,68;798,33;121,76;14,47;2,87;56,33;80,84;36,13;40,72;40,03;89,02;76,79;96,2;71,6;5,57;30,27;23,54;0,3;5,12;7,37;23,83;5,17;0,87;92,39;4,84;49,98;93,05;71,49;2,48;395,61;23,67;16,82;76,61;1,59;2,57;12,89;43,81;16,78;8;9;94;61;833,7;365,07;2;14,85;0,28;1,15;0,18;0,8;0;93,62;60,51;1,67;12,83;16,14;483,21
Itaquara;BA;61,22;344,09;12011,41;73,91;60,86;48,9;71,69;67,26;85,91;70,79;67,02;52,2;64,16;60,06;44,21;49,48;87,65;14,27;76,7;2935,28;121,4;17,1;3,69;65,03;74,22;60,72;23,17;74,88;90,88;67,26;97,69;43,33;0;18,4;17,17;2,62;3,55;6,35;43,25;4,02;6,78;86,53;7,84;31,98;91,44;70,75;1,91;315,91;15,33;3,07;69,87;5,36;16,5;6,13;40,94;24,43;8;8;89;47,67;1254,59;266,28;3;17,76;0,29;0,26;0,22;0,83;0;0;18,59;0;6,99;9,18;479,83
Itaquitinga;PE;55,76;162,74;9470,53;62,75;58,36;46,16;73,14;51,72;91,13;35,03;71,81;60,47;41,53;59,63;36,06;47,34;66,71;34,54;85,93;931,92;202,65;18,28;2,8;64,99;17,89;59,93;58,64;78;90,79;89,83;96,77;107,11;6,43;59,2;7,55;2,42;2,12;4,83;26,08;3,55;3,15;99,44;4,1;62,34;92,21;67,87;3,66;517,42;22,9;4,53;69,09;0,11;2,08;1,81;51,92;8,6;5;10;58;81,67;1834,44;586,88;2;21,03;0,29;0,21;0,36;0,92;0;136,37;64,72;0;47,29;61,81;482,74
Itarantim;BA;56,33;1674,03;19043,7;74,74;54,63;39,6;72,02;83,58;92,7;50,65;55,77;50,73;58,35;53,68;8,37;47,96;70,49;31,6;87,45;2132,74;115,88;22,72;4,34;88,47;90,58;80,02;25,82;84,91;94,33;85,47;98,71;84,77;7,94;23,46;4,69;7,65;8,87;11,27;39,15;3,65;6,13;82,97;8,11;59,31;66,4;70,93;2,19;316,06;22,43;8,21;70,08;0,21;22,11;6,45;50,42;3,79;2;0;208;57;4979,57;1980,19;2;21,58;0,28;0,44;0;0,87;0;75,43;16,27;1,48;38,67;51,56;510,99
Itarema;CE;52,17;714,83;16988,53;55,55;59,7;41,28;76,57;33,95;78,96;32,71;78,85;51,72;52,74;55,48;23,29;52,42;66,34;23,08;85,5;826,74;130,06;14,35;3,71;46,65;11,61;22,31;50,78;45,24;84,83;61,51;97,37;112,08;11,86;47,75;29,8;0,68;3,2;8,23;13,73;5,46;1,17;77,33;2,08;50,16;90,21;70,2;2,63;396,11;21,79;6,52;78,95;1,12;10,43;3,49;46,51;34,73;8;0;122;64;1688,38;869,29;6;14,18;0,31;0,85;0,62;0,44;3,8;80,68;46,25;1,34;28,13;36,08;484,08
Itatim;BA;53,71;547,51;26457,39;62,49;59,43;39,22;78,81;75,69;87,12;8,33;66,62;63,32;53,57;54,21;14,75;48,1;68,64;25,41;99,77;1085,22;184,92;12,32;2,87;90,69;2,74;99,47;30,86;64,82;95,64;73,07;97,64;244,88;24,82;86,42;27,96;0,5;7,35;7,68;44,17;5,46;18,08;85,17;13,06;81,36;90,09;71,93;3,44;358,36;17,68;9,53;67,76;3,62;19,51;3,81;48,66;29,58;6;0;129;80;3018,33;2048,62;1;16,18;0,3;0,41;0,18;0,58;0;69,5;50,16;0;25,03;32,13;514,09
Itatira;CE;53,7;829,63;8313,15;61,54;58,28;41,26;80,09;37,42;78,36;50,31;74,26;50,81;52,22;55,85;22,76;49,44;68,97;23,87;95,58;671,89;114,94;14,81;3,51;53,46;4,16;14,3;24,23;14,12;92,58;76,14;92,55;64,96;6,52;38,19;19,58;0,13;5,3;10,6;31,72;5,69;1,92;77,26;6,81;42,1;87,45;69,79;2,55;349,66;22,73;11,75;79,62;0,86;4,54;16,16;50,05;30,68;4;4;109,25;80,86;1531,17;654,71;4;19,42;0,31;3,01;0,18;0,93;0;29,36;148,08;1,48;27,69;37,09;478,08
Itiruçu;BA;62,02;322,24;10799,69;78,89;59,82;47,36;71,1;80,68;94,87;68,91;68,95;58,7;50,12;61,52;48,2;54,5;64,71;22,04;82,64;6830,67;116,16;9,71;4,94;86,39;71,09;78,96;19;87,66;97,48;91,71;97,54;32;4,4;9,09;20,46;1,45;4,65;7,28;32,63;3,97;6,92;91,33;0,47;67,63;92,77;70,7;3,09;299,39;22,03;14,55;100;1,63;5,26;1,82;42,79;18,99;9;9;89;47,67;1254,59;266,28;5;16,03;0,27;1,23;0,22;0,71;0;144,21;86,96;0,46;23,69;31,66;488,58
Itiúba;BA;51,77;1650,59;9982,29;63,16;55,12;37,03;70,92;49,62;78,24;53,86;60,2;44,98;61,23;54,06;16,17;47,99;72,17;11,78;83,45;927,06;172,97;20,57;3,97;51,93;30,25;43,73;27,6;44,59;86,2;56,59;97,75;56,75;4,47;29,52;19,49;2,47;10,07;9,32;47,2;3,57;7,37;54,45;4,48;35,25;93,66;71,47;2,44;400,75;16,89;2,36;40,73;3,62;4,88;1,18;51,8;58,23;7;0;214;88;5112,07;3197,03;3;17,37;0,32;0,51;0,31;0,82;0;60,73;20,08;2,02;9,25;10,52;483,04
Itororó;BA;59,46;313,84;14924,57;82,05;54,61;41,73;69,87;94,21;94,42;69,69;52,67;59,1;47,15;59,5;18,97;50,65;66,93;30,35;88,55;2898,44;123,19;28,56;3,93;94,63;95,81;93,75;7,22;91,1;95,41;89,48;97,9;50,62;0;21,06;10,83;4,42;10,5;15,75;54,35;3,81;9,82;96,56;15,46;75,47;64,94;69,31;3,14;416,77;22,02;9,63;82,48;2,75;16,12;4,21;42,24;12;2;5;127;80;1298,89;1531,72;5;20,65;0,29;0,56;0,36;0;0;111,11;45,42;4,18;41,5;53,52;491,74
Ituaçu;BA;52,82;1199,37;13987,87;68,68;54,69;35,09;75,86;37,45;87,11;74,32;62,83;46,51;55,65;53,78;6,83;51,19;55,33;27,01;87,78;728,12;114,27;15,4;4,55;34,21;3,68;40,72;32,42;39,68;93,31;87,42;99,35;16,9;0;9,77;24,56;2,58;6,15;11,38;47,38;4,42;7,82;53,8;19,57;46,26;72,93;71,22;2,66;383,25;11,56;23,45;57,44;1,45;5,78;5,02;55,84;24,08;0;0;90,5;59;2487,81;780,39;2;12,86;0,3;1,22;0;0,94;222,22;40,07;83,1;0,81;31,99;41,27;509,65
Ituberá;BA;52,89;415,43;16608,05;64,43;55,55;38,68;68,79;62,93;82,41;43,58;53,56;56,86;55,21;56,58;19,66;48,68;64,02;22,35;79,88;948,27;159,65;18,6;5,21;59,4;64,25;66,65;37,87;75,06;79,23;73,69;92,45;98,77;2,95;38,33;6,39;2,47;13,82;18,57;48,68;4,25;10,28;84,53;0,31;66,93;92,48;71,11;2,72;366,04;17,47;4,57;100;2,53;2,51;0,46;55,39;29,13;3;6;58;85;3487,72;1753,38;3;19,72;0,29;0;0,73;0,55;0;155,67;215,35;2,79;27,07;33,67;488,55
Iuiu;BA;54,11;1525,14;11653,65;72,03;53,36;36,92;71,56;61,78;88,06;66,74;62,7;46,61;54,35;49,79;4,79;47,83;74,19;20,9;99,27;1117,44;161,59;19,9;5,54;57,92;64,27;53,33;18,24;71,95;93,61;78,4;95,77;28,69;4,54;14,39;17,99;2,68;7,8;9,87;39,68;4,2;10,47;76,78;2,26;52,97;68,08;69,37;2,58;390,51;19,2;6,75;64,02;0,8;18,9;43,17;52,96;18,34;1;0;35;92;1741,83;1543,08;2;17,84;0,31;2,14;0,22;0,83;0;21,79;36,28;0;30,47;42,01;462,3
Jaboatão dos Guararapes;PE;58,52;258,72;23784,12;63,73;67,95;43,88;66,51;63,88;81,99;42,53;76,3;68,1;59,22;68,17;35,7;57,49;51,32;31,01;52,5;958,57;148,59;14,59;4,42;73,79;25,11;78,02;45,97;75,37;67,45;76;97,91;110,02;4,01;40,88;3,97;0,65;0,93;7,07;22,57;4,63;3,7;99,98;7,51;90,72;94,62;74,82;2,47;437,88;19,32;3,97;84,17;8,33;0,66;0,06;47,47;12,11;8;5;120,13;65,38;1043,32;467,86;8;14,04;0,28;2,6;0,15;0,77;23,88;235,8;153,3;13,11;39,32;43,9;524,91
Jaborandi;BA;53,59;9955,11;141160,3;71,26;51,24;38,29;73,92;63,56;85,17;62,38;71,76;45,77;61,97;25,44;16,72;50,48;56,2;29,77;92,22;1742,64;135,25;12,77;5,18;81,66;36,97;57,21;37,11;51,3;94,83;77,16;95,31;67,1;0;19,41;28,03;0,93;7,6;8,67;27,82;4,71;1,15;52,19;1,01;49,39;91,61;72,44;2,43;353,07;18,2;0;68,6;0,26;632,82;297,57;51,01;40,83;7;0;79;90;2727,57;1491,03;1;13,95;0,28;0,34;0,44;0,98;625;44,37;48,83;0,63;43,8;47,77;491,91
Jacaraci;BA;56,92;1332,42;8309,67;72,31;59,27;39,19;70,87;56,75;87,06;74,54;77,62;43,5;64,08;51,89;9,03;56,28;77,5;13,97;89,78;1626,66;76,34;21,89;6,51;94,4;3,27;31,13;24,65;36,76;96,64;87,19;98,12;22,49;0;9,24;16,63;0,88;3,92;6,35;29,77;6,08;2,53;54,78;5,54;29,23;91,13;69,48;1,32;297,85;15,22;8,31;81,18;1,91;15,19;28,4;49,35;35,37;1;0;130;56;1592,56;1273,23;4;10,99;0,27;2,74;0,22;0,92;0;135,79;0;0,51;13,54;17,94;519,76
Jacobina;BA;56,49;2192,91;21714,06;67,57;59,09;42,82;69,99;76,41;94,03;29,85;61,25;65,66;52,35;57,1;18,11;56,21;66;30,97;73,17;920,93;159,58;14,99;4,57;81,35;66,18;82,79;35,3;89,82;96,42;87,69;97,71;118,61;9,74;54,73;26,4;3,47;8,47;11,2;38,57;4,02;7,92;80,68;17,55;85,5;94,57;71,29;3,01;401,2;20,05;8,23;77,36;8,98;4,85;1,7;53,86;46,67;6;0;114,43;59,29;2055,31;1317,47;7;14,88;0,28;1,96;0,59;0,82;0;144,7;102,48;1,95;34,38;39,93;553,88
Jaguaquara;BA;58,5;924,51;14309,68;71,42;59,32;44,77;70,79;72,24;85,78;56,86;62,88;56,51;58,17;59,71;36,25;49,01;67,88;25,92;80,07;811,2;178,89;13,09;4,74;77,66;37,71;80,28;22;84,37;91,81;60,36;97,54;56,38;6,73;22,19;18,71;3,48;5,77;8,97;44,28;4,08;8,35;79,23;2,45;66,97;93,27;69,81;2,74;454,41;14,59;4,79;15,16;1,86;8,57;0,65;42,59;24,61;7;5;89;47,67;1254,59;266,28;2;18,46;0,29;0,27;0,15;0,68;0;75,71;52,92;1,79;25,23;33,37;529,59
Jaguarari;BA;60,11;2466,01;35045,06;73,36;59,08;47,88;74,47;69,59;86,53;62,86;65,24;55,28;60,04;55,76;35,25;54,1;71,2;30,97;94,27;543,42;142,36;14,61;5,33;68,87;68,55;64,99;20,13;69,93;90,84;73,02;97,61;47,73;3,68;23,85;24,46;2,78;7,37;8,02;34,1;3,99;7,53;69,99;3,38;76,7;87,85;73,33;2,67;385,72;16,63;7,34;60,17;1,86;2,65;4,59;50,38;54,25;8;8;33,5;92,5;2397,58;980,33;6;16,58;0,28;0,94;0;0,81;0;40,5;25,13;4,02;37,91;44,28;508,08
Jaguaretama;CE;54,13;1826,83;12953,11;62,46;59;40,93;78,39;49,35;88,37;33,73;77,11;47,74;54,93;56,23;13,49;52,66;65,15;32,39;99,69;973,71;140,27;12,64;4,21;67,14;1,36;40,36;27,41;48,54;96,96;86,65;97,53;98,93;11,78;45,26;29,02;0,4;4,45;7,88;19,12;5,27;1,82;54,75;9,35;38,59;95,64;71,56;2,21;426,18;18,05;15,09;79,02;0,68;14,06;1,16;45,39;22,89;4;0;83;77;2101,33;870,88;6;17,76;0,29;0,61;0,36;0,91;0;139,05;111,36;0;44,68;60,63;482,96
Jaguaribara;CE;59,32;622,96;14557,64;65,94;61,04;50,99;77,6;76,79;94,02;15,34;77,28;62,94;47,13;56,8;31,66;57,49;82,37;32,43;98,58;1375,73;95,71;21,67;4;90,93;89,53;73,87;56,63;81,89;98,54;88,52;98,53;240,75;11,43;79,18;12,07;0,6;4,18;6,05;22,83;5,17;1,43;84,14;18,84;68,74;92,72;69,1;3,39;369,77;22,97;12,07;66,47;3,87;5,92;0;52,09;27,55;13;0;83;77;2101,33;870,88;5;17,87;0,28;12;0,89;0,62;0;80,02;0;1,86;47,59;61,92;481,08
Jaguaribe;CE;60,84;1877,06;16093,6;73,84;61,72;46,96;77,52;78,05;93,26;46,56;80,28;57,25;53,63;55,73;33,8;57,29;61,51;35,26;92,56;694,45;116,72;16,06;4,13;78,45;67,95;95,03;43,49;68,38;97,89;92,48;99,31;75,76;11,51;30,24;30,24;0,23;2;5,32;19,18;5,47;2,55;78,1;13,92;54,75;93,13;70,6;2,52;386,62;22,06;8,3;77,38;2,33;6,42;8,9;52,25;22,59;5;8;3690,33;76,67;1931,39;723,17;5;11,77;0,27;3,58;0,31;0,56;0;244,1;100,5;8,37;46,86;61,82;515,97
Jaguaripe;BA;51,44;863,42;11380,62;62,55;54;37,76;74,4;56,54;78,09;41,18;59,44;44,55;55,82;56,18;12,25;48,86;78,19;11,74;80,92;721,82;138,03;22,88;2,79;48,47;71,86;55,22;38,97;50,73;68,32;77,03;95,04;144,28;3,77;44,17;16,99;3,2;4,03;14,28;48,83;3,66;7,67;62,54;4,79;28,5;89,68;70,8;2,54;315,35;21,13;5,66;95,31;7,6;18,08;3,4;50,31;25,71;3;0;89,25;70,25;1964,92;841,56;2;15,14;0,31;0,47;0,36;0,99;0;14,14;19,53;0,39;17,06;22,47;483,71
Jaguaruana;CE;56,95;854,36;17269,42;66,51;62,95;41,38;78,91;51,16;89,63;46,36;82,18;59,77;51,01;58,82;12,07;53,88;67;32,58;95,45;1082,15;141,11;9,78;3,9;77,37;2,31;43,22;42,96;91,45;94,74;74,48;94,67;98,66;4,62;31,54;13,88;0;1,22;5,22;16;5,56;1,22;86,27;12,73;63,66;89,85;71,72;2,28;460,73;27,3;8,83;82,64;2,93;3,43;0,63;48,34;36,2;4;0;78;89;1540,66;1401,22;3;12,57;0,27;0,38;0,62;0,97;0;182,32;59,08;1,52;39,17;48,77;522,89
Jandaíra;BA;54,81;640,77;17770,63;69,47;57,78;37,17;74,17;55,48;86,52;61,72;61,63;57,94;56,48;55,06;15,34;48,58;71,05;13,69;80,62;452,4;161,74;13,65;3,81;66,31;3,64;54,01;17,53;79,39;96,03;64,8;95,68;53,67;0;24,23;10,77;2,22;7,88;9,02;53,83;3,69;5,08;82,05;3,67;73,33;89,72;69,93;2,38;366,17;17,54;10,77;63,49;5,86;9,91;1,08;53,55;31,43;4;2;108;80;3019,08;1445,98;2;18,78;0,29;0,6;0;0,5;0;21,57;68,54;0;17,27;20,64;465,49
Jaqueira;PE;55,14;87,21;10742,84;66,91;58,24;40,27;72,21;60,16;84,61;50,66;69,66;59,62;46,89;56,8;29,55;46,24;61,68;23,62;91,71;1391,78;227,92;13,89;3,56;44,62;23,49;78,18;9,08;44,51;92,41;82,62;94,58;76,25;0;51,23;11,71;2,02;0,5;8,22;37,1;4,01;5,42;99,75;0,19;58,83;96,19;70,07;2,75;619,05;22,66;0;86,53;3,32;2,27;1,95;58,76;16,52;7;5;69;92;1666,51;675,6;3;25,28;0,31;2,33;0,44;0,86;0;170;332,59;0,61;27,6;35,46;489,99
Jardim;CE;59,65;544,98;10321,57;73,81;59,96;45,18;74,79;68,72;85,83;65,91;74,9;52,14;57,73;55,09;29,14;51,06;69,87;30,66;74,72;954,55;127,85;15,15;3,31;34,41;51,26;99,98;4,09;41,76;94,01;88,08;94,34;30,68;1,78;16,42;24,08;0,92;2,5;10,15;26,93;5,12;0,48;93,62;0,06;47,5;81,64;71,72;2,58;421,44;12,67;10,21;69,56;1,34;7,78;3,65;49,58;33,35;10;0;103;67;892,29;631,29;3;15,91;0,3;2,85;0,73;0,33;0;27,12;225,75;4,41;40,78;53,21;488,13
Jataúba;PE;53,21;714,6;9556,61;57,59;57,74;44,3;72,03;31,82;85,08;41,41;75,61;45,73;51,62;58;31,41;48,75;71,24;25,82;74,34;1278,69;152,12;20,51;2,91;12,47;55,29;17,45;26,26;30,54;94,58;85,34;97,6;94,6;4,15;40,4;36,61;1,82;0,37;5,02;21,18;4,06;2,5;50,8;3,87;48,1;90,26;67,74;2,99;421,35;12,28;6,31;75,22;2,2;3,66;0,63;48,17;39,41;5;6;159,11;66;1517,08;399,55;1;18,41;0,29;1,83;0,36;0,75;0;40,46;58,96;0,27;31,22;38,26;502,07
Jati;CE;60,96;368,36;16132,84;75,82;62,72;44,35;76,93;60,55;91,24;74,56;77,38;53,13;67,88;52,48;24,36;51,96;66,78;34,3;72,98;1428,75;119,69;11,99;2,59;65,11;87,2;42,23;39,71;66,37;95,62;92,46;96,25;0;0;22,26;27,99;0,32;3,2;8,75;21,63;5,51;2,22;88,8;6,29;57,79;73,98;71,58;2,05;381,53;10,1;3,18;25;0,78;15,95;16,54;47,87;35,39;8;0;718,6;76,67;1690,12;650,12;3;18,45;0,26;0,75;0,22;0,92;0;86,14;90,5;0;49,72;69,43;472,35
Jatobá;PE;57,2;277,86;10711,17;73,52;58,76;39,3;78,88;69,34;80,84;65,03;69,09;53,78;56,56;55,63;26,61;51,07;51,28;28,25;96,09;836,74;131,04;12,78;3,92;63,72;72,19;90,79;59,66;57,92;72,71;79,76;95,11;21,7;4,66;18,54;19,97;0,57;7,33;9,5;34,03;4,75;6,78;89,31;8;55,12;76,17;71,52;2,52;390,68;17,94;7,13;79,4;0,24;2,03;0;55,92;29,03;9;0;90,67;76,5;766,42;639,64;5;21,42;0,3;3,95;0,22;0,9;21,99;276,73;280,9;2,44;36,72;49,11;502,54
Jequié;BA;58,96;2969,04;18962,7;71,34;61,16;44,39;68,56;87,77;95,4;33,64;60,62;66,2;54,83;62,97;19,39;59,71;63,1;35,33;65,31;925,78;158,72;15,31;4,41;88,34;91,95;95,59;30,61;87,73;95,81;94,18;98,55;125,52;8,22;45,46;31,48;2,95;9,12;9,83;43,9;3,75;8,15;92,3;13,94;81,54;93,73;72,42;3,15;411,25;18,27;5,79;67,02;4,3;4,01;1,39;42,48;27,7;6;0;101,73;60,45;1454,06;991,47;10;14,22;0,27;1,09;0,21;0,68;0;155,24;55,14;17,84;39,87;49,28;549,85
Jeremoabo;BA;54,71;4267,49;12784,46;67,08;54,87;42,18;73,87;57,76;86,66;50,05;61,94;48,03;54,89;54,62;13,63;47,14;83,41;24,52;89,08;820,98;150,73;16,22;4,48;49,71;61,07;52;19,55;40,12;92,6;92,36;95,51;61,43;7,36;35,61;27,11;2,85;11,62;7,55;42;3,75;5,48;61,47;7,44;40,34;91,55;66,36;2,51;370,64;20,7;2,66;26,8;6,83;23,41;5,85;49,55;30,9;5;0;79;70,25;2926,73;1626,25;4;20,38;0,32;0,23;0,46;0,65;0;6,31;7,72;0,54;24,89;32,82;510,32
Jijoca de Jericoacoara;CE;55,31;209,03;20087,66;65,46;64,38;36,1;82,56;48,38;86,35;44,55;78,9;65,62;55,15;57,84;21,38;53,61;44,62;24,79;99,66;420,34;130,62;14,58;2,57;71,72;9,01;31,2;32,39;70,4;84,16;77,32;98,93;78,7;7,79;38,35;21,91;0,28;6,17;14,45;11,28;7,47;3,73;93,72;3,67;90,95;95,05;68,35;2,19;415,34;17,53;10,17;50,59;2,09;3,66;2,35;49,92;31,14;8;0;93;79;1672,9;1097,99;5;12,5;0,3;0,71;0,91;0,34;357,14;211,9;232,17;33,16;30,79;37,97;496,64
Jiquiriçá;BA;54,63;238,66;10766,28;67,62;57,31;38,95;71,77;52,7;85,78;60,23;68,32;47,93;57,55;55,46;6,16;49,9;75,77;23,98;93,48;2626,11;202,68;13,57;3,95;46,91;37,01;45,67;10,14;47,06;87,41;88,06;96,9;66,56;0;27,88;13,21;1,55;2,17;5,15;44,05;4,07;10,85;66,31;8,03;28,07;95,97;70,75;2,19;401,81;19,72;7,34;60,39;2,61;6,89;0;50,93;35,03;1;0;69;87;1311,81;1525,69;2;13,39;0,3;0;0;0,78;0;14,66;18,4;3,13;27,2;37,67;482,29
Jitaúna;BA;57,17;262,05;11939,65;70,92;58,47;42,12;65,94;69,97;83,14;64,64;63,26;53,48;56,56;60,58;25,4;45,36;75,85;21,88;79,7;1414,4;184,86;22,07;5,06;62,06;64,63;71,63;12,96;69,07;78,21;79,12;93,89;38,11;4,71;19,51;15,33;4,18;9,33;7,6;36,58;3,91;4,3;76,11;1,63;56,26;93,88;67,25;2,5;356,64;17,52;5,22;35,35;0,73;4,06;0,7;43,83;25,77;1;7;83;84,5;309;696,11;2;22,11;0,31;0;0,89;0,79;0;50,82;19,31;2,03;19,92;27,92;510,47
João Alfredo;PE;57,43;134,15;11035,38;67,97;60,61;43,71;79,23;51,05;86,58;55,02;79,71;58,45;48,17;56,11;35,65;50,94;66,38;21,88;92,23;742,51;162,02;14,52;2,37;49,84;37,91;63,83;57,37;40,26;89,1;90,83;98,58;59,35;4,58;26,69;9,92;0,37;0,1;6,05;18,47;4,91;1,52;92,16;0,9;64,18;93,31;68,18;2,84;477,13;16,19;10,82;76,1;2,76;1,18;1,8;50,81;71,63;7;8;125;87,5;1393,06;939,44;4;15,24;0,3;0,22;0,18;0,29;0;78,37;84,99;0,72;19,28;25,17;536,42
João Dourado;BA;59,09;913,26;11601,7;75;58,8;43,48;70,72;70,33;95,22;63,73;68,94;59,47;47,9;58,89;12,22;48,61;78,18;34,89;86,93;831,6;169,7;21,51;4,4;85,29;3,38;87,77;30,35;92,54;95,65;92,22;97,68;39,71;4,03;21,73;22,53;1,22;8,12;9,3;27,85;4,5;5,45;80,58;9,71;70,7;91,83;67,52;2,84;406,86;19,99;10,46;77,59;1,49;3,64;12,88;49,64;14,58;5;0;66,67;85;3439,6;1583,08;2;20,97;0,28;1,13;0,73;0,42;0;38,71;7,79;0,61;41,24;58,35;519,57
Joaquim Nabuco;PE;57,34;122,61;13522,4;73,25;58,85;39,91;72,81;72,22;90,52;57,44;71,02;59,24;44,43;60,71;14,26;48,8;79,45;17,12;83,91;811,43;209,54;8,2;4,17;76,69;81,27;77,03;52,71;79;90,98;88,92;95,22;62,93;0;34,67;15,07;1,05;0;12,85;26,93;4,14;3,75;96,44;1,28;63,49;92,63;65,55;2,42;557,41;18,1;3,77;94,81;1,54;1,34;1,51;52,84;10,36;1;0;110,3;54,5;697,34;341,05;7;23,05;0,33;2,14;0,67;0,4;0;14,73;16,39;0,44;20,09;24,53;489,95
Juazeiro;BA;60,74;6721,24;20509,8;68,61;62,85;50,76;63,25;90,17;90,84;30,2;67,77;66,1;54,47;63,06;57,39;57,11;50,58;37,96;46,05;706,52;148,22;18,68;4,78;91,8;87,19;96,61;21,61;85,28;92,13;85,49;95,14;115,93;11,17;57,08;15,73;1,23;5,98;8,82;39,25;4,57;7,58;90,52;20,04;75,66;92,3;72,76;2,86;409,06;20,26;5,72;87,89;3,33;4,05;1,77;39,17;37,38;15;11;118,25;55,47;1585,04;518,64;11;17,86;0,29;1,1;0,19;0,98;16,23;180,38;75,59;48,03;50,18;60,84;523,67
Juazeiro do Norte;CE;62,94;258,79;17003,51;75,42;67,17;46,23;73,49;81,31;97,2;49,69;76,42;74,33;55,2;62,73;24,5;61,22;55,88;43,33;86,02;738,95;138,97;13,66;5,08;93,67;92,8;78,91;48,5;94,57;98,21;96,06;98,13;79,05;5,04;36,49;42,01;0,65;3,3;7,02;22,08;4,85;1,6;100;26,98;90,85;95,32;73,58;2,29;456,36;22,42;10,35;81,35;6,28;1,42;0,59;46,09;46,97;9;0;102,21;67,69;1518,59;1093,9;9;12,39;0,27;4,38;0,38;0,9;40,32;78,72;51,84;30,84;60,6;70,24;544,89
Jucás;CE;58,09;940,34;13082,2;71,04;61,8;41,42;74;66,45;91,07;52,65;79,59;60,9;53,38;53,35;13,51;48,39;83,44;20,35;87,12;915,91;142,04;15,58;4,49;77,96;19,15;88,39;52,64;71,96;98,63;85,15;96,2;72,88;4,1;29,26;30,1;0,05;1,87;9,08;13,02;5,51;2,5;91,14;7,81;66,15;93,86;71,32;2,84;417,23;21,67;9,2;55,26;1,54;16,24;12,12;47,01;36,79;3;0;85;66;1420,58;755,43;2;15,89;0,31;0,34;0,91;0,13;0;55,79;0;0,97;24,17;30,27;490,96
Jucati;PE;55,94;120,17;10873,79;67,78;60,17;39,88;76,98;42,59;89,66;61,9;76,87;55,07;50,03;58,7;16,08;48,38;63,89;31,16;93,22;678,55;158,04;8,19;4,59;22,17;60,68;39,76;28,82;45,91;92,13;96,54;99,18;55,17;0;17,37;45,15;0,27;0,08;9,85;21,92;5,02;3,02;98,34;3,95;37,06;92,62;65,87;2,7;454,59;13,65;2,89;77,89;0,7;2,92;0;52,33;11,19;5;0;60;77;1967,67;677,91;2;16,03;0,31;0,3;0;0,73;0;82,29;170,29;0;43,94;48,04;515,68
Jucuruçu;BA;49,89;1457,66;12933,53;66,3;48,46;34,89;76,43;51,4;78,33;59,05;61,16;19,67;62,2;50,81;13,35;46,3;58,21;21,72;78,77;216,77;111,83;9,87;4,58;51,56;48,5;32,49;13,44;61,38;72,82;68,44;94,06;12,35;7,3;33,14;18,13;4,35;12,17;9,32;40,9;4,16;2,28;26,2;3,44;30,84;24,48;70,08;2,23;305,22;16,79;6,9;44,18;0,45;25,73;20,71;48,33;30,29;1;3;152;63;2404,59;1396,37;1;19,85;0,3;0,63;0,89;0,63;357,14;30,65;116,79;2,42;19,76;24,26;481,71
Jupi;PE;54,06;104,83;13534,96;58,9;61,58;41,7;75;29,56;92,43;38,62;77,68;59,52;48,94;60,16;8;48,69;73,93;36,18;99,64;1237,49;214,58;15,77;3,22;5,09;54,51;16,06;21,44;66,41;96,43;91,11;99,64;99,94;9,56;36,53;24,79;0,33;0,07;9,53;20,08;5,18;3,13;96,21;16,81;71,09;68,83;66,88;2,98;506,69;15,96;4,35;47,44;0,56;3,37;0;48,33;12,47;1;0;60;77;1967,67;677,91;2;15,75;0,31;0,9;0,36;0,7;0;17,84;63,05;0,48;50,21;58,4;520,13
Jurema;PE;56,16;148,25;9539,44;71,61;58,26;38,6;69,31;79,93;91,07;46,14;72,42;61,04;43,35;56,23;21,13;49,42;63,51;20,36;89,04;1018,76;193,31;21,82;4,5;69,13;84,41;94,19;27,92;69,33;95,53;93,58;94,15;85,81;3,59;48,36;9,77;0,37;1,15;11,23;29,2;4,53;4,65;99,59;6,57;59,01;94;65,87;3,56;512,86;15,99;4,88;61,13;2,37;2,37;0;54,64;36,77;6;0;101;85,5;950,56;355,59;3;19,74;0,3;2,31;0;0,18;0;94,84;132,98;0;22,69;27,98;483,28
Jussara;BA;55,55;1355,17;6750,86;72,76;55,48;38,4;71,03;74,84;87,73;57,44;62,4;56,4;48,29;54,84;10,61;43,73;78,53;20,74;87,25;2268,24;159,27;16,71;4,5;88,08;10,78;95,34;30,44;66,41;94,2;79,52;95,77;54,63;3,14;20,79;18,34;3,18;11,25;8,9;34,67;3,92;6,38;86,78;13,04;59,95;78,76;68,21;2,89;374,54;17,9;12,23;100;0,5;4,12;4,89;53,95;27,67;1;1;134,43;55,14;2440,11;1098,01;3;23,37;0,34;1,99;0;0,39;0;6,28;19,61;0;16,36;20,68;484,27
Jussari;BA;49,71;329,19;11884,44;59,62;51,3;38,22;57,71;85,17;91,66;3,95;58,17;56,32;34,2;56,5;20,8;46,21;64,2;21,66;72,28;463,57;187,74;46,48;5,77;93,9;93,87;86,36;41,39;89,97;94,03;81,51;96,78;404,2;34,21;142,66;21,23;4,33;7,67;11,02;45,1;3,52;8,58;80,45;8,77;51,87;95,97;66,93;4,87;463,96;17,03;16,98;79,1;1,5;10,15;3,4;49,96;11,38;4;6;17;98;3277,11;1601,31;3;22,76;0,31;0;0,22;0,67;0;143,69;106,22;0;30,17;39,83;470,63
Jussiape;BA;60,15;589,76;9128,38;75,27;56,24;48,95;72,06;64,7;90,16;74,16;73,52;36,95;56,66;57,84;26,28;56,95;99,22;13,35;94,93;1281,43;170,44;30,89;2,89;57,17;98,16;47,98;20,93;40,06;96,16;98,06;98,88;37,65;0;10,16;18,07;1,1;4,08;3,68;33,63;4,44;4,27;43,22;7,84;39,63;64,58;69,17;1,6;440,42;15,51;6,78;100;1,96;5,97;2,71;49,14;20,79;6;4;267,6;44,8;4070,7;1649,97;4;9,9;0,28;4,53;0,89;0,78;0;0;0;0;13,37;14,17;499,09
Lafaiete Coutinho;BA;55,83;498,11;13188,92;66,56;56,97;43,97;70,65;62,17;78,87;54,54;71,41;44,23;57,19;55,06;28,21;52,48;67,82;27,37;81,41;849,02;122,2;17,95;5,63;55,25;53,68;59,06;11,63;74,5;91,33;36,75;97,4;44,03;16,72;16,36;12,27;0,95;7,55;4,43;32,32;4,47;5,6;64,33;1,31;42,13;80,01;71,26;2,52;324,8;22,66;6,13;70,17;0,97;11,77;12,27;48,72;19,5;4;4;89;47,67;1254,59;266,28;3;13,16;0,28;0;0;0,56;0;40,12;100,4;0;34,79;45,51;500,1
Lagoa de Itaenga;PE;56,58;57,3;24422,99;66,04;59,87;43,85;72,32;59,02;94,65;38,15;73,18;60,01;46,86;59,41;29,44;50,02;69,72;26,23;89,42;867,71;202,58;18,32;3,54;49,38;30,57;82,52;38,34;82,02;94,49;95,03;98,97;157,44;3,35;51,57;15,79;2,55;0,2;6,78;27,17;4,03;1,1;100;0,2;61,85;95,06;71,44;3,81;540,83;16,06;9,21;57,25;0,83;2,31;0;52,92;7,91;6;5;82,5;60;2487,75;587,2;3;17,71;0,29;0,1;0,55;1;0;62,26;85,12;1,07;31,02;38,72;491,99
Lagoa do Carro;PE;57,24;69,24;16187,17;62,98;63,36;45,4;77,17;47,16;90,17;37,41;76,58;62,62;51,95;62,28;48,87;50,35;71,56;10,81;99,19;692,29;192,45;18,46;2,65;49,97;2,39;61,48;44,05;81,65;86,72;84,67;98,87;140,88;7,09;53,39;15,57;0,68;0;5,62;18,75;4,24;5,85;100;10,54;67,63;88,05;72,31;2,76;486,64;21,63;4,45;85,5;4,8;1,94;0;52,57;6,57;12;7;116,8;60,17;970,48;378,88;4;17,2;0,3;0,7;0,18;0,84;0;31,91;51,18;0,86;5,33;5,18;482,01
Lagoa do Ouro;PE;58,24;200;11342,55;72,95;58,08;43,69;77,22;68,94;88,33;57,32;73,46;52,79;48,81;57,27;34,2;55,77;44,77;40,02;90,83;1072,6;175,85;11,64;3,05;83,11;51,53;57,11;22,63;53,35;95,32;86,29;97,09;42,69;8,14;23,46;20,95;0,95;0,05;8,17;31,18;4,53;5,5;94,42;1,24;60,92;71,15;68,99;2,5;484,62;21,04;10,48;73,93;0,88;8,27;0,84;47,19;21,57;7;5;88,5;58,33;921,3;492,12;7;16,45;0,29;3,83;0,44;0,76;833,33;315,96;155,6;1,15;56,12;62,12;527,11
Lagoa dos Gatos;PE;55,92;224,95;9483,65;68,73;58,39;40,63;74,77;61,79;88,14;50,23;74,82;58,81;47,59;52,35;25,8;46,8;69,32;20,58;80,6;529,1;162,4;17,54;2,89;60,79;69,22;65,86;49,89;64,9;95,99;86,83;91,72;79,24;3,47;38,37;3,55;1,25;0,32;8,65;20,8;4,53;4,53;97,13;9,03;45,39;95,52;68,49;2,57;504,88;16,31;12,43;89,47;4,77;2,63;1,42;66,01;27,7;7;0;87,5;39,5;1937,38;337,75;2;17,87;0,32;0,25;0,22;0,93;0;44,44;83,96;0,77;21,68;25,77;506,38
Lagoa Grande;PE;56,55;1850,07;18442,57;70,42;62,52;36,7;73,36;67;90,93;50,39;74,99;65,68;51,65;57,77;19,83;48,14;51,6;27,23;96,57;591,81;125;20,99;5,51;78,99;82,67;62,34;61,82;71,6;93,23;91,74;95,65;61,12;2,05;31,55;44,84;0,73;4,62;6,42;20,1;4,77;5,23;84,2;14,27;90,31;91,56;67,28;2,71;331,03;17,98;6,64;90,61;0,84;5,12;11,21;47,14;25,56;6;0;44,5;84,5;791,96;554,29;2;21,14;0,29;2,02;0,73;0,83;9,8;864,86;269,6;1,69;35,32;43,9;489,06
Lagoa Real;BA;55,77;912,22;8282,84;66,75;56,77;43,78;77,13;31,38;81,14;77,36;60,44;42,5;68,49;55,64;12,04;51,07;83,78;28,24;88,12;337,04;76,67;11,08;5,84;25,88;1,22;25,09;20,63;24,9;87,2;76,87;99,35;9,82;0;2,36;12,41;3,22;4,75;13,77;40,17;4,19;13,25;49,22;3,89;38,88;86,42;70,82;1,23;270,3;15,93;7,09;61,27;0,2;5,09;9,22;51,02;24,88;1;2;131,5;71;1934,73;973,49;3;11,54;0,32;3,13;0;0,99;0;17,33;0;1,68;32,29;44,49;509,26
Laje;BA;50,67;449,83;13570,61;58,59;55,71;37,71;68,57;44,4;83,66;37,72;65,17;47,76;52,46;57,46;7,26;48,8;74,74;20,03;79,45;1050,72;175,9;20,17;4,56;49,92;29,38;23,69;17,08;40,46;92,65;74,52;98,23;118,85;6,3;49,4;32,3;1,03;7,27;9,18;41,78;4,14;9,1;77,27;9,41;35,34;77,74;70,85;3,12;412,41;16,25;8,55;77,5;0,9;6,57;0,48;47,81;23,78;1;0;87,33;85,67;1192;1193,85;2;18,04;0,29;0,73;0,67;0,51;0;42,56;24,24;0,35;26,12;34,66;479,92
Lajedão;BA;56,38;624,35;28558,19;74,02;53,16;41,96;67,37;78,48;87,42;62,8;59,37;53,37;47,02;52,89;5;49,27;72,62;40,96;91,34;692,19;217,46;18,7;5,64;79,96;57,08;86;18,76;76,37;92,35;83,31;90,41;46,43;0;34,68;32,51;1,77;11,03;15,68;43,42;4,35;7,77;66,86;1,72;65,53;94,25;71,68;4,03;479,77;20,92;0;75,71;0,4;51,41;26,01;45,1;1,33;1;0;46,5;91,5;2584,79;1124,7;2;22,21;0,29;6;0,18;0,67;0;17,07;78,06;0;53,87;68,63;480,73
Lajedinho;BA;55,39;846,73;16937,44;71,17;48,53;46,46;75,84;62,34;86,77;59,72;65,65;27,56;54,29;46,61;32,27;48,78;83,24;21,56;88,5;1742,41;155,45;6,1;4,44;70,09;52,91;67,42;53,23;51,95;91,19;84,52;97,36;68,12;0;22,68;56,71;1,37;9,42;6,8;47,48;3,73;0,8;36,25;1,98;24,89;53,01;70,2;2,41;337,86;17,44;14,18;96,15;0,37;31,13;14,18;51,55;51,04;5;6;187;43,33;1143,79;878,46;3;20,93;0,3;2,09;0,44;0,72;0;37,6;0;0;32,2;39,51;433,84
Lajedo;PE;60,47;189,1;14115,99;71,02;63,11;47,28;73,46;73,29;94,09;43,21;74,5;65,5;45,78;66,64;36,85;54,04;63;35,22;82,47;705,2;177,6;18,38;3,05;66,31;56,96;99,97;45,37;76,04;96,07;93,06;99,71;92,69;7,72;38,4;32,34;2,13;0,8;9,97;14,9;4,58;2,88;96,95;15,22;74,34;91,02;70,5;3,35;515,69;19,98;9,1;77,26;7,83;3,12;0,25;42,63;17,25;9;7;85;81;2896,96;766,91;6;15,13;0,3;2,98;0,46;0,77;0;200,82;143,17;3,16;44,97;51,89;528,27
Lajedo do Tabocal;BA;58,46;382,94;10247,2;72,91;54,43;48,03;72,87;57,52;77,56;83,68;61,99;49,08;53,25;53,4;48,17;52,12;67,85;24,01;88,7;3634,36;147,31;14,96;3,63;63,74;10,4;54,21;7,51;71,02;91,45;55,19;83,91;0;0;0;34,69;1,62;5,08;11,65;52,37;4,45;12,68;68,92;0,41;46,12;92,79;70,85;2,57;434,74;17,83;6,67;93,67;0,33;8,42;9,34;53,72;19,27;8;10;89;47,67;1254,59;266,28;6;15,35;0,31;0;0,44;0,46;0;106,72;58,59;0;30,19;40,35;483,94
Lamarão;BA;54,59;189,26;7039,52;65,78;59,36;38,64;72,69;60,94;75,71;53,78;65,47;53,5;59,62;58,86;13,07;47,61;78,86;15,01;67,06;336,9;90,33;19,48;4,14;62,02;38,77;71,38;39,91;18,06;89,42;65,13;93;77,22;5,4;29,73;13,87;2,17;4,88;5,9;50,5;3,55;4,27;90,53;0,05;61,98;78,09;69,79;2,89;245,35;13,46;3,7;85,87;1,73;2,94;0;51,44;19;5;0;51;83,5;2442,63;1455,41;1;14,97;0,31;0,33;0,89;0,84;0;16,19;33,47;0;20,09;26,88;448,44
Lapão;BA;60,98;642,88;11281,51;75,79;59,63;47,51;73,83;80,93;92,01;56,41;67,64;53,37;49,74;67,79;34,96;52,31;79,34;23,42;93,83;1200,48;203,36;14,03;3,75;93,02;34,19;97,23;29,95;77,39;96,15;85,01;98,55;55,95;3,87;23,31;24,09;0,9;7,87;9,58;31,73;4,33;7,13;87,5;13,18;37,78;83,97;70,27;3,03;485,92;18,43;8,55;66,39;5,44;2,26;6,99;39,07;15,99;6;10;29,33;84;1936,75;1448,87;4;18,89;0,28;2,84;0,73;0,93;0;20,14;15,56;0,27;27,46;38,36;489,04
Lauro de Freitas;BA;62,41;57,94;33842,15;70,1;66,35;50,76;67,63;86,56;88,73;37,48;67,63;70,44;57,01;70,33;25,76;52,89;61,76;62,63;51,3;508,35;141,82;15,37;4,09;94,25;88,07;99,35;51,89;82,27;83,6;83,31;97,81;158,37;6,66;53,21;2,46;1,17;5,55;7,9;34,47;4,06;9,27;100;15,66;90,44;94,13;74,61;2,68;412,87;24,4;2,26;82,89;7,29;0;0;42,99;24,79;4;5;248,23;53,54;1870,81;1087,65;3;10,72;0,3;1,8;0,19;0,7;3,49;113,28;38,18;16,04;91,32;101,55;575,47
Lavras da Mangabeira;CE;59,68;945,26;10765,19;70,42;62,74;45,88;75,83;54,72;90,51;60,62;73,29;57,34;64,02;56,32;28,54;51,21;78,71;25,04;89,49;2805,18;97,77;12,64;4,44;62,42;53,72;44,83;42,09;58,97;97,49;92,05;95,89;32,6;8,67;15,42;25,32;1,22;1,77;8,38;33,67;4,58;0,83;94,04;10,74;41,81;93,34;71,65;1,71;371,75;12,99;7,79;72,88;1,04;5,87;14,93;44,55;47,07;10;0;95;62;1042,63;803,17;3;15,45;0,29;1,61;0,46;0,99;0;16,91;14,65;1,08;31,34;42,38;489,55
Lençóis;BA;52,99;1283,33;15298,43;64,17;55,93;38,86;70,34;73,5;81,64;31,2;61,69;53,83;59,02;49,2;15,44;50,69;65,95;23,38;88,79;1053,81;123,5;30,96;4,38;73,32;62,86;76,85;22,66;69,66;82,56;72,18;90,95;76,69;22,87;53,83;31,56;1,97;7,55;10,35;48,53;4,25;11,3;53,53;6,59;78,47;91,77;71,51;2,79;310,04;18,8;6,96;56,57;2,46;21,73;8,35;57,09;24,84;5;0;126;74;2052;1107,65;7;19,85;0,31;0,32;0,44;0;0;91,49;76,97;8,95;23,95;28,48;501,11
Licínio de Almeida;BA;58,39;856,63;12997,29;71,68;60,27;43,22;76,36;54,79;90;65,59;75,91;47,81;61,59;55,79;9,03;55,25;76,61;32;88,78;982,32;89;10,92;5,61;68,62;1,55;47,99;13,53;48,68;92,71;95,81;99,16;53,76;0;14,79;12,68;0,13;8,12;7,87;23,28;6,26;6,28;63,56;19,07;51,48;65,53;71,49;2,17;263,63;14,42;10,14;100;2,7;12,86;13,52;45,97;31,21;1;0;130;56;1592,56;1273,23;2;9,43;0,28;3,21;0;0,83;0;8,54;27,9;2,81;36,4;53,37;519,58
Limoeiro;PE;58,97;273,73;14282,67;73,37;65,15;38,38;75,59;61,89;91,19;64,8;81,18;66,66;50,07;62,69;16,31;58,88;50,8;27,53;89,72;908,76;193,48;14,34;2,91;58,33;24,1;86,03;40,19;76,32;92,9;88,91;96,64;33,32;5,1;19,11;16,28;0,35;0,73;4,48;15,55;5,09;1,8;98,76;13,4;77,28;93,78;72,81;2,5;488,69;28,61;6,37;87,21;4,99;2,16;0,53;48,43;20,88;4;0;100;58,75;1772,63;621,29;10;14,22;0,28;1,04;0,13;0,76;92,59;211,28;81,17;8,4;25,16;32,38;567,03
Limoeiro do Norte;CE;59,75;744,52;23019,29;73,02;65,81;40,43;77,59;82,29;92,81;39,39;80,71;69,19;55,02;58,32;27,35;58,71;42,58;33,08;91,63;1755,79;117,17;17,46;3,2;92,56;24,96;99;16,48;92,28;97,05;81,75;96,78;119,92;7,13;45,33;28,21;0,3;1,6;6,23;17,67;5,63;2,03;95,08;20,36;82,63;94,26;73,22;2,39;387,6;29,25;7,05;71,14;3,61;4,35;1,68;46,11;48,27;4;6;99;84,43;977,54;655,69;7;10,03;0,28;1,88;0,27;0,88;340,14;447,74;253,74;7,81;37,13;43,48;559,75
Livramento de Nossa Senhora;BA;57,7;1952,51;12539,14;72,97;62,09;38,03;78,73;57,39;85,75;70,02;71,45;52,56;67,23;57,11;10,28;52,8;63,61;25,41;91,98;1077,43;110,28;11,09;4,23;59,42;44,27;57,9;35,96;48,81;95,14;78,18;96,89;8,58;2,28;6,38;16,86;2,2;5,13;5,95;31,83;4,72;4,23;53,77;10,84;61,45;95,15;72,6;1,87;336,77;12,69;6,38;55,97;2,14;3,37;5,24;53,58;21,44;2;0;267,6;44,8;4070,7;1649,97;2;11,76;0,29;3,61;0;0,99;0;157,93;84,76;0,22;23,42;29,05;543,8
Luís Eduardo Magalhães;BA;61,54;4036,09;76160,52;78,47;64,45;41,7;73,29;92,76;95,93;51,91;69,3;70,43;65,44;52,63;18,95;52,83;48,5;46,51;72,8;180,94;170,22;12,51;3,55;96,17;97,57;96,68;24,89;97,49;97,65;89,04;98,38;66,79;5,95;34,29;23,91;0,8;7,03;9,78;32,78;4,92;7,3;96,32;19,13;90,11;93,47;74,53;2,12;386,05;20,79;4,26;32,15;4,65;15,6;6,39;48,08;58,1;5;0;298,4;54,8;1806,16;749,44;4;13,27;0,32;5,95;0,24;0,63;40,16;308,96;178,74;16,28;62,54;76,14;547,81
Macajuba;BA;55,58;701,17;8500,81;70,89;56,96;38,88;73,6;65,9;85,92;58,12;63,25;59,92;51,49;53,19;20,4;45,93;72,21;17;79,59;1303,42;123,5;14,19;4,4;61,26;59,88;72,59;31,49;60,49;88,6;79,79;96,75;59,36;4,67;19,12;24,87;3,58;3,17;7,33;51,25;4,1;10,27;70,75;11,06;88,79;86,27;71,81;3,32;378,71;19,5;11,96;74,51;2,01;9,23;7,65;48,36;53,52;5;0;187;43,33;1143,79;878,46;1;23,52;0,3;2,45;0,22;0,66;0;41,14;30,21;0;14,56;18,5;488,22
Macaparana;PE;58,2;108,05;11600,39;70,36;60,78;43,46;77,63;74,54;91,83;37,46;78,27;54,43;48,26;62,14;23,69;53,32;67,9;28,93;94;838,11;191,39;13,95;2,56;76,78;78,67;74,39;33,15;74,9;95,82;85,48;98,89;98,5;8,2;39,37;7,33;0,38;0,05;6,5;16,98;4,43;2,38;83,43;2,43;50,47;94,68;71,7;2,88;569,26;21,1;5,86;78,92;4,73;3,04;0,42;46,22;27,34;5;0;132,5;52;343,67;412,36;5;15,92;0,28;0,19;0,18;0,99;0;39,34;158,65;0,59;32,72;43,55;531,35
Macarani;BA;58,02;1210,11;10124,93;75,82;57,41;40,82;65,1;83,46;90,65;64,06;60,6;49,43;61,52;58,08;17,41;49,32;78,21;18,36;79,66;3594,76;151,87;23,16;4,92;89,99;91,8;84,1;37,61;89,25;94,32;77,11;96,83;63,47;0;18,52;4,63;2,58;11,67;12,07;42,82;4,68;9,4;81,71;2,82;38,91;85,43;71,94;2;349,98;20,47;4,63;67,6;4,13;12,59;4,63;49,23;6,07;5;1;118;74;1091,5;1801,53;1;17,93;0,29;2,35;0,55;0,84;0;20,32;15,92;0,45;15,13;21,4;487,25
Macaúbas;BA;58,07;2459,1;9937,63;74,34;59,17;40,7;70,53;75,66;82,26;68,91;70,64;41,27;63,72;61,06;8,24;54,22;67,38;32,95;80,96;749,77;107,18;21,42;5,55;81,64;46,2;94,03;42,13;40,07;87,89;79,34;95,01;10,34;4,74;9,08;12,42;1,57;6,2;8,25;32,4;4,95;4,78;35,38;10,23;44,64;81,78;72,43;1,92;322,74;15,24;10,51;72,19;3,45;4,43;7,17;46,33;17,53;1;0;142,67;67,33;875,03;2122,03;7;15,77;0,3;1,6;0,31;0,44;0;120,45;43,84;0,61;33;41,82;549,1
Machados;PE;55,08;58,32;18993,46;70,39;58,53;36,31;77,29;53,66;90,26;60,34;77,76;51,02;47,84;57,51;15;47,6;63,09;19,56;91,34;659,84;189,09;12,82;2,77;65,11;3,11;64,08;42,37;69,24;90,21;89,5;98,14;37,2;4,22;30;15,88;0,12;0;8,08;22,02;4,97;3,68;99,79;0,44;43,2;74,64;70,99;2,92;587,53;17,45;5,88;85,71;0,01;1,49;0,88;49,92;45,04;2;0;129;27;1929,41;1047,26;2;18,73;0,3;0;0,44;0,9;0;172,33;192;1,2;23,02;31,37;497,91
Macururé;BA;51,04;2545,86;9125,15;64,44;50,04;38,64;75,55;42,45;69,9;69,85;48,15;39,06;59,83;53,14;19,91;40,81;68,16;25,7;96,56;174,51;149,52;18,63;4,48;33,17;28,86;56,18;51,6;8,92;77,43;58,17;93,3;19,94;0;20,67;22,97;19,3;6,63;7,07;38,52;3,9;1,52;37,38;10,26;41,24;73,97;69,9;2,17;347,89;16,19;0;89,58;1,14;9,15;0;52,22;35;3;4;193;59;2943,17;1179,07;2;24,42;0,35;0;0,22;0,75;0;60,66;82,51;0;33,5;46,89;463,19
Madalena;CE;56,33;997,78;10200,84;67,31;60,63;41,06;80,77;53,78;81,33;53,35;72,89;54,25;59,21;56,16;25,76;47,79;65,77;24,91;99,08;772,17;110,32;19,01;2,97;69,08;5,43;60,74;45,63;20,96;89,75;83,51;95,47;70,79;3,97;30,78;14,2;0,77;3,58;10,08;29,8;4,93;2,73;71,93;5,8;59,85;92,73;71,65;2,27;350,45;19,25;11,84;54,75;1,19;4,05;16,57;48,79;38,34;8;0;74,33;69,33;652,36;539,1;2;18,88;0,3;1,01;0,73;0,82;0;154,65;140,45;0,81;30,23;39,06;489,31
Madre de Deus;BA;63,15;32,2;27083,78;74,33;64,94;50,19;69,64;89,27;95,07;43,34;68,4;67,24;52,92;71,2;48,82;54,39;60,25;37,31;64,04;294,02;115,11;20,18;4,51;98,29;98,29;98,85;52,79;97,41;93,93;88,37;99,1;94,67;2,55;38,91;1,8;3,22;4,45;6,58;32,97;4,52;8;100;8,08;90,72;90,51;72,64;2,3;316,22;40,48;1,35;98,17;2,75;0,93;0;36,82;1,68;9;10;164,96;46,39;637,01;955,26;4;10,73;0,28;0,21;0,73;0,92;62,5;126,3;23,95;7,66;49,42;53,24;510,98
Maetinga;BA;53,75;614,83;7000,4;72,63;54,69;33,92;69,27;67,89;83,66;69,7;67,29;41,93;54,38;55,17;2,37;50,33;69,35;13,62;96,39;412,95;213,98;16,22;5,9;47,4;47,71;92,25;17,23;38,42;87,69;84,46;96,33;0;9,69;9,56;17,93;2,1;7,57;7,8;44,22;4,69;3,48;55,68;0,12;58,06;67,35;70,07;2,24;366,06;18,8;20,08;62,44;2,71;5,03;30,12;52,2;26,56;0;0;132,5;82;3248,03;2195,51;2;11,28;0,31;0,59;0,22;0,78;0;46,51;77,16;0;14,72;20,42;471,7
Maiquinique;BA;58,44;588,3;22908,33;75,37;55,57;44,38;65,71;80,49;94,17;61,09;52,49;60,42;59,28;50,09;17,45;47,3;73,32;39,45;64,41;2795,89;128,25;28,55;3,35;83,08;93,17;74,31;24,85;85,4;90,8;95,46;98,79;74,55;0;25,77;19,09;7;13,03;13,9;44,63;3,98;6,98;81,76;14,55;65,1;93,16;66,4;2,28;389,08;12,49;5,73;14,29;0,13;16,25;13,74;57,88;7,42;6;0;118;74;1091,5;1801,53;1;22,48;0,3;4,86;0,67;0,88;0;45,88;43,49;0;61,3;74,85;472,34
Mairi;BA;54,79;906,68;8808,56;67,93;54,76;41,7;72,31;68,72;90,87;39,81;62,15;47,19;55,6;54,08;50,07;51,68;43,6;21,46;88,08;1660,39;115,12;8,89;6,65;67,91;72,75;59,84;17,8;67,77;97,16;84,46;98,56;145,83;7,49;47,53;6,79;2,22;9;11,25;46,4;4,08;4,75;56,62;14,21;39,53;85,06;69,63;2,8;295,69;16,43;13,58;67,09;0,97;6,92;3,96;48,59;48,99;14;10;106;67;2987,83;1578,63;4;15,36;0,3;0,97;0,18;0,79;238,1;289,76;530,81;0,36;23,17;31,2;511,72
Malhada;BA;54,24;1979,19;11963,99;73,39;48,15;41,18;70,97;61,42;86,85;74,33;43,67;43,67;57,74;47,53;14,88;47,08;74,7;28,06;92,32;1503,66;140,81;16,35;5,98;52,99;73,74;53,18;18,69;64,02;91,22;79,58;96,29;26,65;0;9,74;11,37;18,6;10,93;9,25;46,57;4,13;4,8;72,42;4,61;25,49;79,88;69,02;2,75;326,55;14,88;3,9;64,25;0,95;15,19;12,34;57,28;41,24;6;0;35;92;1741,83;1543,08;1;18,23;0,31;1,49;0,18;0,99;;16,54;38,2;1,92;37,45;48,39;476,91
Malhada de Pedras;BA;57,47;550,55;9053,46;72,12;58,1;42,19;83,49;41,41;87,74;75,83;70,3;40,35;64,33;57,42;7,97;52,36;87,59;20,84;96,15;237,55;109,42;7,78;3,47;35,34;7,27;44,02;21,52;33,77;89,75;97,59;99,38;13,23;0;2,88;36,91;0,77;3,75;8,63;40,47;5,28;10,12;54,81;0,14;44,21;73,11;69,83;1,87;306,49;9,4;11,53;63,37;2,26;7,59;32,3;46,34;18,54;0;0;119,2;50,6;2113,75;848,04;2;10,02;0,29;0;0;0,89;0;5,88;0;0;18,61;23,67;507,94
Manari;PE;54,05;386,57;5235,45;64,23;57,7;40,24;75,75;30,69;87,51;62,98;71,4;40,63;58,53;60,23;26,89;47,06;66,44;20,56;88,67;636,18;135,36;16,43;4,05;25,96;3,69;37,64;48,65;26,76;95,1;96,99;97,92;33,39;4,19;23,57;9,26;0,82;0,1;11,65;26,42;3,67;2,02;61,92;0,88;25,5;82,02;65,89;1,44;342,75;17,19;5,26;69,74;0,92;1,91;2,1;50,25;16,75;4;6;46,5;90,33;924,61;582,61;4;21,86;0,31;0,3;0,36;0,94;0;95,56;116,82;0;24,59;30,35;504,56
Manoel Vitorino;BA;52,92;2201,76;9855,19;68,37;49,34;41,06;76,89;50,72;78,55;67,31;60,29;26,29;60;50,78;23,31;46,08;74,41;20,44;88,47;695,63;118,34;19,43;3,45;52,08;2,14;51,08;9,98;53,14;90,98;49,55;96,54;32,72;4,87;12,99;23,45;4,65;9,75;8,52;36,8;3,61;7,22;43,49;4,17;35,67;29,99;69,48;2,25;311,87;13,82;3,61;90,56;3,22;12,16;33,19;53,9;35,12;5;3;101,73;60,45;1454,06;991,47;1;17,57;0,32;0,8;0;0,64;0;8,76;61,77;1,31;29,6;37,91;476,91
Mansidão;BA;56,27;3129,59;6515,6;70,61;57,86;40,35;73,62;49;75,55;84,26;70,59;35,49;74,83;50,53;4,77;42,63;89,27;24,74;91,57;285,56;108,75;20,92;5,49;53,52;7,58;52,51;29,57;39,14;93,25;63,14;83,75;0;0;1,8;4,79;1,8;3,85;7,55;34,18;4,35;3,37;35,59;0,46;25,62;86,15;70,12;0,92;237,86;6,72;7,18;54,03;0,07;21,09;28,02;49,6;27,64;1;0;75,33;67;4610,77;2490,21;3;19,02;0,37;0;0,22;0;0;3,7;0;0;34,31;42,83;457,16
Maracanaú;CE;59,05;105,08;49771,22;68,53;65,5;43,11;73,34;68,64;91,9;40,23;76,97;69,79;53,4;61,85;25,41;56,05;50,31;40,65;62,25;677,52;126,18;11,48;3,48;91,11;53,84;62,52;51,22;95,35;88,78;81,99;98,83;111,43;6,89;46,5;8,1;0,5;3,82;9,12;18,73;5,38;1,78;100;13,59;90,7;93,88;72,27;2,71;427,2;25,51;5,29;66,95;8,35;2,03;0;52,51;27,67;5;4;119,42;64,62;1277;959,28;5;11,9;0,28;2,58;0,48;0,52;10,55;123,21;131;63,15;60,96;68,26;505,7
Maracás;BA;60,2;2413,27;22646,81;74,79;61,73;44,09;73,1;59,53;92,37;74,17;70,15;58,25;58,92;59,59;40,61;53,06;55,55;27,16;89,51;2855,8;130,05;18,09;4;59,23;7,8;68,52;10,26;78,77;92,23;90,98;98,08;36,09;0;10,14;20,28;2,27;5,62;5,75;32,95;4,42;4,78;74,41;0,96;81,49;94,6;69,8;2,26;334,5;16,51;7,24;70,32;1,7;9,4;16,29;38,36;35,05;9;10;109;84,5;3807,71;1409,96;4;16,23;0,29;4,11;0,36;0,85;57,47;216,19;48,91;1,12;34,37;43,36;515,91
Maragogipe;BA;54,18;437,61;10901,27;65,28;57,85;39,4;76,06;58,09;79,06;47,92;64,06;53,47;55,58;58,3;13,46;51,39;80,35;12,41;94,71;496,24;194,19;11,7;3,8;55,16;55,42;60,34;37,85;58,67;68,98;73,15;96,73;77,65;8,17;30,12;6,14;2,68;5,75;7,38;42,25;3,63;8,03;81,4;6,72;44,04;92,69;72,58;2,84;465,56;17,9;2,23;74,04;6,76;1,65;0,56;60,24;20,25;6;0;41;90;3017,45;1844,58;3;16,28;0,28;0,46;0,15;0;0;8,17;7,16;1,88;9,31;11,08;478,09
Maraial;PE;51,55;199,87;9877,56;60,52;57,54;36,58;66,81;47,12;80,27;47,9;70,09;53,67;48,03;58,36;5,52;44,25;68,94;27,61;70,09;715,74;215,23;18,66;3,84;44,99;52,59;44,9;49,7;67,48;92,31;67,58;84,2;100,09;0;44,88;0;1,65;1,4;7,78;34,88;3,94;5,45;91,28;2,77;47,96;86,11;66,85;3,62;415,12;15,16;2,67;63,86;3,27;6,11;1,07;49,12;22,67;0;0;69;92;1666,51;675,6;2;23,75;0,32;1,29;0,44;0,66;0;36,53;169,78;0,96;26,45;36,66;494,27
Maranguape;CE;57,15;583,5;15252,57;66,19;65,31;39,97;80,41;59,62;91,01;33,71;79,78;62,41;52,07;66,97;17,12;55,8;61,25;25,73;88,17;554,12;118,72;12,16;3;84,16;16,17;56,91;45,13;91,08;93,77;78;96,98;123,36;9,62;48,53;11,61;0,3;1,55;6,97;15,27;5,17;1,38;98,51;10,71;62,27;92,72;72,27;2,71;426,23;27,99;4,38;74,2;2,39;1,75;1,9;39,74;13,16;6;0;73,67;86,86;1677,78;924,05;6;11,7;0,29;0,97;0,35;0,97;0;180,15;90,68;24,56;27,52;34,27;510,84
Maraú;BA;51,07;848,88;13418,84;56,69;57,29;39,25;77,22;36,79;73,46;39,28;56,4;47,6;65,52;59,64;22,54;38,14;76,19;20,12;99,19;817,25;121,85;18,03;4,42;28,23;40,48;17,53;16,33;49,46;70,47;65,25;88,91;98,59;4,16;48,82;12,23;5,1;8,37;10,45;56,55;3,64;5,88;48,73;2,11;72,37;81,98;73,08;1,74;296,98;17,86;5,71;84,43;6,2;3,4;3,67;52,94;21,59;8;0;144,5;76;1037;1258,2;2;23,86;0,39;0;0;0,71;0;10,41;24,67;2,54;22,73;29,87;473,68
Marcionílio Souza;BA;51,65;1099,28;10003,28;65,99;54,12;34,84;71,59;63,38;86,94;42,05;64,85;48,53;54,57;48,53;11,72;49,31;62,77;15,56;79,19;655,74;149,25;17,5;4,46;70,75;2,5;71,37;11,51;72,2;94,35;69,77;97,45;113,21;7,18;38,85;30,21;1,25;9,43;10,12;38,63;4,47;8,55;49,91;3,19;65,97;88,45;69,24;2,7;367,13;20,21;7,19;52,98;1,23;18,02;6,47;52,85;51,99;1;2;113;68;2971,96;817,94;2;21,85;0,3;6,09;0,44;0;178,57;34,47;12,76;0,66;11,63;14,28;478,92
Marco;CE;58,38;573,61;14551,55;68,62;62,14;44,36;78,32;55,49;87,11;53,57;80,58;60,42;49,77;57,8;16,58;49,04;70,66;41,16;98,42;915,83;167,66;14,6;3,15;75,37;6,39;47,64;26,34;68,36;91,66;74,39;98,3;59,8;2,61;30,23;21,71;0,25;1,07;8,72;9,87;5,42;1,68;86,59;14,67;59;93,53;69,05;2,64;536,37;15,74;6,2;77,77;0,65;8,36;6,59;45,84;18,78;3;0;680,75;74;519,6;728,36;3;16,51;0,31;0,28;0,91;0,38;0;78,26;66,13;2,12;56,08;79,12;481,49
Martinópole;CE;59,22;303,44;8638,73;72,08;63,73;41,85;80,51;58,12;77,03;72,66;80,31;55,14;57,73;61,73;13,4;47,55;68,7;37,74;94,4;633,91;109,71;8,95;4,25;69,42;3,31;60,98;20,73;6,77;96,24;66,51;94,95;11,14;0;13,83;18,44;0,28;3,27;7,58;21,35;6,31;1,52;84,83;3,02;52,29;94,01;70,57;1,88;405,25;19,74;12,91;54,65;5,29;2,38;12,91;50,78;11,89;3;0;70;69;1075,57;852,37;3;19;0,31;0,68;0,22;0,71;0;73,18;43,69;3,17;57,77;68,7;467,09
Mascote;BA;53,75;742,69;11668,89;69,9;52,69;38,65;70,34;74,82;90,62;43,82;59,34;46,4;54;51,01;9,68;45,25;73,34;26,32;80,62;851,15;114,19;20,44;5,52;81,79;46,06;78,41;19,73;88,66;88,84;83,4;96,9;83,82;8,92;36,92;33,96;2,5;8,75;12,43;48,15;3,61;6,25;71,49;2,56;35,15;86,15;69,64;2,71;285,93;23,49;7,38;81,09;2,98;38,25;2,22;49,28;32,84;1;0;107,33;50,67;2278,17;869,38;2;27,76;0,3;2,84;0,22;0,81;0;20,8;40,84;4,77;34,07;43,73;472,81
Massapê;CE;60,05;567,78;9625,38;73,29;64,09;42,77;77,32;59,58;90,39;65,89;81,52;57,92;56,85;60,09;30,42;52,74;64,12;23,81;90,49;678,58;146,15;15,68;3,33;76,79;39,33;51,31;41,59;79,85;94,61;78,84;98,2;38,58;3,47;16,45;23,87;0,2;3;6,67;12,7;5,91;1,7;91,71;8,97;48,84;94,21;71,7;2,34;400,51;18,28;10,61;72,13;1,1;2,39;4,51;50,82;10,14;3;8;63,67;73,33;880,74;550,01;3;14,89;0,27;0,7;0,46;0,89;0;96,68;158,56;13,25;30,19;38,87;487,9
Mata de São João;BA;55,47;605,17;29850,24;59,4;61,29;45,73;71,41;71,73;84,81;9,64;68,29;66,89;53,95;56,03;11,59;56,2;71,86;43,26;87,08;947,94;188;19,27;3,91;68,51;47,59;97,7;46,14;78,7;73,74;78,86;98,14;236,59;16,2;87,39;15,98;0,27;8,63;7,83;40,15;5,24;11,8;93,63;9,28;90,78;93,42;74,09;3,42;447,83;23,57;3,52;48,28;3,39;3,87;0;55,85;25,85;3;0;217,33;51;4279,05;1572,23;7;13,81;0,28;1,65;0,31;0,69;0;45;30,52;3,22;65,71;74,21;491,89
Matina;BA;50,93;773,28;8693,92;66,03;55,01;31,76;72,97;37,79;77,02;76,34;64,97;39,71;60,05;55,32;2,62;46,77;51,82;25,84;99,44;636,08;108,83;26,8;5,48;26,89;16,66;37,51;22,13;25,57;89,23;63,98;94,64;9,85;0;4,84;21,78;1,77;8,43;7,88;47,08;4,24;5,37;46,66;7;48,41;66,23;69,37;2,16;320,58;16,99;7,74;55,92;5,93;9,57;14,52;52,54;28,71;0;0;125;76;3938,43;1831,54;2;16,59;0,34;2,62;0,44;0,76;1666,67;58,32;66,59;0;32,26;42,91;478,8
Mauriti;CE;58,65;1079,01;10995,94;69,77;62,91;43,27;75,87;48,86;88,57;65,8;80,1;60,49;57,95;53,1;22,71;52,32;73,04;25,02;90,44;1554,44;122,12;17,12;3,9;57,48;60,72;32,31;49,36;58,94;92,42;87,52;96,99;36,83;5,44;16,68;23,27;0,3;0,83;6,93;14,33;5,02;0,9;92,46;8,1;62,37;93,74;71,32;2,37;392,11;16,86;10,1;62,62;2,22;8,11;12,29;52,42;37,5;7;0;86;61;1200,77;661,47;4;15,22;0,29;0,51;0,31;0,85;0;41,74;22,27;3,86;30,49;38,74;490,89
Medeiros Neto;BA;56,36;1311,74;22614,45;70,37;55,24;43,46;73,79;79,6;91,47;36,61;64,25;53,17;45,14;58,38;33,56;49,74;59,55;31,01;99,47;1744,06;216,68;11,82;4,02;86,41;60,82;79,58;17,08;86,44;86,21;87,36;99,33;99,74;9,09;41,45;23,43;2,37;8,55;10,3;41,23;4,38;5,3;82,72;0,32;72,93;74,68;71,61;3,51;481,49;26,19;6,01;81,87;7,3;15,97;2,7;51,32;2,8;4;12;112,5;89,5;3339,3;1969,94;2;17,82;0,29;1,18;0;0,84;0;236,32;172,78;3,5;39,9;51,73;485,02
Meruoca;CE;60,42;151,65;8269,53;70,81;66,71;43,74;82,58;39,62;85,44;75,62;82,86;64,73;58,93;60,31;20,23;54,52;70,31;29,91;90,27;660,59;111,54;9,39;2,77;53,82;3,61;30,42;40,31;58,72;90,62;74,83;97,72;16,38;0;6,6;11,88;0,05;1,47;6,9;16,68;6,53;2,78;98,17;11,47;72,57;92,88;70,68;2,33;338,89;15,04;11,55;69,82;0,08;0,97;1,98;55,03;1,7;4;0;392,87;53,47;547,69;626,6;5;12,21;0,29;0,92;0,55;0,76;0;66,17;47,35;4,82;42,82;53,74;471,93
Miguel Calmon;BA;53,06;1599,67;10868,39;64,81;57,94;36,41;63,29;74,25;82,42;39,3;65,11;53,75;56,45;56,45;12,05;54,39;52,26;26,95;81,49;1338,61;130,57;18,28;8,45;75,12;51,85;79,28;16,56;67,44;90,04;58,48;96,96;99,19;11,18;34,87;15,41;3,82;4,38;7,32;42,18;3,91;5,12;68,79;12,62;48,11;94,81;69,69;2,91;303,35;19,53;7,3;50,51;2,17;12,32;4,87;42,6;43,97;2;0;343;51;1255,77;1649,49;7;16,11;0,3;2,12;0,18;0,78;133,33;150,14;85,42;1,83;31,04;40,52;498,08
Milagres;BA;58,56;420,36;12687,28;70,84;57,23;47,61;74,05;69,36;90,35;49,59;63,44;53,29;55,57;56,62;38,19;49,16;79,28;23,79;96,75;896,49;176,06;20,78;3,78;83,78;12,38;83,43;33,16;75,13;94,61;81,63;98,05;94,19;0;34,32;30,71;3,52;9,13;6,12;29,15;3,74;11,98;70,38;5,01;54,9;95,33;72,32;4,08;415,03;11,12;3,01;41,47;2,92;9,09;4,52;48,19;28,59;11;7;99,5;84,5;3180,12;1900,63;2;18,31;0,29;0,46;0,67;0,49;0;8,81;29,71;3,63;27,62;39,49;497,36
Milagres;CE;58,93;579,1;10771,4;71,14;61,56;44,1;78,14;47,79;89,14;69,47;79,68;54,55;55,39;56,64;32,58;52,35;59,97;31,5;94,15;1528,23;114,09;11,97;4,24;45,04;52,07;37,49;32,7;46,18;95,75;91,4;98,36;17,11;5,04;7,72;22,39;0,22;1,67;4,77;19,6;4,94;1,6;79,12;10,5;51,92;88,02;71,61;2,43;411,4;18,75;13,13;67,16;2,48;5,53;8,49;48,52;36,97;7;4;90;57;967,46;434,34;3;13,98;0,29;1,15;0,55;0,62;0;270,49;294,24;4,73;40,58;54,27;510,97
Milhã;CE;54,45;502,14;13441,45;65,43;60,42;37,5;76,42;42,3;85,54;57,45;82,09;53,63;55,84;50,11;11,06;51,49;61,79;25,66;83,11;900,38;104,4;21,07;3,13;54,43;10,71;56,44;78,13;51,1;97,12;77,13;94,81;67,46;0;31,43;38,24;0,35;3,83;8,13;16,3;7,01;2,07;87,21;7,82;42,59;87,89;72,01;2,23;414,69;24,31;14,16;42,63;1,7;8,95;26,91;53,17;49,45;1;1;201;78,67;1006,07;1016,76;3;16,52;0,29;2,56;0;0,54;0;87,84;298,51;0,92;28,71;38,66;506,63
Miraíma;CE;56,86;708,68;7696,86;68,15;62,51;39,92;81,3;46,66;81,84;62,82;78,26;50,19;63,81;57,79;16,15;50,6;69,94;22,99;92,37;439,91;110,48;10,75;3,5;65,3;3,03;40,78;40,99;48,7;85,43;74,27;95,62;33,2;7,24;23,95;11,27;0,5;3,33;5,18;18,85;4,72;0,3;74,93;11,31;31,94;89,89;71,7;1,8;365,16;21,03;4,23;38,06;1,66;3,65;5,64;49,07;31,96;6;0;92;78;3154,08;1067,78;2;15,56;0,29;1,12;0,22;0,57;0;28,96;97,9;1,95;32,73;36,8;455,55
Mirandiba;PE;57,79;821,68;11274,67;74,28;56,87;42,23;78,42;66,06;81,83;70,8;76,01;43,21;56,42;51,85;42,61;47,4;59,66;19,25;93,83;1044,28;129,16;17,3;3,15;52,52;50,4;91,61;38,56;43,39;92,98;77,63;90,26;48,37;0;18,35;15,53;0,47;0,05;5,33;27,2;4,16;3,52;50,77;6,95;43,53;80,32;71,12;2,59;455,34;13,72;9,88;57,05;0,75;8,23;6,35;58,55;14,88;7;8;91;31,5;1501,38;453,62;1;19,54;0,29;0,67;0;0,49;6,02;137,41;53,42;3,46;22,54;27,57;489,99
Mirangaba;BA;52,66;1751,78;8801,94;69,61;50,63;37,75;76,36;43,88;84,04;74,16;57,25;36,96;55,24;53,06;8,01;47,67;73,01;22,31;88,63;468,53;102,8;29,9;2,64;51,12;21,93;33,75;33,28;62,11;93,24;67,04;95,76;18,75;0;10,17;10,17;4,73;11,22;10,5;50,18;3,98;6,08;37,08;4,51;25,07;86,11;66,12;2,08;294,85;13,25;14,3;82,5;5,09;10,01;17,8;51,95;45,7;1;0;114,43;59,29;2055,31;1317,47;2;20,46;0,29;0,5;0,55;0,69;0;45,7;34,65;0,91;26,09;33,78;468,62
Mirante;BA;55;1172,86;7526,94;69,21;53,69;42,09;78,34;41,51;82,69;74,3;65,11;31,8;65,07;52,78;13,27;47,03;83,46;24,59;94,57;260,32;82,87;24,55;3,77;26,62;60,19;24,65;16,69;27;94,86;73,83;99,3;14,8;0;9,82;2,45;2,87;9,43;8,85;38,63;4,56;4,8;30,95;2,42;33,98;66,67;68,33;1,35;233,29;15,19;7,36;78,02;1,15;6,19;24,54;52,05;38,79;3;0;120;46;2396,95;1237,93;1;9,88;0,35;0,17;0,44;0,86;0;35,52;0;0,86;21,34;28,97;491,41
Missão Velha;CE;57,97;613,32;13405,82;70,07;62,04;41,81;75,05;56,34;86,05;62,84;72,71;59,37;60,37;55,7;27,97;50,11;65,01;24,16;85,84;1908,61;137,36;14,46;3,63;66,54;74,11;33,83;39,72;50,14;89,97;86,87;95,5;48,66;4,01;23,9;21,73;0,8;5,58;11,27;19,3;4,72;2,03;93,13;11,28;52,92;92,53;70,21;2,55;417,95;12,38;8,69;20;1,28;4,94;13,58;50,47;31,12;10;0;88;68;1270,15;693,26;3;15,71;0,3;0,64;0,31;0,39;0;126,14;91,6;1,71;30,11;37,78;483,92
Mombaça;CE;57,8;2115,75;11646,07;71,31;58,89;43,21;80,09;44,59;88,11;72,46;77,92;51,75;51,31;54,56;28,82;50,69;67,76;25,55;95,37;1216,45;106,53;11,58;3,9;46,02;43,14;31,24;33,63;48,73;96,38;86,84;97,07;21,82;0;14,31;23,85;1,25;3,35;7,8;18,22;5,53;0,7;72,7;9,09;43,81;91,17;69,09;2,42;424,74;20,11;10,6;77,56;0,12;10,06;10,6;47,18;32,74;4;7;122,5;71;1800,83;737,92;4;19,33;0,29;2,33;0,77;0,77;0;101,04;104,04;4,78;31,22;42,03;499,66
Monsenhor Tabosa;CE;53,1;892,54;9163,96;57,22;54,77;47,33;78,62;48,61;89,08;12,55;75,77;45,7;48,34;49,25;41,7;50,57;62,37;34,69;98,71;1388,29;135,02;22,12;2,47;56,77;3,56;43,1;18,12;56,86;95,83;86,76;97,19;177,73;16,25;69,97;10,5;1,65;1,8;7;37,17;5,74;1,1;76,28;6,96;46,92;64,11;71,37;3,47;409,4;20,94;10,2;84,26;1,54;4,92;83,97;52,24;50,78;7;8;170;47;893,32;514,15;3;14,71;0,3;0,88;0,73;0,9;6,55;69,63;225,23;2,07;50,66;63,93;475,48
Monte Santo;BA;51,99;3034,2;9300,73;65,42;52,1;38,43;72,22;41,73;82,84;64,91;59,67;34,84;61,47;52,43;18,39;47,16;66,06;22,14;72,56;657,66;94,15;19,59;4,61;26,31;54,26;36,19;29,74;33,85;91,61;76,25;98,05;35,37;2,12;18,84;15,07;5,87;5;8,75;46,35;3,54;6,13;52,65;3,82;28,66;61,46;66,96;2,14;255,64;17,68;5,02;32,59;2,32;6,39;3,98;51,78;58,23;4;4;51;92;1879,76;1851,85;3;18,7;0,32;0,6;0,31;0,86;19,84;27,57;29,05;6,28;26,34;33,81;483,95
Morada Nova;CE;56,03;2763,97;19689,62;68,12;61,25;38,74;78,43;75,22;88,63;30,19;73,86;60,75;53,89;56,49;7,5;53,71;67,92;25,82;86,22;868,5;105,49;11,53;3,97;82,83;18,08;95,42;24,66;66,2;95,02;79,67;97,56;114,58;12,84;53,9;35,15;1,05;2,5;8,97;31,83;4,99;1,72;82,96;16;63,18;93,15;70,47;2,92;391,35;17,2;10,42;62,36;4,28;7,35;4,56;50,68;30,97;1;0;97,67;82,83;1830,16;855,22;4;13,73;0,28;0,94;0,8;0,2;0;80,24;128,79;2,75;29,43;34,46;515,82
Moraújo;CE;58,45;414,45;8939,26;70,22;60,99;44,14;75,29;47,87;88,73;68,99;76,9;47,93;62,96;56,17;14,88;50,15;87,08;24,45;76,81;779,62;153,06;10,89;3,39;62,52;14,01;35,18;28,71;59,03;96,1;82,56;97,87;0;8,05;8,07;36,35;0,78;4,33;8,52;20,62;5,62;2,08;80,64;5,93;43,17;73,23;71,1;1,99;459,26;14,78;9,09;4,7;0;2,78;23,02;53,95;13,94;3;0;113,5;55;954,28;962;2;13,98;0,3;0,88;0,67;0,68;;14,49;0;4,67;30,99;36,06;499,28
Moreilândia;PE;57,22;404,29;8447,89;67,24;62,2;42,22;77,55;43,65;86,65;61,11;77,9;55,11;63,5;52,29;21,56;47,17;70,71;29,44;90,72;492,13;101,12;19,98;3,85;47,37;10,39;49,8;45,15;50,12;91,71;85,99;96,43;9,88;12,64;14,23;3,16;0,88;0,42;5,58;20,55;4,58;2,02;81,62;1,43;55,26;96,33;71,05;1,85;303,99;12,05;14,23;70,69;2,58;9,24;23,72;50,62;46,16;3;4;102;72;1010,66;827,7;2;21,41;0,29;0,4;0,44;0,87;0;34,13;107,18;0,59;36,68;46,87;510,63
Moreno;PE;57,66;194,2;15595,28;62,87;66,14;43,98;70,87;66,8;79,63;34,17;74,57;65,19;56,63;68,17;29,65;49,35;64,71;32,22;74,38;827,18;171,84;17,73;3,61;67,58;50,41;81,67;46,25;67,27;73,02;70,23;94,2;105,92;8,3;47,41;9,4;1,4;1,62;5,38;20,62;3,84;3,23;97,2;9,59;77,12;94,17;73,28;2,74;488,03;17,64;4,07;63,32;10,15;1,56;0,72;46,05;13,61;4;6;209,33;58;1543,27;499,7;3;18,04;0,3;0,46;0,31;0,77;25,06;25,6;47,58;3,85;40,34;47,27;513,28
Morpará;BA;55,44;2093,87;9626;70,01;54,41;41,92;76,43;58,3;89,61;55,69;67,59;47,02;52,64;50,39;7,61;45,19;89,19;25,67;96,3;300,88;121,55;19,77;4,53;64,29;9,22;68,58;28,26;63,14;95,38;92,08;93,47;59,17;6,41;25,06;4,17;2,92;6,55;5,43;35,47;3,82;3,42;62,32;0,15;64,46;76,13;68,9;2,83;386,25;15,61;9,38;75,36;0,2;26,42;15,01;51,47;19,84;1;0;154,5;79;1468,35;1214,78;2;16,89;0,34;0;0,67;0,5;0;8,54;0;1,31;32,7;41,46;459,46
Morrinhos;CE;57,28;411,59;8243,58;71,89;63,29;36,67;82,78;51,49;86,97;66,33;80,18;56,03;56,21;60,75;12,55;49,33;59,57;25,22;97,04;548,11;80,56;16,45;3,13;69,13;7,64;40,61;25,33;64,8;94,13;75,4;96,86;25,69;4,44;15,38;17,58;0,33;2,22;9,62;11,8;5,83;1,33;91,57;13,94;37,12;90,35;70,57;2,19;342,03;16,26;14,94;93,89;0,54;2,23;3,96;46,04;25,79;1;0;680,75;74;519,6;728,36;2;14,06;0,3;0;0,55;0,49;32,05;90,51;78,56;0,36;33,28;41,11;471,27
Morro do Chapéu;BA;54,3;5744,97;17899,82;70,89;55,17;36,85;69,1;61,63;88,98;63,85;62,97;49,43;53,53;54,77;16,72;51,53;54,57;24,59;74,61;1770,47;157,5;13,23;4,97;57,88;38,96;64,55;16,36;72,94;90,88;86,1;95,05;45,77;1,96;21,43;22,62;2,3;6,3;10,4;40,98;4,22;11,87;52,92;10,37;47,6;95,39;70,98;2,64;417,66;17,97;8,93;85,15;4,19;14,81;8,33;50,59;24,3;6;0;117;76;3451,4;900,01;6;19,04;0,3;1,26;0,46;0,75;22,32;236,82;129,21;5,61;26,77;33,76;509,89
Mortugaba;BA;56,89;528,21;9366,92;72,75;56,94;41;76,65;55,13;86,77;72,44;68,27;47,64;60,06;51,79;18,93;55,27;73,04;16,75;96,13;1293,13;78,96;15,71;5,57;60,29;13,74;53,6;15,97;42,83;94,51;83,75;98,75;30,8;0;14,36;17,95;1,07;7,67;10,38;29,13;5,32;12,65;61,19;9,62;49,23;80,38;71,28;2,34;265,63;18,14;15,7;60,51;1,6;14,46;15,26;51,46;32,46;1;5;130;56;1592,56;1273,23;3;10,26;0,28;3,02;0,22;0,74;0;24,77;39,18;2,76;11,66;15,69;534,51
Mucambo;CE;59,1;192,19;9440,39;71,58;60,85;44,86;77,41;58,36;94,8;55,76;76,7;54,99;52,27;59,44;32,44;54,96;61,57;30,48;95,66;1675,79;134,43;13,53;3,88;76,25;10,21;58,88;35,01;75,68;97,95;95,5;98,93;75,5;5,68;24,88;24,88;0,2;5,67;15,37;17,82;6,77;0,97;90,82;6,72;64,4;73,59;68,91;2,28;438,83;17,83;16,1;58,68;1,58;4,31;11,71;48,91;9,47;6;5;107;57;737,26;587,91;3;13,61;0,27;3,21;0,67;0;0;286,97;153,85;4,54;39,3;53,06;482,92
Mucugê;BA;52,46;2462,15;61707,28;73,73;53,7;29,96;72,61;66,43;81,61;74,27;69,79;32,15;63,65;49,19;5,07;50,84;50,11;13,83;76,96;1503,98;118,02;20,24;3,69;46,23;33,21;99,35;22,78;55,71;94,3;55,33;97,94;36,25;0;9,89;18,13;1,08;7,88;4,9;39,92;4,71;6,5;32,03;3,71;44,58;56,88;72,2;1,92;307,96;14,41;12,36;73,89;3,48;36,84;2,47;53,09;35,27;1;0;99;83;3801,47;1220,47;6;17,09;0,32;1,07;0,22;0;69,44;192,12;213,09;0;19,99;23,03;473,49
Mucuri;BA;53,63;1787,63;55717,32;61,45;56,82;42,62;74,51;54,61;86,6;30,07;60,5;59,29;53,21;54,27;8,03;50,14;65,96;46,35;82,6;843,39;144,74;12,19;4,3;50,85;27,95;56,24;17,63;86,77;80,48;72,51;99,26;155,11;11,48;57,41;23,17;1,3;11,17;16,23;37,37;4,14;6,38;76,65;9,01;74,22;92,72;73,05;2,99;346,73;27,11;4,74;89,55;4,74;16,62;2,37;53,05;19,21;1;0;91;80,33;1219,39;1006,26;3;18,93;0,29;1,14;0,15;0,97;0;78,24;79,37;8,65;64,25;70,03;553,9
Mulungu;CE;56,52;97,95;11344,01;62,68;62,88;44,01;83,08;43,36;84,4;39,9;80,09;52,36;55,76;63,31;28,55;49,11;66,97;31,41;85,12;963,36;66,28;13,87;2,34;43,03;38,96;28,5;26,29;19,76;96,32;89,33;96;146,32;4,71;47,31;7,57;0,48;0,57;5,98;20,05;5,24;1,03;85,73;0,45;45,1;91,17;70,56;2,98;325,61;17,35;4,73;82,5;0,01;1,56;0,95;47,22;2,53;10;0;101;65;1105,01;706,14;2;16,92;0,29;0,27;0;0,48;0;79,14;47,08;2,35;38,52;53,57;484,64
Mulungu do Morro;BA;56,31;646,62;15739,9;70,6;59,57;38,77;72,32;57,95;88,23;63,91;68,4;49,43;61;59,48;28,67;44,5;70,89;11,01;90,96;1918,8;154,35;20,15;4,07;53,67;31,76;66,84;26,35;47,68;92,98;91,06;97,51;46,35;5,05;21,29;10,64;2,5;3,72;7,67;32,47;4,04;6,35;60,22;2,71;52,18;94,36;70,18;2,22;431,85;10,12;9,5;39,02;0,72;4,67;4,56;44,14;29;8;4;117;76;3451,4;900,01;3;20,18;0,34;0,56;0;0;0;18,95;71,63;0;5,62;5,46;490,15
Mundo Novo;BA;55,69;1491,99;11522,5;68,12;55,63;43,33;73,96;66,09;84,49;47,95;67,45;50,58;53,63;50,85;30,31;50,89;68,53;23,6;79,53;870,66;144,74;12,97;4,11;70,09;41,46;67,98;23,39;78,09;92,02;60,81;95,93;89,59;11,39;30,06;15,02;0,3;9,75;9,2;40,32;4,65;5,33;56,86;6,45;58,55;92,25;72,43;2,94;396,15;16,62;19,65;62,75;2,32;19,85;2,89;49,61;49,99;8;5;98;75;1954,17;1575,01;4;20,76;0,3;4,72;0,55;0,22;0;86,58;66,27;0,29;25,06;33,33;521,48
Muniz Ferreira;BA;54,06;104,54;9041,75;65,59;55,05;41,55;68,85;56,19;89,41;47,91;73,47;38,97;53,64;54,1;10,19;53,69;77,57;24,76;78,55;904,12;141,89;27,88;4,12;57,87;34,58;51,31;19,63;61,15;90,47;89,1;98,81;142,45;0;41,66;13,91;1,62;2,63;4,28;31,3;4,24;3,52;94,42;7,43;23,3;39,63;70,64;2,61;374,82;23,77;9,27;62,3;0,34;5,82;0;52,09;35,63;1;1;89,25;70,25;1964,92;841,56;3;9,51;0,29;0,27;0,22;0,89;0;9,13;32,52;0;38,25;50,97;472,49
Muquém do São Francisco;BA;51,05;3852,11;19620,7;67,84;46,55;38,76;73,43;49,92;84,07;63,92;62,09;27,22;59,8;37,08;9,63;47,11;65,55;32,76;97,63;663,36;129,49;21,06;5,42;67,27;13,94;34,71;25,65;48,67;94,74;73,71;95,5;29,86;0;28,73;67,03;3,05;8,23;11,9;44,02;4,17;4,08;46,18;0,32;26,09;43,68;70,63;2,41;295,61;16,77;7,18;76,22;1,8;63,46;114,91;60,87;31,78;2;0;154,5;79;1468,35;1214,78;4;19,67;0,33;0,54;0,67;0,78;57,47;50,61;14,87;1,21;39,5;54,41;492,65
Muritiba;BA;56,3;86,31;9248,27;69,89;60;39,02;70,89;79,36;86,86;42,44;63,64;56,26;58,71;61,39;4,28;53,27;72,39;26,12;80,15;489,11;184,45;17,9;4,01;83,15;49,08;88,01;16,54;65,81;93,53;81,13;93,17;132,07;4,35;41,1;11,32;1,85;8,32;7,58;43,82;3,73;7,83;100;7,43;38,78;90,14;72,74;2,86;420,19;13,38;5,57;66,49;1,7;1,49;0;49,83;17,83;1;0;33,33;90;2125,63;1631,2;4;13,58;0,29;1,19;0,36;0,71;0;27,43;61,54;1,04;28,46;36,84;523,62
Mutuípe;BA;58,1;275,85;23036,25;64,07;57,1;53,14;71,45;54,1;85,75;44,97;60,59;59,74;50,58;57,47;30,02;50,68;74,81;57,04;87,63;1338,68;189,76;13,63;4,55;46,94;66,1;49,34;34,27;46,92;85,95;88,91;97,35;95,76;4,81;34,94;20,96;1,17;9,63;11,98;43,87;3,97;11,77;67,61;11,67;85,99;89,94;70,08;2,88;423,23;21,63;4,99;83,79;3,51;5,39;0;49,51;34,44;12;0;144;83;1190,83;1179,82;3;16,43;0,29;0,14;0,55;0;0;28,83;23,63;2,42;81,5;122,02;490,14
Nazaré;BA;58,61;278,63;11730,01;71,51;58,9;45,43;67,07;76,99;86,02;55,96;63,09;64,96;52,65;54,92;14,26;54,75;81,52;31,19;72,58;1022,13;215,28;17,31;4;74,37;72,36;82,21;22,98;81,8;73,68;83,64;97,4;75,48;2,38;24,4;9,61;2,52;7,8;9,72;46,03;4,11;5,87;93,04;9,6;80,57;94,24;71,64;2,7;465,62;21,72;5,17;74,36;3,72;4,61;0;54,67;38,99;4;0;89,25;70,25;1964,92;841,56;7;15,56;0,29;0,64;0,18;0,82;0;7,13;7,19;3,47;36,84;49,07;514,72
Nazaré da Mata;PE;61,61;130,57;21568,56;68,83;65,95;50,06;74,5;80,21;91,52;29,08;79,67;66,04;52,67;65,41;46,64;54,38;67,59;31,62;81,53;1208,48;170,2;11,53;3,45;79,29;78,79;95,4;43,24;75,57;90,73;90,1;98,53;161,57;6,15;57,43;13,05;0,33;0,05;3,78;17,28;4,58;4,05;99,94;11,56;74,97;94,39;72,31;3,52;475,24;8,06;6,53;100;7,56;1,93;0,65;48,92;8,3;12;8;80;55,4;2265,59;1018,06;5;16,07;0,28;2,15;0;0,58;0;78,73;36,44;3,69;35,6;45,36;557,58
Nilo Peçanha;BA;53,62;388,94;15087,36;56,14;55,79;48,92;72,25;46,68;69,45;36,16;64,22;45,54;57,47;55,93;39,87;45,74;79,08;30,97;76,82;646,26;157,26;16,66;3,86;43,75;57,44;24,97;19,27;57,75;65,96;56,01;84,1;120,12;4,18;56,42;6,22;3,53;8,25;7,4;37,07;3,87;5,12;58,11;3,25;35,89;93,53;70,72;2,53;390,96;17,11;4,97;66,65;2,88;8,58;3,32;50,56;25,79;8;10;112;81,5;2368,94;1346,71;4;21,28;0,33;0,47;0,44;0,88;0;20,91;8,66;1,16;36,83;54,7;482,2
Nordestina;BA;52,77;465,41;8309,61;67,79;55,15;35,38;80,99;49,27;75,85;65,06;55,73;48,45;61,47;54,94;19,06;46,56;63,83;12,08;92,77;1080,26;120,5;11,41;2,98;47,7;3,7;61,85;29,73;18,11;81,82;67,11;97,35;22,02;3,61;18,48;5,4;4,07;10,63;15,02;41,87;3,74;8,87;79,67;0,02;35,76;89,38;69,58;1,7;343,76;15,26;6,75;76,7;3,14;3,5;4,32;48,23;72,01;8;0;87;81;2593,38;1743,73;4;18,86;0,34;0,92;0;0,62;0;80,22;168,07;0,6;12,64;14,1;505,19
Nova Canaã;BA;51,17;804,62;12506,96;69,4;50,88;33,24;70,1;52,19;86,85;68,45;57,11;33,73;59,82;52,87;18,43;48,45;50,88;15,21;98,29;4484;119,65;25,57;4,47;50,91;55,99;42,59;31,95;57,55;91,69;85,65;94,56;20,95;3,67;10,21;11,67;5,93;8,6;7,73;51,68;3,56;7,23;48,3;2,1;27,4;64,2;72,35;2,01;344,47;23,24;7,29;72,46;0,25;14,38;6,56;52,12;16,75;8;0;133,5;79;5327,51;2381,57;6;22,78;0,31;0,3;0,22;0,6;37,88;378,8;118,27;2,59;15,52;19,32;483,96
Nova Fátima;BA;57,27;346,78;11603,7;74,84;60,4;36,57;78,95;88,25;95,73;36,41;68,85;63,22;53,13;56,42;10,21;52,28;63,39;20,42;95,91;807,39;98,64;10,38;5,08;92,27;73,15;95,64;19,21;82,4;97,39;95,03;99,71;202,49;0;50,21;30,12;4,85;5,27;4,05;29,38;4,09;2,5;78,63;8,84;90,9;93,07;69,26;3;325;21,22;6,28;66,53;1,54;6,39;1,26;50,77;23,03;3;0;148;64;3769,5;1513,58;2;15;0,27;1,61;0,22;0,98;0;275,12;61,22;1,45;23,8;30,88;490,21
Nova Ibiá;BA;55,99;203,2;15284,77;72,92;54,25;40,8;75,69;54,37;89,59;72,02;59,74;49,14;53,92;54,22;10,26;44,88;85,97;22,1;97,03;649,44;137,42;12,96;5,37;52,31;57,5;41,89;22,62;55,81;94,07;95,44;94,86;50,05;0;15,38;11,54;5,15;11,93;7,7;44,97;4,06;4,17;79,14;0,19;32,08;95,36;67,86;2,27;264,55;21,67;10,25;93,75;7,02;21,25;0;52,07;29,41;1;0;156;47,67;1788,86;1058,36;2;25,83;0,3;0,67;0,22;0,79;0;0;34,48;0;30,82;43,85;468,56
Nova Itarana;BA;60,19;475,38;9160,19;74,12;58,03;48,42;74,92;63,97;92,6;64,99;70,25;51,2;57,5;53,17;44,21;47,21;79,21;23,07;88,83;731,68;143,34;15;4,4;78,36;6,03;75,73;33,65;79,92;93,14;91,49;97,37;39,16;6,5;15,42;35,99;2,67;5,73;5,05;34,82;4,24;1,6;88,56;1,67;37,99;88,31;68,73;2,86;348,48;13,93;3,21;53,33;0,83;7,31;12,85;52,15;33,91;14;8;99,5;84,5;3180,12;1900,63;2;21,66;0,29;0,14;0,67;0,96;0;13;26,71;0;34,71;41,47;461,76
Nova Olinda;CE;59,07;282,58;10311,63;70,14;62,38;44,68;75,94;66,09;90,94;47,61;83,39;57,5;51,49;57,16;13,9;53,86;76,09;34,88;81,1;1015,14;128,22;18,3;2,9;72,22;78,67;56,38;39,88;65,37;97,49;90,07;95,97;58,82;4,22;41,56;25,98;0,1;1,82;6,43;12,13;6,16;0,77;94,96;0,13;57,69;93,2;71,72;3,05;434,18;14,32;14,61;89;1,01;5,61;5,2;48,7;25,12;3;0;81;69;1715,74;504,75;6;16,2;0,28;0,58;0,73;0,84;0;15,2;73,24;0,39;44,95;58,89;500,85
Nova Redenção;BA;52,49;565,36;9879,2;67;56,61;33,86;70,3;67,82;90,27;39,62;67,08;52,27;49,57;57,54;23,04;45,82;55,1;11,49;84,58;309,11;143,26;25,64;4,69;83,46;2,44;76,6;20,5;64,58;95,16;86,95;97,96;54,91;17,77;36,48;23,22;1,8;5,25;6,22;37,05;4,08;10,95;80,87;0,1;50,27;91,48;68,36;3,07;348,53;14,45;13,27;100;5,83;6,82;0;45,39;58,63;5;5;99;83;3801,47;1220,47;1;20,44;0,31;0,58;0,22;0;416,67;42,64;51,55;0,62;14,07;14,67;493,46
Nova Russas;CE;61,77;736,91;10601,29;80,08;62,8;42,42;80,05;75,05;96,07;69,16;77,51;63,13;48,36;62,19;35,68;54,77;50,75;28,47;98,26;1562,45;135,37;11,07;3,35;85,54;15,58;96,78;31,05;83,02;98,61;95,54;99,23;18,16;2,14;8,47;25,41;0,58;1,65;8,27;27,68;5,6;1,58;96,79;15,66;61,08;92,03;70,25;2,57;462,51;25,08;10,42;80,65;1,83;2,05;9,45;45,4;21,01;11;0;90;67;263,03;287,83;6;16,67;0,28;2,06;0,92;0,75;107,53;274,99;309,14;1,76;37,89;47,55;495,03
Nova Soure;BA;51,31;966,99;10990,39;62,28;55,06;36,6;69,55;53,45;87,79;38,32;63,17;50,37;52,43;54,28;20,92;45,65;66,8;13,02;77,67;634,28;90,79;29,59;4,91;64,88;3,56;51,49;21,57;55,76;94;83,09;97,66;128,62;5,48;51,16;21,46;2,23;8,15;7,7;44,08;3,87;8,9;77,79;0,12;49,68;87,25;67,71;3,21;256,52;19,41;9,9;62,51;3,29;9,15;1,65;50,21;44,02;8;0;64;83;1156,68;1435,63;2;21,95;0,31;1,3;0,18;0,79;0;80,5;82,46;1,05;8,1;9,14;505,53
Nova Viçosa;BA;55,07;1316,38;13963,97;62,78;57,84;44,58;66,71;66,54;91,13;26,76;62,52;61,23;51,5;56,12;22,87;45,19;84;26,25;62,14;776,9;157,31;17,77;4,68;62,96;49,59;74,72;25,97;90,95;87,57;83,03;98,52;135,25;13,67;62,26;26,32;1,68;11,95;12,02;36,17;4,27;6,6;91,73;6,51;74,35;89,55;71,77;3,28;367,76;23,61;5,57;80,17;4,55;5,66;3,29;54,98;23,23;9;1;60;91;1880,31;1728;3;21,49;0,33;1,04;0,31;0,82;0;3,73;7,11;4,92;33,16;42,17;493,34
Novo Horizonte;BA;58,35;627,5;9165,86;77,83;56,62;40,61;75,29;77,81;83,56;74,65;76,6;39,51;55,76;54,61;13,02;50,03;87,04;12,34;90,43;1342,22;109,63;16,09;4,75;98,16;2,82;85,64;9,55;30,51;90,12;82,65;98,27;29,43;0;8,96;17,92;0,83;6,67;8,62;18,58;5,82;1,63;42,19;0,54;35,82;87,62;70,42;2,26;399,56;14,28;20,16;60,43;0,13;10,37;0,9;51,16;17,03;2;0;128;60,5;697,13;988,51;3;10,75;0,33;0,94;0,22;0,68;0;0;22,18;0;7,58;8,85;503,73
Novo Oriente;CE;60,74;947,44;9821,72;75,12;63,6;43,48;78,64;65,2;91,29;65,36;86,74;57,54;54,31;55,83;35,95;52,86;60,46;24,64;96,67;1516,44;137,22;9,29;4,08;80,35;85,02;38,47;34,9;59,41;97,84;91,25;98,05;25,15;4,32;14,52;31,95;0,03;0,65;6,97;12,67;7,34;0,32;85,66;5,5;62,84;91,1;70,79;2,93;449,05;16,93;10,17;38,78;0,25;4,58;17,43;48,65;33,68;3;11;112;65;977,24;875,96;4;15,8;0,28;0,41;0,55;0,77;21,46;73,39;100,08;3,51;24,8;35,62;510,97
Novo Triunfo;BA;57,37;299,13;9349,89;77,14;56,7;38,26;73,21;70,79;91,99;72,56;59,67;50,79;66,71;49,63;13,15;44,29;79,89;15,73;97,38;1166,43;126,54;22,47;5,08;85,58;78,71;47,74;24,6;69,32;94,17;91,33;98,86;39,76;0;14,07;15,63;2,82;9,27;10,83;44,68;3,69;8,72;87,17;2,91;32,06;91,23;71,15;1,54;282,09;13,67;4,69;86,7;0,48;10,26;2,81;53,26;54,92;4;0;105;72;1567,94;1528,7;1;22,02;0,32;0,77;0,89;0,85;0;18,56;18,18;0,89;17,18;21,56;476,82
Ocara;CE;56,68;763,08;11377,4;69,57;59,48;40,99;83,47;50,35;86,86;57,59;76;52,48;58,93;50,52;21,96;51,86;66,49;23,66;95,03;825,11;90,41;15,38;2,38;78,82;2,37;25,09;18,75;72,3;91,18;71,99;98,03;58,62;5,45;20,41;15,51;0,15;3,53;9,6;25,53;5,41;2,18;85,98;2,66;56,82;79,2;71,25;2,28;391,7;17;7,35;63,98;1,18;8,83;1,63;55,68;43,55;8;0;107;65;2112,03;1128,19;3;15,93;0,28;0,86;0,18;0,39;0;86,62;70,14;1,62;24,91;32,06;494,12
Olinda;PE;60,14;41,3;15956,41;66,67;66,52;47,23;62,72;76,07;83,66;44,23;74,93;69,14;57,5;64,52;36,11;60,43;54,94;37,43;70,19;1117,46;141,83;14,68;7,97;86,18;48,9;97,33;56,73;73,61;69,38;83,55;97,04;104,68;4,86;36,75;4,86;0,83;0,73;7,13;24,78;4,3;3,73;100;11,25;90,64;94,23;75,16;2,69;457,58;22,13;4,06;71,92;6,81;0,99;0;53,45;4,15;3;10;117,96;55,26;1058,15;514,35;11;14,63;0,28;3,27;0,24;0,87;21,08;135,56;104,41;15,36;50,1;56,37;541,94
Olindina;BA;57,29;637,32;10567,46;69,45;57,69;44,75;68,15;61,26;89,37;59;59,03;56,17;58,22;57,34;36,08;47,87;75,56;19,47;65,17;2402,41;137,17;13,11;4,65;63,88;66,25;51,56;31,29;70,48;96,48;78,71;97,6;50,33;2,87;30,04;27,39;2,9;9,5;10,02;43,07;3,95;14,48;83,93;1,26;73,91;83,5;73,6;2,99;388,72;19,62;5,3;55,24;1,46;4,97;1,33;47,5;36,63;9;7;45,5;93;1072,33;1495,01;3;21,48;0,3;0,87;0,36;0,93;0;21,53;27,87;1,33;23,38;31,28;493,59
Oliveira dos Brejinhos;BA;52,98;3313,42;13783,59;66,34;53,12;39,47;73,66;49,15;77,16;65,38;65,95;36,73;54,36;55,44;18,07;52,13;69,46;18,23;87,83;1080,19;124,65;9,58;5,99;82,76;3,05;30,67;43,31;47,1;89,15;54,2;93,44;21,95;4,88;14,48;37,65;2,72;5,75;8,17;35,07;4,03;7,57;24,04;7,05;41,55;80,62;69,81;2,76;368,02;15,43;10,62;76;1,94;9,42;9,65;49,96;22,71;3;4;191;70;2418,2;1989,26;5;17,83;0,3;2,87;0;0;0;31,25;61,73;0,31;17,65;21,71;497,94
Orobó;PE;59,04;138,36;17902,9;67,3;67,15;42,68;78,39;33,34;84,77;72,69;82,52;63,34;59,82;62,93;18,67;47,98;73,7;30,38;81,53;709,42;144,5;11,22;2,66;32,95;20,52;32,11;52,53;27,29;92,05;90,93;96,25;15,83;0;13,76;11,46;0,17;0;5,1;14,95;5,44;1,37;100;8,5;72,08;89,74;72,19;2,16;433,22;17,99;4,59;63,08;3,63;3,05;0,92;46,46;12,89;4;0;158;54,67;1114,03;479,99;4;11,33;0,36;0,94;0,36;0,69;0;19,63;60,77;0,35;34,81;48,29;514,08
Orocó;PE;54,96;554,76;13319,79;68,75;58,53;37,61;76,19;62,54;74,19;62,07;75,19;48,9;54,51;55,51;14,8;46,1;54,45;35,09;87,72;319,58;127,69;20,56;3,49;83,33;78,83;42,49;57,02;47,12;57,91;79,03;91,93;46,35;0;39,67;23,51;1,8;0,82;5,1;16,5;3,9;4,38;43,75;14,55;73,85;75,29;70,96;2,92;362,78;18,22;5,51;86,3;0,71;4,69;3,67;52,89;24,61;2;0;83,5;57;635,8;544,53;2;21,13;0,31;1,51;0;0,57;8,14;232,49;144,17;3,25;51,67;63,54;468,52
Orós;CE;57,4;577,53;11014,38;74,27;59,55;38,38;74,78;71,84;89,57;60,9;74,37;63,01;46,86;53,96;25,6;52,3;65,97;9,67;93,01;1038,85;169,4;18,34;3,54;84,42;81,47;60,37;40,92;76,16;97,76;80,88;93,95;44,95;5;25,41;29,48;0,48;2,87;10,05;24,98;5,07;4,03;94,85;17,55;55,85;95,26;72,58;3,24;508,38;19,1;20,33;70,82;0,08;4,49;14,74;51,59;38,12;3;7;237,17;77,38;1714,01;1216,63;4;16,28;0,28;0,64;0,36;0,8;0;105,98;89,85;4,63;7,61;8,76;469,26
Ouriçangas;BA;60,1;156,98;10232,11;80,92;58;41,4;77,74;74,19;88,08;83,67;59,18;57,29;57,96;57,55;9,17;55,9;62,68;37,84;98,73;870,9;139,27;8,49;5,12;90,23;55,73;73,72;39,88;52,96;90,97;88,33;98,3;0;0;3,24;22,68;3,18;7,73;8,55;56,37;3,63;8,57;89,5;0,4;59,57;95,49;71,74;2,14;331,18;23,94;7,78;78,49;0,33;4,2;0;50,84;18,02;3;0;59;85,5;2611,61;1296,86;2;8,36;0,28;4,17;0,22;0,94;0;215,16;117,85;0;53,74;68,77;474,8
Ouricuri;PE;55,06;2381,57;11506,25;70,59;59,41;35,18;73,09;71,87;85,62;51,77;71,17;54,52;58,25;53,72;17,23;52,61;46,68;24,17;86,46;647,06;142,59;22,69;3,89;61,35;73,01;78,91;21,02;44,67;94,85;82,61;95,51;51,82;4,23;28,2;56,4;1,87;4,25;8,6;22,53;4,03;2,68;62,59;11,19;60,95;94,81;71,4;2,4;387,53;15,43;10,12;68,22;1,61;4,8;10,42;53,36;39,81;6;0;111,17;67,67;2621,53;1150,49;4;19,35;0,31;9,62;0,4;0,92;109,89;603,42;193,9;0,86;28,14;33,66;509,74
Ourolândia;BA;55,68;1544,99;14085,46;69,16;53,18;44,71;73,78;50,59;89;63,26;51,86;53,18;52,97;54,7;33,94;43,58;75,67;25,65;76,46;544,62;119,94;16,81;4,12;53,55;22,98;48,62;27,56;70,15;93,68;81,58;96,91;38,79;5,24;22,87;19,75;3,47;16,17;14,02;46,87;3,62;12,56;61,14;18,69;47,21;92,85;67,03;2,61;318,41;17,98;8,31;75;0,03;5,98;2,08;48;46,3;6;8;114,43;59,29;2055,31;1317,47;3;22,58;0,35;1,25;0,55;0,77;0;25,17;31,09;0;25,77;33,59;497,3
Pacajus;CE;54,03;250,3;18315,43;62,71;64,65;34,74;77,01;50,53;91,46;31,86;78,75;68,74;52,21;58,88;10,72;55,88;48,02;24,32;77,71;550,9;116,82;13,63;3,33;58,18;2,84;49,53;20,8;89,99;88,79;82,57;99,19;125,53;8,74;53,02;10,14;0,57;2,52;7,28;19,42;5,42;1,28;99,82;18,99;76,02;95,23;72,3;2,86;424,56;27,98;1,41;74,13;2,99;1,38;0,14;51,71;40,51;2;0;99;68,5;1675,18;857,38;6;12,4;0,29;2,15;0,27;0,84;76,92;128,95;142,23;38,43;29,05;34,34;519,19
Pacatuba;CE;57,75;133,22;14488,54;70,33;63,42;39,5;77,47;75,93;91,7;36,24;77,52;60,93;54,04;61,18;27,96;56,51;48,1;25,44;85,55;542,87;128,8;15,71;3,29;89,16;75,08;65,88;31,42;93,09;91,05;82,37;97,29;99,58;9,99;42,34;6,13;0,32;3,35;8,88;16,47;5,13;1,13;99,94;7,94;56,03;94,03;71,75;2,27;395,11;27,51;4,6;85,37;6,9;1,33;0,61;57,41;11,52;5;6;94;69;1660,45;1093,77;7;13,37;0,28;0,5;0,47;0,79;21,86;144,63;105,57;68,5;28,38;33,54;535,57
Pacoti;CE;60,29;112,43;13061,45;64,38;62,02;54,47;77,22;45,12;85,16;50,01;75,25;56,52;50,66;65,66;57,02;55,76;63,23;41,89;94,71;1356,92;153,33;23,03;2,12;53,22;27,13;29,83;28,15;70,13;80,07;79,82;97,18;78,59;8,97;25,03;8,94;0,33;5,1;7,28;28,55;5,05;1,07;97,46;0,65;48,48;93,89;71,38;3;430,24;19,53;15,64;65,15;0;1,2;2,68;43,87;0,56;14;12;109;68;1595,89;818,02;7;14,68;0,28;1,08;0,67;0,55;0;147,09;320,23;0;61,33;81,07;492,79
Pacujá;CE;62;88,36;9515,77;73,42;65,17;47,42;81,16;59,98;93,55;58,99;83,66;62,38;52,71;61,95;40,32;51,21;72,95;25,19;94,11;1290,36;132,29;9,8;2,86;73,71;30,17;53,99;30,07;81,52;97,55;87,26;98,84;25,33;10,38;16,19;25,91;0,72;1,03;4,37;7,67;5,6;0,72;99,77;8,24;64,25;92,83;69,7;2,3;450,96;24,17;4,05;66,35;0;2,23;8,1;43,66;21,24;5;10;107;57;737,26;587,91;3;18,83;0,27;0,22;0,67;0,82;0;20,76;139,41;0;28,32;31,67;534,63
Palhano;CE;55,75;436,98;10287,88;65,88;60,2;41,15;75,23;48,53;85,64;54,13;79,84;51,79;52,13;57,06;15,48;53,42;65,2;30,52;97,02;1253,2;138,55;17,99;4,46;73,82;4,08;37,52;42,31;63,89;93,91;69,08;97,66;52,63;10,7;14,98;6,42;0,1;1,82;8,83;14,93;5,72;2,65;73,96;1,52;50,76;93,76;68,35;2,12;404,88;25,93;10,7;48,61;2,81;4,59;12,84;47,89;40,75;4;0;95,6;82,5;1061,74;637,03;2;9,76;0,29;2,3;0,22;0,83;0;119,81;100,2;0;44,69;51,43;488,49
Palmácia;CE;55,57;128,9;11216,21;61,51;63,13;42,07;81,28;47,21;81,75;35,81;81,39;49,72;59,76;61,63;28,99;52,32;61,36;25,63;86,12;515,09;105,81;13,08;2,62;55,87;15,16;34,05;18,55;66,47;88,6;60,57;95,27;182,48;6,52;41,01;6,51;0,17;0,25;6,58;13,83;5,24;0,93;99,43;7,13;49,74;56,38;69,54;2,33;366,12;12,9;11,72;40,66;0;2,06;10,74;48,19;2,99;5;6;109;68;1595,89;818,02;4;16,7;0,28;0,24;0,44;0,84;0;250,2;188,43;3,55;29,69;42,98;501,23
Palmares;PE;54,71;339,39;16442,5;61,44;61,63;41,05;68,42;71,55;88,3;17,49;75,35;62,4;46,22;62,52;24,12;56,41;49,42;34,26;66,11;1058,27;213,7;9,18;4;77,8;70,76;84,34;62,14;63,18;90,26;87,18;96,47;172,82;9,92;71,82;22,35;0,7;0,48;7,75;25,17;4,42;2,93;94,88;5,31;74,22;92,89;69,62;3,33;547,29;22,67;4,76;45,26;6,28;2,04;0,37;51,94;13,46;0;6;110,3;54,5;697,34;341,05;10;17,98;0,29;1,63;0,13;0,58;93,75;511,11;29,95;12,5;43,53;51,09;531,45
Palmas de Monte Alto;BA;55,45;2560,03;11603,02;68,35;55,43;42,57;72,35;43,98;84,16;72,93;55,77;49,31;60,62;56,01;18,88;53,34;72,47;25,6;89,6;1349,19;132,7;16,97;5,27;41,35;1,6;47,95;20,74;42,18;88,97;79,61;98,38;23,21;0;9,96;26,15;4,33;10,45;13,53;50,17;3,97;7,92;51,32;5,81;57,64;93,79;71,61;2,43;337,99;17,67;7,47;54,95;2,73;15,57;11,95;45,49;26,43;7;0;72;86;1902,44;934,58;3;13,6;0,29;3,65;0,55;0,59;0;44,32;43,91;0,31;21,89;30,06;511,65
Palmeiras;BA;54,73;737,45;10035,29;66,57;56,83;40,8;68,04;54,22;84,21;59,81;65,95;41,15;63,84;56,39;7,79;49,2;85,38;20,81;70,98;1056,23;92,51;27,01;5,05;46,22;48,16;60,17;35,36;59,97;88,9;74,7;95,28;41,48;7,64;17,41;11,61;2,97;5,83;6,95;38,22;4,25;8,78;48,95;10,97;44,94;67,8;71,91;1,99;221,42;17,56;11,61;82,72;1,43;2,8;5,8;56;17,31;1;0;130;41;4531,47;1937,17;5;13,75;0,34;0,38;0,44;0,96;0;15,28;0;9,19;22,81;29;504,99
Palmeirina;PE;59,75;169,01;11258,41;72,55;57,59;49,11;69,97;62,55;91,04;66,62;71,91;54,36;47,23;56,85;29,69;48,68;74,03;44,03;63,43;856,75;153,49;10,79;4,44;58,94;62,3;76,75;54,96;66,68;96,46;93,47;94,43;0;10,91;17,07;7,11;0,85;1,15;8,63;27,58;3,67;3,3;93,2;2,47;40,66;93,38;65,87;2,63;494,11;16,39;7,11;71,67;5,01;6,87;0;48,64;45,17;9;0;104,5;34;1673,26;568,68;3;17,61;0,3;0;0,44;0,3;0;13,64;78,8;2,26;62,83;83,4;483,58
Panelas;PE;57,84;380,43;9861,05;64,75;61,61;47,18;71,94;60,86;87,83;38,36;77,81;60,36;48,08;60,19;37,17;49,38;69,47;32,67;80,23;911;164,22;19,06;3,65;54,48;57,33;67,12;34,62;57,97;87,76;88,49;97,98;110,29;6,34;47,84;33,06;0,33;0,7;10,15;22,13;6,11;6,75;98,1;3,3;66,21;90,83;71,68;3,73;465,28;16,17;9,57;80,84;3,61;2,27;1,3;50,42;26,43;4;12;128,5;60,33;2055,27;1679,63;2;15,83;0,3;0,21;0,18;0,84;0;38,91;67,45;5,2;35,45;48,65;544,5
Paracuru;CE;55,41;304,73;13510,97;62,66;65,8;37,76;76,98;40,28;85,63;47,77;82,5;63,5;55,09;62,12;17,57;51,99;52,54;28,92;86,25;604,48;132,5;15,86;3,43;30,3;55,06;27,66;31,37;81,88;90,58;66,26;95,3;74,02;11,14;30,5;7,7;0,17;1,25;6,35;10,68;5,57;0,52;98,67;11,68;67,12;91,75;69,73;2,37;397,72;20,51;5,77;67,48;1,35;4,86;1,8;39,72;28,82;2;4;98;71;2039,63;1018,69;4;15,55;0,29;1,02;0,46;0,91;46,73;281,46;118,87;5,77;37,56;49,89;486,65
Paraipaba;CE;57,79;289,23;15902,63;66,02;64,36;42,99;81,99;42,01;89,38;50,69;82,12;63,99;55,18;56,14;24,29;51,59;66,2;29,89;91,28;789,08;116,74;7,68;3,19;49,72;26,61;31,27;40,72;75,91;92,75;78,28;98,53;83,3;6,18;37,25;10,55;0,15;0,53;6,73;13,3;5,63;1,33;94,51;9,43;75,37;93,54;69,25;2,94;373,92;19,5;3,1;44,44;0,16;4,6;1,86;47,57;42,86;2;6;102;67;1103,27;662,28;3;15,39;0,29;0,91;0,31;0,95;0;77,86;125,09;3,73;41,07;52,93;496,47
Parambu;CE;56,05;2313,87;8861,42;65,18;58,71;44,27;71,6;36,35;85,6;67,15;79,25;51,5;51,17;52,94;30,08;50,98;73,58;22,45;81,77;2255,25;158,39;15,23;3,95;41,05;11,39;32,09;43,47;16,49;98,23;91,26;97,83;19,14;2,08;10,18;31,17;1,02;2,98;8,98;11,03;5,61;0,35;75,71;3,85;47,2;91,06;70,85;2,6;420,96;18,72;12,08;100;1,17;4,56;7,95;54,01;44,42;6;6;72,56;80;1574,95;758,13;3;14,45;0,29;0,3;0,46;0,79;0;23,72;60,22;0,75;26,36;39,13;485,57
Paramirim;BA;60,29;1087,06;12990,19;76,66;60,35;43,86;72,47;80,85;86,74;66,59;71,7;45,46;64,9;59,34;13,24;64,52;76,35;21,34;84,4;1488,93;111,6;16,06;5,31;88,57;47,87;92,08;24,75;54,84;87,55;92,33;94;7,78;6,51;14,74;22,6;2,15;5,05;5,35;37,37;4,7;1,65;54,9;1,12;66,4;73,99;71,53;1,58;321,84;13,97;11,79;68,75;3,67;4,83;2,95;49,59;18,79;5;0;93;80;2118,6;2277,66;5;11,5;0,28;21,42;0,18;0,84;0;9,77;37,58;2,4;21,34;24,33;523,19
Paramoti;CE;54,57;539,24;10611,48;60,04;55,24;48,42;84,03;48,13;83,79;24,22;69,1;39,86;51,21;60,77;42,04;48,08;71,12;32,46;99,48;707,07;98,46;12,51;2,86;58,6;8,58;43,02;28,58;30,18;94,38;82,48;96,19;111,55;27,26;57,78;9,63;2,93;4,77;9,03;39,62;4,93;1,43;65,46;0,23;47,69;58,52;69,45;2,86;398,38;17,36;9,63;85,13;0;2,36;0,96;47,95;13,88;7;8;117;55;451,03;512,25;1;18,51;0,3;1,77;0,44;0,69;0;38,94;73,1;0,51;43,58;59,7;484,67
Paranatama;PE;50,39;185,37;22644,68;56,83;58,02;36,34;74,74;18,3;81,71;52,55;73,04;55,97;42,31;60,77;8,94;49,94;54,4;32,06;81,52;1021,93;183,97;8,86;3,49;9,79;1,89;12,04;39,96;30,07;87,22;76,31;99,37;72,67;5,36;29,51;39,35;1,17;1,05;11,1;26,65;4,78;3,63;75,16;6,31;63,79;92,75;67,17;3,85;521,04;14,87;8,2;66,57;0,6;4,29;0;43,76;22,58;2;0;55;87,5;1961,52;772,54;4;14,29;0,32;1,42;0,22;0;0;234,73;1517,86;0;42,78;50,62;512,95
Paratinga;BA;55,04;2625;8558,42;67,22;57,78;40,12;66,46;61,63;73,47;67,31;62,96;43,69;61,74;62,72;33,3;44,39;67,23;15,57;82,89;2196,02;139,78;23,88;5,59;56,77;11,2;70,35;0,02;31,18;92,96;59,67;83,36;15,02;3,43;12,99;15,73;1,88;8,27;9,4;48,98;3,87;4,83;38,49;0,2;51,59;95,08;71,46;2,45;353,73;13,99;4,79;61,35;4,06;8,15;11,62;38,42;23,67;16;0;169;40,5;2270,97;1945,85;2;18,1;0,35;1,58;0,36;0,86;0;96,17;81,92;0,59;17,22;20,93;468,87
Paripiranga;BA;60,17;442,19;16434,14;71,88;61,34;47,27;75,92;56,76;87,46;67,4;65,09;52,09;68,07;60,14;17,49;52,96;97,16;21,48;83,83;297,7;55,23;20,48;5,11;58,77;14,57;73,92;40,08;54,41;90,49;86,13;97,83;25,75;3,69;12,78;12,03;3,3;8,25;8,17;40,2;4,51;5,15;82,26;8,99;42,82;84,71;68,02;1,85;186,76;14,19;7,52;21,43;7,67;5,26;0;51,41;21,88;4;0;98,33;52,67;1349,57;612,89;4;12,56;0,29;0,88;0,55;0,55;0;0;0;0,58;22,77;26,96;495,91
Parnamirim;PE;56,18;2609,55;11285,8;70,86;60,99;36,69;78,51;59,45;78,58;66,91;79,41;48,76;61,19;54,62;20,83;47,94;63,64;14,36;91,78;675,61;104,1;18,8;3,52;58,54;42,07;63,36;30,36;30,16;84,52;77,01;92,49;15,14;3,61;13,97;16,12;0,4;0,48;5,37;14,25;4,57;2,63;50,47;4,69;57,38;94;71,58;2,18;362,63;11,57;12,09;73,71;0,05;12,33;49,97;42,45;29,49;4;3;124;66;1845,43;865,21;2;16,13;0,32;1,19;0,18;0,75;0;112,54;160,43;1,51;9,83;10,85;500,23
Passira;PE;56,8;327,21;8966,59;69,03;61,73;39,65;80,01;45;87,14;63,96;79,18;56,75;52,59;58,39;23,47;51,24;66,33;17,57;87,63;697,72;140,98;10,12;2,79;39,85;1,71;61,23;35,42;61,91;89,25;80,6;98,53;32,08;2,29;21,17;12,7;0,12;0,35;6,02;19,33;4,86;2,9;86,33;7,07;51,21;94,92;70,78;2,63;445,71;19,15;5,65;88,4;4,32;2,83;0;48,35;52,27;8;0;87;85,5;1784,94;394,64;4;15,37;0,3;0,35;0,55;0,9;0;138,48;100,31;0,26;18,15;21,91;505,16
Pau Brasil;BA;49,4;626,31;11112,15;58,64;52,56;36,98;68,83;72,49;83,61;9,64;63,82;58,34;40,16;47,93;9,68;46,73;57,95;33,56;79,8;979,39;177,81;23,25;4;62,7;79,46;73,53;16,51;62,5;84,74;83,38;90,39;225,46;27,02;85,38;10,67;4,13;8,4;7,27;38,02;4,06;5,2;76,96;16,75;53,14;96,35;68,6;4,37;430,27;23,1;8;72,53;2,39;14,67;5,34;64,76;13,26;1;0;107,33;50,67;2278,17;869,38;3;24,46;0,3;1,35;0,44;0,82;9,22;151,32;188,21;0,4;45,28;57,34;465,49
Paudalho;PE;55,91;269,65;15645,9;61,05;62,93;43,73;76;54,66;78,91;34,64;74,8;63,93;53,65;59,36;45,04;49,09;63,75;17,03;94,97;791,04;171,88;11,71;4,26;60,94;25,62;65,05;50,17;59,75;74,07;71,65;93,37;114,54;9,61;46,24;13,77;0,88;0,08;6,62;26,45;4,18;4,08;99,48;7,18;72,33;93,95;71,92;2,75;463,68;21,05;4,59;69,12;4,57;2,07;0,18;56,48;12,54;11;7;84,33;63,67;1117,06;550,3;4;17,34;0,32;0,8;0,53;0,72;0;203,1;140,22;0,28;15,77;17,89;493,79
Paulista;PE;63,19;96,93;15518,16;71,3;69,54;48,74;66,46;76,06;87,98;54,72;77,59;67,94;64,37;68,26;52,66;55,97;59,32;27;49,48;795,91;137,51;14,46;4,53;82,57;59,89;97,28;59,36;81,93;81,96;81,16;98,36;74,5;3,82;27,41;8,65;1,18;0,22;5,18;17,82;4,37;2,77;100;10,11;86,01;94,62;74,77;1,95;420,09;14,46;3,27;89,98;6,86;0,73;0;45,72;10,95;12;10;105,81;65,81;1112,42;624,08;5;11,9;0,27;1,16;0,4;0,79;4,69;128,76;122,82;11,54;29,85;34,28;532,01
Paulo Afonso;BA;60,52;1544,39;33529,25;73,79;62,01;45,77;71,63;81,35;90,69;51,51;66,96;66,85;51,79;62,42;20,26;57,39;69,68;35,73;77,15;818,09;159,75;16,28;4,07;82,48;91,4;86,9;39,31;85,74;85,01;86,74;98,71;81,61;6,08;35,26;12,58;1,48;5,75;9,42;37,38;4,49;8,98;87,99;20,09;82,25;92,13;72,34;2,61;458,68;25,6;7,09;76,48;3,3;1,75;0;44,89;36,72;7;0;185,3;51,1;2085,91;1899,64;9;15,37;0,29;2,48;0,47;0,75;2,73;35,82;24,76;11,78;43,53;51,62;537,94
Pé de Serra;BA;53,04;596,77;9682,97;63,83;59,03;36,27;76,3;58,14;81,53;39,36;65,8;46,47;64,31;59,53;6,96;51,64;59;27,48;95,76;675,32;98,25;18,64;5,09;62,41;19,02;62,69;23,81;61,99;86,85;59,68;97,98;109,29;14,81;34,74;7,55;4,3;5,45;4,27;35,25;4,14;10,67;73,22;2,93;50,16;72,23;71,74;2,09;282,46;16,42;7,55;62,4;2,22;7,86;1,51;44,96;18,93;0;0;109,67;55,67;1867,44;1107,79;4;12,31;0,31;0,46;0;0,98;0;213,33;305,7;0;33,47;42,15;518,37
Pedra;PE;53,07;922,48;13074,97;67,42;55,91;35,88;73,48;46,55;87,07;62,57;71,18;47,78;51,76;52,92;13,66;47,49;59,81;22,56;90,69;769,89;173,28;20,53;3,61;33,8;52,19;50,8;41,12;52,42;95,17;83,24;96,02;40,28;5,93;24,57;9,65;0,42;0,12;10,18;35,6;4,41;7,48;56,62;6,5;40,62;95,89;69,59;2,49;449,7;20,85;5,26;79,93;0,34;8,49;3,07;51,48;37,3;4;0;52;92;728,23;1175,57;2;20,71;0,3;1,65;0,18;0,85;0;234,81;259,56;0,58;30,38;40,94;469,84
Pedra Branca;CE;57,03;1302,08;9294,56;71,42;61,26;38,4;78,03;54,17;90,85;62,64;83,24;48,37;59,54;53,88;13,45;52,94;68,84;18,39;87,64;990,65;118,14;17,31;3,02;51,93;31,62;44,7;5,29;60,36;98,04;90,07;97,11;46,92;4,91;24,39;21,4;0,2;3,4;7,3;10,33;6,53;0,72;54,92;6,77;49,93;91,88;71,73;2,28;372,01;14,36;14,43;61,71;0,63;4,75;14,93;48,75;53,62;4;0;101;69;2337,63;1072,54;5;16,3;0,29;1,12;0,46;0,61;0;56,01;88,72;3,49;20,93;26,16;492,22
Pedrão;BA;53,93;158,49;8208,36;62,5;58,48;40,81;67,04;42,89;69,63;70,44;58,38;58,78;61,1;55,64;15,22;44,33;80,14;23,55;74,26;361,8;143,01;16,93;6,45;44,4;21,12;35,91;28,83;23,78;82,64;48,43;89,68;42,31;0;19,25;5,35;2,03;12,03;10,45;52,93;3,52;5,93;93,44;0,4;67,69;91,2;71,5;1,8;372,05;13,24;9,62;95,5;0,35;6,69;0;53,45;10,78;6;0;59;85,5;2611,61;1296,86;2;17,6;0,35;1,12;0,22;0;0;7,74;10,76;0;32,07;40,15;487,31
Pedro Alexandre;BA;49,11;889,57;8411,53;59,82;48,42;39,09;75,02;34,61;73,81;55,83;35,18;40,05;64,49;53,96;13,63;44,83;73,2;24,7;79,44;493,09;139,53;20,7;2,78;29,19;24,68;30,52;39,08;36,26;80,64;54,36;94,13;56,15;3,6;21,5;25,8;19,73;9,97;13,1;53,83;3,52;13,33;59,88;0,19;29,84;78,92;71,68;1,68;328,76;16,46;5,73;74,34;16,78;11,11;3,58;60,73;43,78;5;0;79;70,25;2926,73;1626,25;0;19,21;0,32;1,6;0,22;0,96;0;23,01;51,05;0;33,99;42,37;472,11
Penaforte;CE;57,71;150,54;13220,22;76,34;62,84;33,95;77,79;67,69;96,56;63,32;77,08;61,75;58,46;54,08;14,26;49,07;48,32;24,13;79,52;1294,22;136,38;10,74;2,69;73,9;77,11;58,84;37,17;83,96;98,01;98,28;98,95;33,77;7,29;19,51;35,67;1,37;5,08;7,32;15,52;5,37;1,22;89,16;6,92;74,39;93,44;70,64;2,59;486,72;6,94;11,15;43,75;0,97;6,04;5,57;50,59;42,45;3;0;718,6;76,67;1690,12;650,12;2;19,26;0,28;0,49;0,22;0,59;555,56;183,61;81,7;0,7;31,85;40,72;487,17
Pentecoste;CE;57,88;1379,84;12295,07;66,85;62,13;44,65;79,4;51,96;83,97;52,09;80,9;56,91;53,66;57,05;14,97;51,35;81,01;31,26;86,08;628,77;107,68;14,03;3,21;63,37;14,83;49,28;32,97;57,81;92,77;71,29;94,82;85,06;7,36;33,85;11,64;0,37;1,55;7,37;13,47;5,47;0,28;84,56;11,89;51,23;91,26;69,06;2,41;368,88;19,52;9,52;77,38;1,02;3,13;3,97;54,56;14,03;3;0;88;72;1036,23;470,89;4;16,9;0,3;1,87;0,46;0,83;0;3,15;41,91;2,57;39,56;50,5;508,39
Pereiro;CE;59;449,74;35582,78;70,49;62,06;44,45;81,98;43,11;86,6;70,28;77,37;57,66;56,27;56,94;9,89;52,16;72,74;43,02;96,03;1111,01;105,03;14,3;2,79;53,71;27,83;26,2;34,53;38,25;95,91;89,69;95,35;40,08;0;19,64;24,88;0,65;2,53;7,47;22,9;5,71;5,33;76,48;16,06;57,82;91,15;71,56;2,11;372,03;17,41;18,33;82,26;2,21;3,02;19,64;51,61;28,58;1;0;3690,33;76,67;1931,39;723,17;5;16,28;0,31;3,82;0,91;0,97;0;41,29;100,6;0;66,46;70,95;524,21
Pesqueira;PE;56,93;970,44;13392,85;67,88;59,66;43,24;67,65;60,97;90,25;52,63;72,52;61,19;48,92;56,02;30,84;54,92;55,63;31,57;71,01;1266,75;156,27;15,86;5,18;51,08;68,37;64,86;33,14;65,5;95,52;88,7;96,29;60,67;6,94;32,52;23,92;1,37;2,37;8,1;26,87;4,48;5,37;86,01;16;60,14;94,55;70,04;3,04;471,03;18,83;7,17;82,27;1,37;3,01;2,39;51,1;43,85;3;6;90,71;68,14;326,65;291,62;9;18,93;0,29;1,07;0,27;0,42;11,61;291,31;82,09;2,82;36,45;45,53;531,19
Petrolândia;PE;61,61;1056,59;46903,67;77,43;62,99;44,42;73,52;72,62;91,03;72,57;76,02;60,66;55,82;59,46;32,66;50,82;53,94;40,25;75,42;1288,51;155,4;13,56;3,31;78,98;61,2;83,19;48,08;76,83;93,68;86,6;96,89;11,96;0;14,05;19,91;0,75;1,18;7,48;25,92;4,84;2,87;79,2;23,52;74,19;78,09;70,3;2,32;448,11;16,34;5,12;76,82;1,36;2,49;0;48,77;28,34;12;0;90,67;76,5;766,42;639,64;4;20,26;0,29;3,57;0,15;0,5;6;221,65;282,3;4,75;51,39;69,33;519,17
Petrolina;PE;63,28;4561,87;19446,32;74,08;69,63;46,14;73,22;83,4;91,49;48,22;78,14;70,87;58,85;70,65;40,39;59,12;43,25;41,79;81,04;725,91;166,31;17,42;3,45;86,46;69,73;99,11;37,94;86,7;91,89;82,93;98,08;66,26;6,29;40,07;35,52;0,3;1,33;6,23;20,07;5,23;6,13;93,52;20,94;91,73;94,23;72,95;2,25;440,21;17,2;5,74;79,43;2,82;0;3,05;34,57;38,18;10;5;100,91;56,17;1089,96;458,36;10;15,05;0,29;4,41;0,26;0,79;34,09;1209,16;140,84;30,65;55,54;64,69;550,64
Piatã;BA;57,71;1825,86;11724,21;74,16;58,49;40,47;74,61;58,32;88,65;75,06;72,34;45,84;58,08;57,7;11,16;50,54;86,55;13,62;97,09;1350,24;142,15;13,11;5,34;60,41;1,27;100;68,36;44,75;95,68;91,49;97,56;15,5;0;7,97;15,93;1,25;6,7;9,27;26,65;5,28;3,73;49,02;0,59;50,6;94,32;71,16;2,37;339,55;14,78;18,92;60,23;5,67;9,53;4,48;51,55;14,81;1;3;84;77,5;3174,63;1440,91;2;14,18;0,29;0,86;0,55;0,76;0;17,45;0;0;8,12;8,33;525,76
Pilão Arcado;BA;48,17;11597,94;7874,81;57,77;50,18;36,57;68,77;40,4;55,07;66,84;55,85;34,62;60,85;49,38;12,36;42,1;78,78;13,03;67,01;162,56;123,86;14,79;5,87;36,37;4,43;67,51;67,51;34,53;59,43;35,49;71,17;14,31;4,62;14,14;24,89;5,97;10,22;8,72;57,38;3,35;1,93;33,36;0,12;46,54;68,22;69,19;2,2;307,61;9,26;5,66;99,34;0,64;6,87;74,67;56,71;18,73;5;0;47,5;89;2654,54;1532,06;2;23,44;0,35;0,88;0;0,97;0;13,46;8,02;0,24;9,01;8,54;479,74
Pindaí;BA;56,71;628,47;19721,89;64,26;59,72;46,15;79,89;31,57;79,14;66,45;67,06;48,19;65,05;58,59;25,7;52,15;81,3;25,46;93,57;829,78;83,22;13,86;4,27;26,61;2,98;27,08;25,98;28,67;89,1;65,44;98,37;11,14;3,44;11,88;36,66;2,62;6,02;6,17;40,1;4,18;6,07;63,07;1,94;43,93;94,53;71,64;2,32;270,82;13;6,79;62,72;2,99;6,85;0,68;48,65;18,31;5;5;93,6;66,6;2298,67;1005,84;1;10,31;0,29;2,03;0,44;0,95;0;5,51;23,38;0;30,93;42,4;499,41
Pindobaçu;BA;53,62;495,85;8064,3;69,09;55,57;36,19;72,21;74,51;89,25;40,4;61,3;60,24;49,5;51,27;7,85;49,12;59,22;28,58;77,55;1367,08;134,56;14,89;4,4;75,77;32,87;99,03;34,2;82,61;90,84;75,86;98,59;68,03;15,61;34,59;16,77;3,37;7,77;10,48;42,17;4,14;9,55;94,04;2,75;67,92;93,34;70,4;3,49;390,22;20,8;7,86;68,73;0,28;8,2;2,1;52,62;48,62;2;0;174;68;3777,96;1591,98;2;18,77;0,29;0,99;0,18;0,89;92,59;83,27;18,98;3,65;33,49;46,61;482,36
Pindoretama;CE;58,77;74,03;11251,21;67,14;62,86;46,32;78,73;47,11;88,68;54,02;74,47;67,32;58,43;51,22;35,32;55,54;76,45;17,97;91,16;968,66;115,03;13,86;3,67;27,96;68,31;53,54;45,63;79,3;93,93;71,83;98,6;65,02;4,2;29,13;14,54;0,13;4,25;12,8;21,95;5,44;2,42;100;16,67;77,72;90,91;70,25;2,5;396,04;15,44;6,41;50;0,88;2,91;0;52,77;80,49;7;8;66;74,33;2239,03;857,2;7;15,64;0,28;1,66;0,73;0,82;0;8,41;104,83;5,01;23,04;28,66;460,53
Pintadas;BA;59,09;647,14;10335,79;73,55;57,85;45,86;82,87;64,87;90,36;56,1;60,73;51,11;60,53;59,02;36,57;50,47;71,31;25,09;100;877,98;103,5;6,52;4,13;62,05;53,03;67,41;23,74;70,51;95,9;82,04;98,59;49,02;12,89;23,24;27,12;2,3;10,97;15,72;33,53;4,38;7,32;70,41;7,78;46,07;90,48;70,92;2,04;309,47;21,56;6,46;65,2;1,39;7,35;0,97;46,02;16,65;10;4;94;63,33;764,41;941,25;2;17,12;0,28;1,56;0,67;0,94;0;135,4;21,06;0;27,22;37,05;513,93
Piquet Carneiro;CE;56,55;589,6;9491,64;72,37;59,28;38,02;76,98;46,75;90,71;75,03;75,24;50,51;56,07;55,29;15,5;50,64;68,52;17,41;97,41;1074,32;116,79;18,65;4,25;67,22;1,02;31,93;27,01;61,5;97,43;89,38;97,18;0;3,99;7,22;27,68;0,12;7,75;11,55;24,57;6,26;1,68;76,25;6,35;34,67;93,79;71,73;2,14;391,17;25,06;8,02;70,48;0,19;7,75;11,43;46,49;36,91;4;0;93,5;76;995,46;780,14;3;16,81;0,29;1,09;0;0,8;0;33,53;102,43;0,89;18,25;23,75;497,72
Piraí do Norte;BA;52,81;193,43;10313,26;64,28;52,97;41,18;67,74;48,41;79,55;61,43;47,31;43,34;67,77;53,46;16,2;45,74;80,22;22,57;78,27;336,93;127,49;27,35;5,35;43,57;49,84;36,62;22,98;51,5;70,54;83,86;92,97;44,36;6,23;27,34;9,11;4,82;14,43;14,9;56,62;3,29;15,25;66,52;0,15;29,75;85,93;70,72;1,53;250,37;14,53;6,83;65,68;0,69;3,97;4,56;53,85;43,19;1;3;156;47,67;1788,86;1058,36;2;23,1;0,31;1,58;0,22;0,76;0;6,23;14,68;4,04;26,04;36,97;466,35
Pires Ferreira;CE;57,61;244,46;7746,98;68,42;62,1;42,31;81,28;40,64;83,95;67,8;82,72;45,29;63,26;57,14;12,3;51,36;74,64;30,95;100;394,79;112,48;12,08;4,04;68,92;11,17;21,53;54,98;9,79;99,06;84,99;99,05;27,63;6,51;11,79;24,51;0,02;4,3;9,6;16,8;7,63;2,52;98,96;2,79;26,36;63,57;71,13;1,32;321,99;22,57;9,43;60,28;0;2,59;16,03;52,22;18,1;2;0;104;67;986,56;759,04;2;13,83;0,28;0,37;0,89;0;;23,43;72,15;0;44,73;62,01;449,55
Piripá;BA;55,92;504,39;8642,64;72,39;57,69;37,68;76,24;48,77;90,71;73,85;67,21;47,66;62,16;53,74;20,26;51,67;59,84;18,95;95,45;689,72;109,07;17,84;4,93;44,83;22,11;51,26;24,62;47,51;96,48;95,32;99,14;14,48;0;10,93;14,57;1,27;6,23;13,87;39,47;5,13;4,07;59,39;17,79;64,04;60,12;71,1;1,72;323,31;23,51;7,28;48,37;1,12;5,22;19,67;54,32;25,82;2;7;132,5;82;3248,03;2195,51;3;12,93;0,29;0,28;0;0,91;;166,88;207,9;7,5;18,24;23,58;505,51
Piritiba;BA;56,02;980,33;10610,81;74,91;53,5;39,64;73,96;80,83;87,15;57,7;58,6;47,9;55,5;52,01;16,56;54,51;70,1;17,39;82,96;682,48;134,18;17,4;4,15;89,48;84,45;73,32;26,04;80;94,72;66,1;97,22;48,08;5,61;36,43;21,35;2,43;6,37;12,4;46,92;3,75;14,57;56,65;5,47;50,58;89,54;70,61;2,84;372,04;21,92;9,96;29,58;2,54;13,89;3,98;48,23;57,38;6;0;278;58;4286,46;2446,83;6;19,32;0,28;4,86;0,36;0,9;0;76,23;37,86;1,4;19,26;25,85;484,57
Planaltino;BA;58,27;955,45;9666;73,18;56,72;44,92;70,9;49,02;91,65;81,17;71,92;43,83;58,3;52,84;44,72;48,17;81,76;5,01;78,86;4475,41;81,5;13,79;4,94;60,74;1,68;43,32;22,27;71,51;93,28;91,07;97,96;0;0;9,35;19,95;1,5;3,68;5,57;33,77;4,42;4,87;52,1;0,23;46,25;87,54;67,45;2,27;222,34;19,02;3,12;87,82;1,12;10,46;12,47;51,55;30,97;13;8;109;84,5;3807,71;1409,96;3;18,79;0,3;0;0,44;0,87;0;51,31;0;3,45;10,09;12,73;457,27
Planalto;BA;55,05;769;12986,65;67,4;55,3;42,45;73,88;62,43;88,87;44,42;59,77;52,52;53,14;55,77;14,24;51,81;71,44;32,3;77,23;785;126,15;13,53;4,35;62,66;39,41;68,29;28,08;68,17;91,06;85,97;96,41;81,87;13,86;35,44;26,57;3,17;10,22;11,4;37,73;4,13;11,87;65,98;2,12;64,4;92,11;69,25;2,97;404,15;18,25;5,14;56,9;1,49;14,01;3,43;44,83;33,01;1;0;72;66;138,5;747,14;3;18,17;0,3;7,13;0;0,62;0;34,92;24,65;5,24;40,76;55,66;507,65
Poção;PE;53,55;205,12;9518,96;64,11;55,33;41,21;76,78;42,74;90,14;46,8;78,14;54,72;33,48;54,99;30,71;48,19;60,38;25,58;98,41;981,73;152,91;20,74;3,25;8,39;45,15;59,76;22,57;63,06;96,77;86,96;97,04;110,57;4,52;30,48;11,43;0,1;0,42;6,23;22,8;4,72;2,72;79,62;9,47;64,84;79,01;65,59;3,72;493,18;25,63;17,14;83,49;1,76;7,88;0,95;50,1;34,81;4;0;156,69;65,87;2;376,8;2;19,51;0,3;2,18;0,44;0,85;6,44;252,94;52,97;0;33,03;44,81;489,59
Poções;BA;59,36;937,86;11407,38;77,78;60,75;39,53;72,69;78,92;92,66;66,86;67,73;59,74;57,47;58,07;19,33;53,66;51,13;34;90,76;1126,3;175,36;15,05;4,56;77,37;73,08;84,47;22,64;75,52;95,81;89,87;98,23;14,35;5,39;14,08;19,05;1,9;4,02;8,45;38,07;4,22;7,02;82,2;8,9;69,02;93,8;72,85;2,38;424,12;17,66;6,9;87,27;0,69;5,22;3,73;45,57;32,63;6;0;120;46;2396,95;1237,93;9;18,93;0,3;1,04;0;0,79;56,5;150,32;194,98;2;42,6;55,45;513,84
Pojuca;BA;57,11;314,93;55252,39;66,62;61,33;43,36;72,92;78,74;86,49;28,34;65,67;64,81;53,06;61,78;14,27;54,8;64,53;39,85;85,91;872,85;148,83;16,98;4,5;77,54;92,74;80,29;33,89;80,43;89,92;70,54;95,94;159,33;10,24;61,63;11,82;1,35;6,43;8,9;42,32;4,38;9,83;95,66;3,85;85,93;93,96;74,14;3,36;378,77;27,32;4,67;68,33;6,5;5,39;1,56;45,32;28,25;4;0;102,67;62;2732,77;863,46;5;13,8;0,29;3,93;0,46;0,58;0;156,78;93,65;5,7;49,77;57,57;554,31
Pombos;PE;58,36;203,1;19982,53;65,23;64,01;45,84;73,29;64,78;82,01;40,84;71,91;68,22;57,33;58,57;29,59;50,06;74,57;29,15;65,56;793,58;168,63;11,16;2,73;58,13;48,06;80,1;34,41;49,55;83,88;75,52;96,08;111,2;4,25;45,01;24,68;4,92;0,47;5,6;18,85;3,84;1,35;98,29;16,33;81,6;93,27;72,42;2,58;436,95;17,27;5,08;71,32;3,16;4,36;2,18;53,65;7,2;7;4;142;72;1312,88;749,93;2;13,73;0,3;0,77;0,55;0,44;0;17,69;63,52;0,78;32,4;42,45;506,4
Ponto Novo;BA;55,91;530,14;7695,3;71,67;55,18;40,9;71,49;75,2;91,86;48,14;51,65;55,6;57,7;55,75;19,19;45,93;69,67;28,79;87,74;966,35;189,5;16,33;4,34;84,03;12;94,28;19,8;77,34;91,99;89,68;98,21;75,9;6,61;43,48;20,07;7,22;12,03;12,83;45,77;3,31;6,5;76,66;13,84;50,27;91,7;70,7;2,64;421,75;13,73;2,79;70,54;3,92;3,28;1,67;48,87;68,1;1;5;296;37;3536,61;1758,91;2;21,43;0,31;0;0;0,89;0;55,1;34,07;1,68;34,95;50,7;464,3
Poranga;CE;54,09;1310,77;8870,69;62,24;56,58;43,46;72,69;49,72;88,58;37,97;75,25;50,38;46,61;54,08;32,88;50,2;63,19;27,56;90,08;894,44;151,56;26,58;3,48;64,54;18,76;39,38;33,86;50,5;97,05;84,6;98,59;96,55;13,33;38,13;18,23;0,88;3,47;9,75;25,03;5,27;0,9;76,89;10,96;29,9;90,92;69,76;2,94;433,6;14,5;28,18;79,32;0,74;2,65;12,43;60,01;14,38;12;0;78,33;71;838,54;614,01;4;14,47;0,31;0;0,89;0,37;17,5;96,65;59,52;0;35,92;44,76;488,54
Porteiras;CE;55,34;224,86;10579,63;67,51;60,53;37,98;76,61;38,31;88,49;66,62;73,39;52,62;57,3;58,81;12,25;52,09;63,44;24,14;92,75;1875,64;146,96;16,62;3,05;38,69;13,89;38,02;40,53;49,38;93,19;88,28;99,14;18,92;3,9;14,66;15,25;0,1;7,15;13,4;18,12;5,5;2,83;92,2;5,79;46,33;78,8;70,9;2,7;406,07;13,75;12,9;43,47;1,6;4,32;2,93;44,86;39,14;2;0;718,6;76,67;1690,12;650,12;3;14,53;0,29;1,06;0,55;0,46;0;187,33;165,02;0;33,87;45,79;459,14
Porto Seguro;BA;58,39;2285,73;20968,21;64,63;62,39;48,16;66,22;72,96;88,15;31,19;57,11;69,98;58,59;63,86;57,03;53,13;50,74;31,76;68,4;613,04;167,41;15,03;5,77;69,31;71;79,55;29,77;85,17;84,33;79,05;97,34;114,82;9,81;54,66;20,67;3,4;10,48;16,22;42,82;4,1;7,32;93,33;20,16;89,98;93,28;73,05;2,59;399,78;17,68;6,77;71,26;5,32;2,68;1,07;44,54;24,93;16;11;158,56;52;1573,01;739,06;6;18,55;0,3;4,77;0,35;0,89;8,45;238,23;143,86;42,8;37,54;45,24;539,79
Potengi;CE;59,34;343,26;12477,84;71,73;60,52;45,76;76,17;51,81;87,59;71,37;70,79;63,38;57,34;50,55;33,77;50,22;70,39;28,67;87,01;770,05;109,28;15,85;4,37;66,26;5,35;46,34;25,96;32,49;96,46;94,15;96,91;50,08;0;16,98;22,64;1,07;5,2;9,22;39,47;4,82;0,98;93,99;13,18;66,19;94,48;70,54;2,17;393,01;17,6;11,32;63,16;0,89;12,74;13,59;49,54;54,45;13;0;102;60;2134,81;675,96;4;18,8;0,29;0,9;0,44;0,45;0;36,79;82,87;2,97;30,07;39,89;510,63
Potiraguá;BA;58,64;1111,57;10888,71;80,55;55,66;39,71;72,49;88,44;90,11;71,15;64,94;50,45;52,33;54,9;12,41;48,93;71,1;26,4;87,28;536,53;151,95;25,4;3,66;93,63;93,76;88,26;25,92;61,91;95,2;91,36;95,79;42,63;0;17,52;25,31;4,53;6,45;8,4;33,38;3,96;3,03;88,83;7,96;48,96;68,52;70,23;2,78;360,99;18,14;14,6;81,02;1,65;17,21;7,79;50,41;6,73;4;0;208;57;4979,57;1980,19;2;22,19;0,29;4,93;0,44;0;0;51,07;40,73;0;37,62;49,22;469,67
Potiretama;CE;56,16;409,14;15911,69;66,77;59,45;42,26;76,69;38,74;92;59,65;76,36;52,6;57,5;51,33;19,68;50,96;66,28;32,13;92,21;663,01;100,06;24,06;3,7;44,07;3,17;36,16;35,96;64,31;98,58;92;97,24;52,67;0;29,29;13,39;0,43;3,82;10,33;17,15;5,45;3,22;70,83;0,55;58,99;94,3;70,23;2,22;337,78;12,31;13,39;100;0,1;8,46;1,67;54,71;36,34;3;3;55;70;1274,71;594,93;2;15,95;0,27;0;0,44;0,23;;54,46;237,34;0;38,71;55,74;485,99
Prado;BA;48,92;1692,1;16895,11;59,61;53,36;33,78;59,92;61,65;85,76;31,11;51,55;52,76;53,89;55,25;9,4;41,78;57,93;26;68,01;809,41;183,62;17,57;7,68;72,51;6,66;69,4;24,74;76,84;85,05;71,69;97,92;113,57;7,71;54,85;20,57;3,85;16,33;16,27;51,68;3,92;7,47;70,42;4,25;60,33;89,71;72,03;3,53;412,42;15,81;5,14;63,6;1,42;7,17;8,86;50,61;27,18;3;0;42;95;1942,58;1195,62;3;23,77;0,36;0,96;0,31;0,31;18,11;135,26;68,44;3,8;28,88;37,97;511,37
Presidente Dutra;BA;61,38;232,06;8507,47;76,42;60,35;47,39;74,07;77,15;95,64;58,81;64,11;62,92;53,63;60,75;26,8;51,63;91,25;19,87;87,13;956,03;151,04;16,74;4,03;94,91;3,06;99,24;30,83;93,2;95,6;91,54;99;38,86;13,26;19,83;23,79;1,43;8,8;7,77;35,23;4,22;15,42;98,75;10,77;65,03;92,19;68,77;3;372,73;20,47;10,58;19,42;0,23;1,7;0;49,97;13,26;10;0;134,43;55,14;2440,11;1098,01;2;17,12;0,27;2,13;0,55;0,93;0;4,42;0;0,37;17,19;21,03;479,9
Presidente Jânio Quadros;BA;53,52;1208,57;7788,07;67,27;55,71;37,58;69,59;42,72;80,89;75,89;64,7;39,08;68,15;50,92;10,31;51,62;65,61;22,77;98,85;179,36;103,91;24,54;7,68;35,92;13,92;38,82;12,1;37,54;81,26;76,09;98,79;12,74;0;5,94;14,26;2,25;7,48;10,57;41,2;4,17;3,82;36,72;11,47;44,46;70,56;71,29;1,62;299,18;16,62;5,94;33,34;3,69;15,59;122,81;43,49;35,29;2;0;187;39;3905,19;3281,41;4;11,39;0,31;0,22;0,22;1;0;177,42;50,51;1,07;22,65;27,74;495,51
Presidente Tancredo Neves;BA;50,15;441,82;11615,24;59,48;54,91;36,04;71,78;53,57;75,25;37,33;61,86;50,54;53,72;53,54;16,19;43,92;69,42;14,64;85,53;991,81;159,46;21,73;3,92;44,9;44,2;57,51;28,3;42,08;73,33;70,81;90,91;100,94;9,09;39,67;25,24;2,02;14,45;8,4;42,43;4,08;5,02;82,5;3,84;59,36;71,25;68,63;2,83;332,22;16,89;7,93;77,37;3,68;14,97;2,52;47,26;51,69;4;0;91,5;60,17;1928,02;567,5;2;18,58;0,35;0,41;0,18;0,95;0;55,29;54,03;1,6;12,18;15,9;496,96
Primavera;PE;55,27;113,56;20474,21;61,22;62,89;41,69;76,78;50,6;81,9;35,59;72,47;64,65;56,27;58,17;8,43;47,41;89,74;21,19;67,61;556,22;140,98;9,83;2,39;52,19;66,9;46,2;59,1;62,75;80,93;81,72;89,41;115,94;7,21;57,81;11,56;1,03;1,4;10,03;24,12;4,07;3,03;99,17;20,74;55,75;93,99;71,03;2,37;389,02;20,9;5,42;75,42;0,82;2,51;1,45;54,97;7,21;1;0;94,5;76;2061,55;644,59;2;21,74;0,29;0,59;0,67;0,98;0;8,65;0;0,47;24,49;29,29;498,54
Queimadas;BA;55,52;2011,06;9493,62;72,13;55,62;38,82;73,03;70,19;89,74;55,55;61,34;48,72;60,57;51,83;15,02;49,86;74,2;16,22;82,33;1461,02;110,32;13,01;5,36;61,32;82,68;71,53;25,93;67,8;90,09;86,48;99,18;54;3,8;25,41;19,24;5,12;9,9;7,33;42,23;3,92;3,53;54,21;5,14;56,21;90,84;70,84;2,38;299,38;15,6;6,93;77,51;2,06;6,1;3,85;54,84;49,27;6;0;87;81;2593,38;1743,73;4;20,28;0,29;0,98;0,18;0,4;0;24,33;22,59;1,65;17,37;20,09;490,37
Quijingue;BA;54,01;1380,8;8672,98;70,57;51,9;39,56;72,24;58,7;84,77;66,55;60,86;37,45;59,69;49,6;15,36;48,65;76,43;17,79;87,23;853,45;125,62;22,18;4,75;62,12;21,91;66,67;29,57;70,01;82,13;73,03;98,88;26,36;2,7;14,84;15,83;4,45;6,63;8,98;46,35;3,67;5,43;53,49;0,05;35,61;69,96;66,36;1,77;295,93;17,18;4,75;59,93;1,19;6,46;1,58;56,95;55,28;1;0;170,2;49;295,82;618,31;3;16,76;0,31;0,9;0,18;0,52;20,66;19,41;0;0,72;19,67;29,4;474,68
Quipapá;PE;57,34;230,62;10778,29;67,54;58,97;45,5;72,45;64,62;88,35;44,72;72,12;58,98;47,6;57,19;32,29;46,31;70,21;33,19;75,2;665,69;167,83;14,47;3,66;60,41;67,35;70,24;39,41;64,64;96,82;83,73;93,68;63,21;10,87;37,93;12,27;1,67;2;9,7;24,82;4,21;2,2;97,25;2,36;57,66;94,28;69,57;3,08;481,28;21,67;5,58;74,2;2,39;3,53;0,56;52,02;30,48;7;6;114;86,5;1454,33;722,1;1;19,9;0,3;0,84;0;0,4;0;38,04;40,71;0,7;47,51;59,37;489,4
Quiterianópolis;CE;56,69;1041,83;9073,85;67,68;58,04;44,34;75,29;41,32;88,88;65,23;77,7;45,25;55,64;53,56;41,99;48,3;59,82;27,24;80,33;583,13;115,07;16,49;3,97;55,02;17,06;25,34;36,12;44,16;96,72;90,04;98,54;31,57;2,46;14,84;29,68;0,42;4,15;10,03;14,62;5,48;0,7;63,05;3,4;36,44;87,25;71,46;2,54;365,6;13,24;14,84;100;0,22;6,13;19,29;51,98;29,86;7;11;72,56;80;1574,95;758,13;2;18,85;0,29;0,2;0,36;0,83;23,88;68,77;104,34;1,04;35,38;48,04;478,19
Quixaba;PE;64;210,71;10000,53;77,21;62,48;52,3;79,52;56,68;91,82;80,83;84,15;52,83;60,17;52,78;41,78;53,49;73,05;40,87;92,71;577,09;123,79;12,35;3,69;48,07;50,21;61,01;28,55;43,48;98,57;99,26;99,68;0;0;10,17;15,26;0,82;0,67;3,05;9,63;5,84;2,6;85,91;2,6;39,62;94,69;70,14;1,66;390,69;21,14;0;76,37;0,55;10,54;16,78;49,03;38,42;13;0;116,5;23;853,07;472,03;2;11,91;0,28;3,35;0,44;0,93;0;22,85;81,7;0;44,16;61,94;571,55
Quixabeira;BA;60,09;366,39;7910,92;74,06;58,89;47,33;79,7;68,5;90,25;57,79;68,75;54,11;57,84;54,86;35,34;50,62;74,11;29,23;96,45;619,85;119,33;20,78;2,78;78,5;5,28;90,88;34,47;75,62;90,98;83,21;99,15;88,93;0;33,82;5,28;1,38;7,98;7,03;35,15;4,56;6,17;75,56;8,35;50,13;93,63;70,19;2,44;273,1;12,62;18,5;85,45;1,31;4,66;2,11;49,45;51,18;10;6;45;82;3256,25;1034,76;2;16,41;0,29;2,77;0,22;0,87;0;21,32;30,66;4,5;37,25;49,86;508,2
Quixadá;CE;58,87;2020,59;12634,87;68,14;64,14;44,35;76,65;65,14;86,66;44,1;74,65;64,38;60,04;57,49;19,41;56,51;65,55;35,91;70,77;1198,88;87,53;18,58;2,45;68,22;91,54;54,7;45,74;64,94;94,49;78,29;94;88,97;7,86;39,45;16,87;0,5;2,7;11,33;17,05;4,9;4,12;91,39;19,37;64,78;94,37;71,52;2,6;323,02;16,84;8,32;57,81;5,21;3,6;4,99;54,57;26,99;5;0;169,33;56,55;1082,59;760,01;8;15,71;0,28;1,27;0,47;0,92;0;116,55;117,23;4,69;49,27;59,9;509,73
Quixelô;CE;56,17;605,35;11786,22;72,34;55,25;40,91;74,38;61,39;86,9;66,68;72,29;48,45;47,89;52,37;13,54;53,46;68,72;27,93;98,11;1830,25;134,1;26,61;3,43;89,04;29,05;43,25;32,21;38,6;94,38;87,73;98,25;21,41;4,26;11,31;31,43;0,32;5,68;13,1;22,93;5,24;3,72;57,92;6,97;48,68;90,24;68,49;2,86;402,62;20,19;17,6;65,69;0,42;8,32;1,89;50,09;50,75;3;0;103,86;77,33;1249,89;631,49;6;16,53;0,28;0,13;0,36;0,57;0;51,11;103,09;0;33,65;44,39;503,24
Quixeramobim;CE;60,31;3324,99;16465,6;74,96;65,8;40,17;78,05;65,25;89,9;66,64;81,19;57,4;59,7;64,91;11,27;55,74;53,77;39,91;94,38;1639,79;119,57;14,3;3,74;73,76;54,69;69,47;49,31;59,4;94,24;90,21;97,46;40,02;3,99;14,61;23,36;0,22;2,2;7,78;19,63;6,19;0,35;78,85;13,26;58,78;90,6;72,33;1,97;369,92;21,63;10,22;64,34;6,49;5,43;14,12;36,29;35,87;1;0;98,33;69,67;1165;416,47;7;14,1;0,29;1,11;0,47;0,77;28,74;202,77;164;6,98;60,37;71,48;497,63
Quixeré;CE;55,39;613,1;29697,1;64,83;61,22;40,11;81,91;67,37;93,35;16,69;78,83;60,52;49,93;55,59;13,46;55,58;56,17;35,21;99,55;1281,18;111,24;8,54;3,79;87,81;91,8;36,3;39,44;94,79;93,55;83,89;98,45;230,98;9,39;73,78;21,08;0,25;2,25;8,38;21,22;5,56;0,67;87,3;17,73;54,41;93,28;71,44;2,76;390,57;29,12;10,54;71,28;0,16;5,4;2,4;48,18;40,41;3;0;99;84,43;977,54;655,69;2;13,27;0,25;2,7;0,55;0,53;0;480,57;610,33;1,6;48,39;55,56;508,49
Rafael Jambeiro;BA;54,84;1090,55;19809,1;64,3;56,34;43,89;75,67;47,92;83,09;50,54;65,98;51,13;54,05;54,19;36,52;45,82;69,4;23,82;92,41;791,17;126,09;10,25;5,55;49,98;18,18;49,61;32,98;50,66;88,63;70,75;98,17;92,19;4,91;37,64;11,19;3,83;4,83;5,48;40,87;3,83;4,95;64,21;4,25;61,83;87,73;71,06;3,36;364,47;19,37;3,39;62,9;3,8;19,28;0,51;49,75;27,35;9;6;143,67;68,33;1066,31;1479,4;2;18,62;0,33;0,46;0,55;0,85;0;72,61;73,32;1,12;31,01;41,41;481,32
Recife;PE;63,33;218,84;34875,19;68,14;67,39;54,46;71,14;75,82;87,89;37,72;77,01;72,57;53,53;66,47;42,56;62,26;38,72;74,31;65,99;1043,65;144,18;13,11;3,94;89,54;57,37;89,55;58,51;87,72;76,57;83,92;98,11;127,25;6,03;49,42;26,34;0,62;1,07;6,68;19,53;4,7;4,27;99,95;15,66;100;94,79;74,5;2,67;463,56;26,88;4,85;82,63;7,91;1,56;0,01;48,52;6,75;7;9;231,26;65,15;698,54;537,73;11;11,63;0,27;2,93;0,43;0,49;60,24;497,65;219,67;67,6;214,1;223,75;569,94
Redenção;CE;58,86;247,99;14558,31;70,11;61,81;44,65;79,55;52,06;87,03;61,79;78,52;62,13;50,66;55,92;15,55;53,52;66,08;43,45;91,53;1748,65;120,29;13,19;2,87;69,27;5,43;45,48;28,97;72,71;91,09;78,06;94,71;46,62;4,77;26,46;15,62;0,17;2,08;9,13;13,97;5,26;2,53;98,78;9,89;59,94;94,25;70;2,83;444,21;20,75;4,41;83,33;1,58;5,09;9,92;55,15;9,06;5;0;92,5;78,33;1631,2;1041,68;6;15,37;0,29;0,72;0,18;0,97;0;77,32;104,78;3,86;67,81;73,88;503,99
Remanso;BA;55,86;4573,51;11471,57;68,59;57,19;41,82;71,28;71,78;74,64;56,64;64,76;51,68;55,14;57,17;16,39;47,56;75,62;27,7;76,58;479,59;154,23;17,26;4,35;57,98;80,98;72,07;10,11;58,25;76,33;57,11;89,87;32,8;7,86;25,13;20,2;3,35;7,08;6,48;39,52;3,92;6,7;60,92;7,14;57,56;92,85;70,41;2,73;416,42;14,88;8,87;66,67;0,45;6,42;2,96;48,45;20,59;4;0;133;77;721,19;770,66;3;21,98;0,31;2,72;0;0,93;0;22,61;13,09;0,61;26,77;33,52;540,11
Reriutaba;CE;55,13;372,95;10079,34;67,18;62,76;35,43;78,01;47,81;86,65;56,27;83;55,48;56,89;55,68;13,19;49,19;44,33;35,02;80,51;626,72;113,51;10,19;3,73;70,18;4,65;39,19;42,65;28,45;97,34;88,22;98,84;56,87;5,44;23,65;16,12;0,55;1,57;5,43;14,57;6,1;0,75;85,6;5,45;49,82;93,67;70,63;1,94;410,43;18,26;16,12;57,42;0,13;2,56;33,32;54,87;11,71;2;0;95;61;1012,94;626,86;2;16,23;0,3;1,68;0,91;0,27;4000;200,22;254,37;4,83;44,98;58,32;498,73
Retirolândia;BA;56,47;242,33;10674,09;66,36;61,34;41,7;77,84;57,74;91,59;38,27;67,95;61,73;53,76;61,9;22,46;51,54;69,34;23,46;82,78;937,83;99,34;10,94;4,1;57,93;14,82;79,93;43,7;78,08;94,7;82,7;99,6;152,14;4,79;51,28;24,91;2,5;4,17;5,93;34,8;3,97;8,28;92,2;4,33;72,98;94,88;71,36;3,23;357,76;17,08;8,79;77,87;1,89;3,18;0;41,26;38,14;9;0;91;72;1779,89;1787,79;3;15,3;0,28;0;0,22;0,75;0;61,02;52,08;0,38;22,78;31,33;492,84
Riachão das Neves;BA;52,46;5977,93;69472,84;62,33;49,57;45,49;71,35;55,7;75,8;46,45;58,49;43,46;52,78;43,55;26,07;42,6;82,71;30,59;83,79;1275,79;115,32;16,58;5,7;50,89;60,2;41,55;14,26;45,15;90,71;64,54;83,19;67,17;7,72;30,5;30,5;3,1;13,35;11,77;44,75;3,86;4,45;53,14;4,54;40,17;84,79;71,73;3,46;331,46;14,11;15,71;84,11;6,32;81,37;79,01;52,62;42,49;1;12;24,5;95,5;4026,52;2387,73;2;19,89;0,36;0,66;0,18;0,51;0;4,82;7,64;0,63;42,61;54,76;468,46
Riachão do Jacuípe;BA;56,97;1155,42;11770,1;74,43;59,4;37,1;74,08;80,22;89,24;54,18;64;56,34;57,89;59,35;30,95;52,84;44,54;20,07;85,31;871,19;98,39;13,07;5,8;83,09;71,13;85,52;26,65;74,91;92,39;76,71;99,71;82,2;3,87;28,75;23,36;2,45;8,53;9,42;33,12;3,83;7,52;72,93;7,96;68,25;90,6;70,29;2,68;306,72;19,29;5,24;64,86;4,01;5,26;0,3;50,23;16,33;6;6;109,67;55,67;1867,44;1107,79;2;14,31;0,27;2,09;0,15;0,62;326,09;272;189,96;7,62;16,02;20,43;528,43
Riacho das Almas;PE;56,89;313,61;12258,42;68;61,25;41,41;76,07;52,76;88,71;54,44;73,5;64,9;52,46;54,15;22,35;50,34;68,44;24,52;79,95;864,68;151,77;14,32;2,81;38,11;45,06;60,98;26,49;55,61;92,32;86,78;99,06;51,61;6,36;28,11;13,57;0,83;2,02;10,67;17,15;4,19;3,2;98,1;11,84;72,97;92,86;70,39;2,99;403,46;19,06;14,54;43,04;0,39;6,24;1,45;49,23;46,56;7;0;124,72;63,76;1776,67;562,24;2;15,33;0,29;1,64;0;0,71;0;40,07;81,04;0,87;23,96;30,76;526,4
Riacho de Santana;BA;55,65;3183,91;9967,64;67,15;57,44;42,34;74,98;52,46;74,4;66,76;71,6;43,66;59,35;55,17;20,78;49,7;77,4;21,48;82,99;647,34;94,88;10,32;5,79;41,47;45,16;45,49;7,73;34,43;89,65;60,36;86,52;31,8;4,36;14,33;18,23;1,32;8,45;5,52;32,6;4,93;3,72;53,99;6,24;39,76;83,07;70,82;2,48;282,63;16,77;9,77;76,67;4,47;15,28;13,68;48,22;29,8;9;0;125;76;3938,43;1831,54;4;16,78;0,32;3,37;0,62;0,69;0;18,33;26,03;1,09;23,83;30,74;504,95
Ribeira do Amparo;BA;51,61;666,04;13338,8;58,55;51,35;44,92;72,62;22,63;67,73;71,22;57,61;45,18;52,18;50,43;20,64;45,86;86,19;27,01;88,44;737,73;130,15;18,57;5,2;18,6;8;12,1;38,43;18,15;76,7;65,52;80,35;42,22;0;17,34;14,45;7,35;6,67;9,65;46,83;3,82;4,9;62,71;3,56;39,1;84,91;66,66;2,56;368,75;17,58;3,61;81,79;0,52;12,32;1,44;52,93;44,3;1;7;64;83;1156,68;1435,63;2;15,87;0,34;0,51;0,89;0,57;0;29,34;0;0,45;31,47;41,12;489,09
Ribeira do Pombal;BA;57,12;1228,13;12850,31;70,16;57,04;44,17;72,74;68,68;88,84;50,38;66,85;57,88;53,08;50,35;18,36;51,52;77,62;29,18;78,24;954,57;123,8;16,7;4,46;57,35;84,35;72,05;29;43,97;96,01;88,98;99,62;81,92;5,79;34,81;32,22;1,42;10,3;7,88;35,6;4,87;9;80,91;4,03;71,93;91,19;67,25;2,39;354,12;20,34;7,78;64,88;3,69;10,52;0,56;55,12;55,75;5;0;112,33;78;771,03;692,3;5;17,3;0,3;0,65;0,4;0,75;0;14,47;21,74;1,46;30,33;37,68;542,65
Ribeirão;PE;55,73;289,57;16949,78;64,09;59,54;43,56;69,78;71,44;91,96;23,19;72,97;64,76;41,85;58,58;19,64;50,23;79,01;25,34;85,17;751,02;178,73;13,93;5,62;77,04;82,5;74,02;53,58;78,27;91,41;92,81;96,62;164,28;13,62;57,9;20,15;2,2;0,72;7,25;22,78;4,09;4,25;95,8;16,65;68,13;92,44;67,68;3,49;519;17,96;5,37;100;3,93;2,45;1,19;57,43;7,86;3;4;142;57,67;2752,14;1326,21;4;20,52;0,28;0,24;0,31;0,74;0;5,67;35,52;1,22;27,4;34,11;521,72
Ribeirão do Largo;BA;55,9;1363,7;11139,3;69,38;47,11;51,22;73,28;41,37;82,09;80,79;36,01;37;63,69;51,73;50,07;43,4;88,91;22,49;93,49;1431,81;129,89;25,13;4,03;55,86;39,13;5,43;22,09;56,66;86,94;69,03;95,63;0;0;10,27;10,27;22,83;8,6;13,77;44,23;3,52;5,82;38,8;2,34;21,09;90,57;70,54;2,11;268,27;16;3,42;73,94;0;23,48;13,35;48,5;25,03;10;12;264;57;1762,31;1920,46;1;20,61;0,34;0,82;0,67;0,84;0;0;27,38;0;29,64;40,15;455,75
Rio de Contas;BA;59,2;1115,25;11526,55;75,47;57,58;44,55;73,51;59,16;86,1;83,13;77,54;34,91;63,61;54,29;28,26;57,57;74,32;18,04;93,15;785,91;112,05;25,11;4,7;74,47;27,18;56,43;37,72;59,03;95,38;70,7;98,59;0;0;4,55;17,07;1,5;1,4;4,4;19,05;4,8;4,07;35,08;7,39;37,55;66,2;71,01;2;320,5;14,45;9,48;54,23;2,67;5,9;11,38;56,68;17,73;6;5;267,6;44,8;4070,7;1649,97;4;8,54;0,29;5,7;0,44;0,37;0;17,87;57,55;0;20,09;26,42;514,29
Rio do Antônio;BA;57,42;777,9;8619,79;74,97;58,87;38,4;73,54;57,64;85,81;82,9;63,86;45,89;61,86;63,89;2,16;52,03;72,39;27,01;87,31;290,63;90,19;15,85;6,35;59,48;15,05;68,1;26,86;40,74;93,24;82,04;98,86;0;0;1,9;31,95;4,75;8,72;7,08;35,8;4,4;6,58;58,81;3,18;39,69;91,27;69,38;1,53;291,77;12,06;12,68;100;7,37;4,69;16,74;41,51;27,68;0;0;81,33;86;4490,84;1511,12;2;10,1;0,3;1,49;0;0,81;0;18,31;57,94;0;30,62;40,07;514,67
Rio do Pires;BA;56,92;656,22;9365,44;72,55;59,41;38,79;67,3;59,07;87,84;75,98;70,94;42,19;64,65;59,85;15,14;52,95;75;12,08;94,36;2874,69;94,6;19,11;7,85;42,79;95,92;48,43;23,19;52,94;99,1;77,42;98,72;11,51;0;5,72;4,76;2,5;4,93;5,85;27,72;4,06;2,35;72,92;0,77;50,59;57,89;71;1,67;323,79;16,13;11,43;44,44;0,56;4,84;6,67;45,92;14,19;3;3;93;80;2118,6;2277,66;2;12,7;0,28;2,67;0,44;0,52;0;11,24;86,06;0;10,54;10,87;488,55
Rio Formoso;PE;55,87;227,46;18702,06;57,31;62,2;48,1;73;46,78;78,39;31,06;74,15;64,49;49,79;60,38;40,21;47,7;69,76;34,73;86,38;770,83;199,41;16,65;3,32;58,68;24,11;52,07;65,63;58,52;57,35;82,37;97,37;139,77;13,15;54,98;18,99;0,55;1,3;7,8;30,25;4,46;3,33;99,27;11,71;69,15;93,41;73,56;3,08;551,28;23,91;1,25;82,85;1,44;3,52;2;49,48;7,21;8;8;47,5;79;1342,36;350,75;4;21,23;0,31;0,58;0,55;0,38;0;55,23;80,58;0,64;57,74;56,26;487,02
Rio Real;BA;51,21;739,77;28086,48;63,02;56,42;34,2;72,17;64,32;92,54;23,05;62,47;56,53;46,77;59,92;13,4;50,58;44,67;28,16;87,48;1143,97;143,57;20,68;4,42;74,07;1,64;75,2;18,63;80,69;96,88;84,5;98,61;165,15;11,22;58,25;22,06;2,27;8,58;11,1;39,25;4,09;8,62;81,78;3,84;67,24;89,13;68,74;3,7;407,09;21,7;5,66;59,67;10,46;5,55;1,98;51,64;34,4;5;0;108;80;3019,08;1445,98;3;17,01;0,29;0,78;0,15;0,78;300;334,36;211,27;1,79;28,72;39,06;526,97
Rodelas;BA;55,42;2207,16;13387,74;69,24;58,1;38,93;64,44;90,33;90,6;31,6;66,26;52,09;58,14;55,92;33,96;53,77;49,54;18,43;52,09;333,62;162,96;24,62;3,76;97,61;98,02;89,65;29,31;88,71;93,6;76,49;97,75;97,74;9,56;50,45;34,92;2,45;10,03;6,58;36,27;4,33;5,23;88,46;19,62;15,82;87,99;72,41;2,61;420,91;19,29;13,58;20,45;0,01;5,54;0,97;50,23;26,74;8;6;193;59;2943,17;1179,07;6;23,05;0,27;3,71;0,89;0,56;16,46;608,26;765,77;0,8;21,1;28,45;499,98
Russas;CE;60,23;1611,09;15646,94;68,44;65,85;46,41;76,72;61,04;91,91;44,08;82,45;65,26;54,49;61,21;47,39;57,58;52,28;28,37;89,91;2625,99;117,88;11,01;3,91;73,37;49,61;51,49;36,15;84,42;95,39;81,47;98,49;86,85;10;39,49;24,41;0,08;0,9;5,8;19,48;6,03;1,33;91,17;15,73;74,89;94,26;72,43;2,35;392,29;25,23;10,97;76,22;8,34;3,91;1,92;49,45;31,54;10;10;95,6;82,5;1061,74;637,03;6;12,11;0,27;1,47;0,13;0,99;114,94;120,05;76,47;11,75;33,54;39,48;537,61
Ruy Barbosa;BA;55,99;1991,77;13364,81;71,09;57,2;39,68;72,04;76,31;91,21;44,8;64,04;57,42;51,96;55,36;12,32;52,52;70,72;23,17;78,29;1131,98;180,97;13,63;3,69;78,1;70,8;80,22;29,11;79,42;93,47;82,62;99,02;94,33;5,08;35,36;19,8;1,67;8,23;7;41,1;3,8;10,45;71,05;11,19;65,48;94,87;71,18;3,36;407,76;17,54;10,61;59,23;3,22;11,09;5,3;44,9;51,4;1;0;187;43,33;1143,79;878,46;5;18,72;0,28;0,93;0,18;0,76;0;46,06;39,31;1,89;20,84;26,63;517,28
Saboeiro;CE;57,1;1381,27;12189,79;68,32;57,09;45,89;78,51;49,64;86,68;58,43;73,8;50,33;54,73;49,48;39,52;49,94;67,88;26,23;92,56;585,24;126,57;6,18;4,99;51,07;64,67;30,9;33,64;51,8;97,52;80,2;95,44;50,44;7,21;34,65;18,77;0,13;6,15;10,68;25,75;5,29;2,02;73,44;1,32;47,53;91,33;67,87;2,57;398,92;14,25;10,11;48,38;0,01;12,92;12,99;53,18;42,52;10;6;85;66;1420,58;755,43;3;17,77;0,29;0,96;0,44;0,35;0;54,82;137,39;0;32,8;42,42;498,48
Sairé;PE;62,48;190,46;15823,8;72,37;65,69;49,39;80,6;63,78;86,57;58,52;77,73;64,4;57,48;63,16;29,95;51,05;85,67;30,87;85,32;863,51;122,99;10,29;2,64;53,98;2,63;99,03;25,12;58,65;91,21;80,32;97;42,02;6,07;34,44;16,53;1,6;0,1;5,3;16,12;4,72;4,5;99,93;24,03;50,83;92,28;72,05;2,63;320,4;19,23;4,59;100;4,82;5,69;1,84;42,73;17,66;4;6;106;65;792,94;500,45;4;17,15;0,29;0,36;0,22;0,89;0;14,57;0;0;37,46;46,36;544,19
Salgadinho;PE;57,87;87,22;14506,91;67,74;63,06;42,81;82,22;26,54;79,56;82,61;81,29;55,95;58,05;56,96;29,79;51,21;66,43;23,81;95,95;508,85;126,75;15,69;2,23;23,06;1,63;38,67;66,01;28,11;85,04;73,88;97,35;0;0;5,82;13,97;0,05;0;3,83;19,38;4,87;1;94,72;0,15;48,4;94,82;68,77;2,54;381,2;17,03;0;49,25;1,41;2,27;0;45,39;70,48;9;3;125;87,5;1393,06;939,44;3;11,44;0,32;2,83;0,67;0,9;;88,62;212,31;1,06;22,87;30,51;504,47
Salgueiro;PE;61,88;1678,56;15379,3;78,61;64,96;42,08;75,91;83,94;91,15;63,43;79,04;65,13;54,9;60,78;26,17;54,74;53,56;33,83;92,32;1170,29;144,06;15,16;4,01;81,18;83,52;100;38,35;82,07;95,14;88,54;93,2;24,26;4,34;19,24;29,82;0,43;1,25;5,5;16,83;5,04;4,53;88,56;14,69;79,28;93,86;72,92;2,49;460,85;21,08;7,05;78,91;4,02;5,88;2,89;44,99;23,77;9;0;82,5;73,5;1202,88;558,89;7;17,34;0,28;1,44;0,4;0,93;4,75;489,3;89,89;23,86;43,37;52,75;536,19
Salinas da Margarida;BA;57,18;150,57;13030,78;72,89;56,8;41,86;71,86;78,07;92,72;48,89;59,32;56,51;48,4;62,96;26,06;51,38;65,02;24,96;86,76;544,87;177,42;24,91;3,31;88,26;12,23;99,84;21,95;99,35;83,22;88,52;99,44;93,37;4,26;25,36;5;2;12,48;11,08;54,18;4,18;5,77;99,96;0,84;53,82;87,02;68,74;2,58;404,98;25,41;4,45;100;1,74;0,6;0;52,45;5,42;2;8;89,25;70,25;1964,92;841,56;3;15,87;0,29;0,79;0,22;0,82;0;104,89;121,85;0,87;35,71;43,32;473,87
Salitre;CE;53,15;806,25;9317,47;62,98;55,26;41,2;78,16;28,23;88,78;56,75;71,87;49,36;51,25;48,56;25,57;47,3;69,61;22,34;97,25;1000,18;153,7;17,48;2,97;23,43;11,19;22,68;37,87;33,93;97,49;94,88;98,41;42,01;8,07;21,64;33,67;0,62;7,22;11,55;30,27;5,44;1,78;70,31;3,81;44,03;90,17;68,91;2,89;458,59;11,69;9,62;82,09;7,7;17,28;10,22;58,92;54,66;4;6;99;64;2087,96;1239,63;4;22,65;0,3;0;0,18;0,81;0;43,58;71,57;0;31,49;41,9;455,66
Saloá;PE;54,63;251,55;12156,89;67,54;57,51;38,83;77,72;48,09;91,75;52,59;73,17;56,75;46,8;53,31;8,94;48,93;67,24;30,21;97,49;999,86;146,47;15,65;3,66;42,95;43,96;37,67;20,2;58,17;93,6;96,27;99,56;16,51;13,82;31,8;28,91;1,22;0,85;10,78;29,42;4,77;2,25;91,67;5,05;48,54;94,67;69,61;3,2;489;18,84;9,64;75,88;0,69;6,15;0;54,85;30,07;2;0;55;87,5;1961,52;772,54;3;14,41;0,33;2,77;0,44;0,85;0;62,18;171,12;0,45;39,43;50,82;493,02
Salvador;BA;62,05;693,44;24685,03;70,1;65,73;50,31;71,23;85,17;85,46;38,53;64,79;71,8;56,91;69,43;20,95;62,85;43,01;74,44;61,27;683,94;117,14;17,2;3,7;92,06;97,7;93,47;53,59;65,06;79,72;81,48;98,98;147,18;6,75;50,64;7,35;2,07;5,8;8,68;42,2;4,3;10,83;100;18,53;91,59;95,06;75,1;3;385,21;24,37;3,87;75,3;17,93;1,25;0;50,01;6,8;5;0;164,96;46,39;637,01;955,26;11;9,7;0,27;1,64;0,42;0,61;12,74;182,22;45,6;119,83;120,46;128,64;562,57
Sanharó;PE;55,74;268,06;13208,49;68,21;61,54;37,47;77,71;69,06;90,95;35,11;75,57;61,36;51,52;57,69;13,85;49,86;60,04;26,11;89,66;825,45;110,08;19,25;3,37;59,82;66,43;83,2;35,39;72,21;94,14;87,08;97,7;131,01;13,05;41,88;39,73;0,65;0,87;7,58;24,6;4,27;1,15;91,42;15,72;73,68;79,66;70,47;3,65;334,68;18,13;12,08;55,12;8,51;6,89;1,07;48,23;56,16;3;0;65,5;85,5;733,3;620;3;19,76;0,29;2,55;0;0,74;0;221,25;180,34;0,26;32,9;43,65;498,61
Santa Bárbara;BA;54,83;347,02;8373,35;61,38;60,06;43,04;70,13;50,98;86,08;38,34;62,94;62,28;56,73;58,31;29,22;49,75;63,11;30,09;78,52;306,82;126,55;21,37;5,24;60,64;5,46;61,76;46,63;41,9;92,82;82,18;99,36;111,09;9,4;37,23;15,27;3,05;3,05;4,82;49,63;3,51;14,17;81,9;4;90,4;92,69;71,5;2,61;346,01;17,95;7,16;89,92;2,41;2,88;0,48;50,99;30,01;16;0;51;83,5;2442,63;1455,41;3;14,96;0,31;0,13;0,36;0;0;187,95;103,39;1,61;29,36;40,82;521,44
Santa Brígida;BA;51,62;934,46;7794,64;64,95;47,91;42;77,63;48,5;76,46;57,2;53,59;37,74;48,91;51,41;10,17;44,9;89,17;23,77;93,45;713,55;164,99;12,52;3,46;42,29;39,2;58,47;48,71;42,62;79,8;58,46;96,98;51,21;6,72;21,38;14,7;2,62;13,78;15,05;53,28;4,04;11,83;46,19;8,71;24,79;75,97;67,58;2,41;375,72;25,27;10,02;78,6;1,66;14,65;9,36;51;41,05;2;0;185,3;51,1;2085,91;1899,64;4;20,68;0,35;1,35;0,44;0,7;0;6,72;0;0,47;26,69;34,36;488,32
Santa Cruz;PE;52,36;1245,98;9397,15;69,6;54,69;32,8;70,5;42,38;85,69;79,82;73,18;40,12;55,15;50,31;9,16;48,37;44,27;29,39;79,6;1831,12;109,98;15,42;5,68;35,23;31,8;46,62;41,89;34,47;91,9;90,32;96,66;0;0;12,64;14,45;1,82;4,73;7,05;22;4,36;1,42;41,56;2,59;46,88;79,13;68,31;1,97;373,47;16,36;11,56;85,36;0,05;11,42;29,62;52,65;33,19;2;0;111,17;67,67;2621,53;1150,49;4;19,64;0,31;0,96;0,67;0,48;625;267,92;436,97;0;37,94;49,9;498,02
Santa Cruz Cabrália;BA;52,32;1462,94;17900,51;57,38;57,3;42,28;67,49;59,25;82,84;19,96;58,36;65,33;52,95;52,58;22,07;49,45;69,07;28,53;62,43;655,03;149,34;16,37;4,83;54,43;32,76;72,56;31,43;79,71;70,6;75,39;96,82;165,51;12,23;65,79;10,96;1,97;11,25;15,3;47,28;4,05;6,1;91,12;10,4;90,31;88,58;72,03;3,16;397,29;19,83;5,48;83,49;4,54;12,86;4,45;55,59;28,88;8;0;221;54;3668,4;1233,21;5;19,94;0,31;0,82;0,36;0,76;1,37;44,18;37,82;6,81;38,16;45,15;481,45
Santa Cruz da Baixa Verde;PE;55,18;114,93;9585,43;63,38;62,98;39,19;80,55;21,86;90,54;60,56;77,3;56,79;57,35;60,47;15,18;51,4;65,02;25,13;94,61;898,16;131,35;12,19;3,06;4,83;45,34;1,54;30,35;53,63;94,61;96,73;96,97;39,11;11,26;15,56;12,97;0,88;1,25;7,57;17,95;5,1;4,53;98,9;0,07;57,37;87,15;72,14;2,7;465,74;12,9;3,46;77,96;2,7;2,67;6,05;47,44;27,4;5;0;134;79,67;2280,67;981,71;4;17,03;0,29;1,2;0,67;0,75;0;152,03;151,52;2,34;27,07;35,94;505,4
Santa Cruz da Vitória;BA;56,12;284,08;15187,59;72,56;55,18;40,62;69,29;87,1;93,38;40,46;64,71;56,44;45,35;54,24;16,02;44,77;68,44;33,27;92,08;602,76;179,37;25,92;4,77;90,92;91,73;83,07;17,36;90,39;94,72;87,14;97,3;124,61;0;59,82;21,36;2,64;8,73;10,53;35,97;4,03;2,22;81,22;1;61,85;97,11;72,17;3,86;488,6;23,33;0;100;0,21;16,16;4,27;51,16;5,75;3;4;88;92,5;3811,52;1419,8;1;27,57;0,28;0;0,44;0,83;0;68,26;89,39;1,95;52,3;64,84;465,64
Santa Cruz do Capibaribe;PE;62,55;335,31;18602,3;75,15;65,92;46,57;76,27;65,41;97,46;61,46;72,6;68,55;61,65;60,88;43,44;57,82;56,25;28,78;90,89;380,02;150,18;16,17;3,83;43,99;98,05;71,02;31,48;92,92;98,75;96,18;98,94;47,95;4,33;27,28;8,75;1,17;1,28;9,58;24,98;4,58;6,72;99,56;10,65;90,1;93,45;73,35;1,92;421,25;17,84;4,27;81,4;1,04;1,19;0;43,25;55,07;9;8;159,11;66;1517,08;399,55;8;13,62;0,27;0,85;0,24;0,91;61,98;176,48;28,39;6,26;31,8;36,96;538,87
Santa Filomena;PE;51,92;1005,34;9082,92;63,84;54,18;37,74;77,66;36,44;83,82;57,46;72,66;36,76;58,1;49,22;17,23;47,27;59,37;27,07;83,96;902,96;75,61;19,03;3,7;30,9;1,99;38;25,38;32,09;87,88;89,02;96,07;35,5;12,58;23,13;11,56;1,07;5,88;7,22;25,22;4,42;2,4;21,34;4,67;30,37;95,15;70,1;2,24;310,93;14,93;21,48;53,65;0;7,75;61,13;51,58;44,69;6;0;111,17;67,67;2621,53;1150,49;2;19,06;0,31;0,87;0;0,76;0;221,37;229,89;0,42;29,02;37,34;509,23
Santa Inês;BA;59,31;379,27;7220,56;72,94;58,65;46,33;66,18;88,33;84,23;53,04;68,98;58,21;52,13;55,29;49,35;50,73;62,2;23,03;83,65;4326,16;218,63;11,73;4,45;93,09;96,7;88,07;27,74;94,19;96,24;56,71;89,16;100,59;0;29,13;11,65;0,67;3,37;13,77;31,03;4,29;3,47;94,53;5,64;55,77;91,24;67,25;2,76;491,19;19,95;6,47;0;2,05;14,25;5,83;49,05;18,4;14;10;81,5;79;2506,68;1588,36;4;12,38;0,33;2,92;0;0,58;0;149,88;115,59;2,79;20,91;26,83;539,31
Santa Luzia;BA;50,61;824,47;8708,45;63,49;50,9;37,45;67,95;68,7;85,75;31,57;49,64;49,21;56,96;47,78;15,74;45,39;69,33;19,34;72,66;869,42;157,82;22,45;4,38;68,1;80,91;58,37;22,81;70,46;85,71;80,44;94,38;132,45;10,11;53,74;10,07;5,33;12,4;15,77;58,55;3,36;7,12;71,3;9,73;39,36;85,24;71,07;2,46;374,76;18,11;10,79;63,33;1,65;91,39;5,76;46,97;37,75;4;0;107,33;50,67;2278,17;869,38;2;23,63;0,31;0,7;0;0,75;0;48,51;41,82;2,5;22,99;31,81;481,33
Santa Maria da Boa Vista;PE;58,11;3000,77;13310,46;67,61;59,05;47,69;78,05;54,63;79,05;58,7;66,83;53,22;60,41;55,74;56,84;51,13;58,02;24,77;84,69;489,51;96,29;17,51;3,52;72,51;49,18;44,74;57,98;41,13;87,74;68,56;92,78;31,77;3,31;34,01;18,24;1,38;4,62;8,35;33,93;3,94;11,1;65,32;7,95;60,29;91,69;71,39;2,51;280,9;18,81;5,42;73,89;1,69;2,74;5,42;55,33;28,64;12;12;104,5;58,33;1515,18;570,4;7;20,6;0,3;0,44;0,31;0,81;8,33;229,58;84,69;1,06;29,04;38,98;493,95
Santa Maria da Vitória;BA;54,09;1984,91;14949;65,39;58,35;38,54;70,73;70,53;86,64;33,64;66,04;56,52;55,96;54,89;7,3;52;72,05;22,8;82,88;980,02;132,6;17,84;5,42;80,12;8,47;83,66;16,54;61,37;93,04;79,49;95,48;112,28;11,38;48,7;20,21;2,9;6,83;8,83;35,6;4,22;4,95;63,05;5,65;79,54;93,97;70,49;3,14;356,09;14,78;5,7;65,97;4,58;14,59;8,03;50,59;25,7;1;0;148,5;47,5;3998,68;1800,19;2;15,58;0,29;5,47;0,15;0,74;0;73,46;9,69;5,07;25,51;32,43;517,13
Santa Maria do Cambucá;PE;52,76;92,15;8474,13;60,86;58,92;38,49;72,7;37,13;83,06;50,56;75,72;54,1;48,85;57;12,87;45,8;83,57;11,72;77,12;598,61;172,62;17,56;3,18;15,52;14,93;52,19;27,87;30,84;86,97;83,95;98,21;44,51;9,37;39,96;8,92;2,67;0;4,22;20,22;4,13;2,22;99,94;3,41;31,64;92,39;69,08;2,98;487,66;21,29;3,57;63,84;0,56;1,84;0;49,73;49,53;3;0;191;66,67;1906,79;928,59;1;18,35;0,33;2,01;0;0,56;0;16,86;0;0,86;6,54;7,8;503,72
Santa Quitéria;CE;57,64;4262,29;15327,3;67,69;61,83;43,39;75,52;50,13;88,54;56,58;80,68;52,91;54,43;59,3;36,25;52,56;53,34;31,42;86,1;655,65;130,6;16,25;4,03;64,01;16,86;43,45;35,98;58,27;94,09;84,94;97,55;66,27;6,19;22,9;11,95;0,22;1,48;6,87;17,13;5,45;0,3;65,83;11,77;53,79;90,62;71,48;2,69;400,25;17,79;14,43;65,53;5,15;5,84;43,55;44,73;25,26;6;8;128,75;75,4;664,32;855,04;4;17,11;0,28;1,07;0,46;0,81;68,03;112,92;244,97;2,99;43,41;52,25;490,51
Santa Rita de Cássia;BA;50,59;6030,49;9996,79;64,97;53,61;33,18;72,37;56,93;66,01;64,55;67,52;46,68;60,57;39,67;4,77;50,14;55,22;22,58;96,1;1300,34;93,41;22,78;6,06;50,53;67,72;57,75;41,59;50,87;80,02;43,59;75,33;32,67;2,49;19,72;11,68;2,8;4,65;7,08;34,87;4,03;6,18;54,99;1,52;54,56;87,83;70,93;2,38;291,73;15,07;8,76;79,12;2,27;113,59;107,34;53,76;28,63;1;0;75,33;67;4610,77;2490,21;5;15,15;0,33;1,08;0;0,8;39,68;171,83;48,79;2,36;24,74;32,8;497,31
Santa Terezinha;BA;53,76;719,26;9418,12;63,22;56,78;41,27;74,14;59,97;80,17;38,6;71,63;46,2;58,93;50,37;32,64;49,23;73,34;9,84;92,78;1210,76;148,86;18,16;4,26;65,86;4,85;76,94;32,75;49,65;84,04;65,91;96,9;114,49;6,18;44,06;45,97;2,5;4,88;5,3;28,53;4,41;3,53;76,96;1,85;24,41;89,97;73,24;2,34;372,44;19,75;11,97;66,67;3,09;34,43;4,79;52,28;27,24;8;7;129;80;3018,33;2048,62;1;14,39;0,3;1,97;0,22;0,68;0;37,09;21,1;1,54;6,41;6,99;485,56
Santa Terezinha;PE;59,34;200,33;11001,83;77,04;58,67;42,32;77,29;68,91;92,45;69,52;76,53;52,89;48,71;56,54;24,48;49,05;62,75;33,01;91,52;414,07;159,82;16,34;3,14;57,5;63,88;79,71;23,42;60,47;96,98;95,84;98,54;43,14;0;21,48;9,76;1,18;0,18;6,12;17,58;4,54;6,02;77,76;20,15;54,13;69,16;69,2;2,76;423,99;22,58;9,76;79,57;0,25;5,66;13,67;48,86;21,95;6;3;62;82;1414,73;660,68;3;16,99;0,3;0;0,22;0,37;0;132,35;128,62;6,55;36,75;47,02;524,01
Santaluz;BA;55,15;1623,44;13177,46;72,52;59,29;33,64;76,01;64,98;83,83;65,27;65,3;55;61,21;55,63;12,26;51,2;52,42;18,67;91,31;1667,31;107,38;14,88;4,58;60,14;54,4;71,35;27,47;63,58;81,36;73,06;99,16;38,35;1,74;17,97;14,8;2,1;7,4;7,42;36,55;3,95;9,18;73,8;6,82;59,5;93,03;70,82;2,18;304,57;17,23;6,87;71,36;2,97;5,11;0,79;49,79;48,8;4;0;129,5;55;3832,71;2305,98;5;19,47;0,29;1,72;0,15;0,39;90,91;162,9;85,34;1,36;20,69;24,3;505,7
Santana;BA;57,25;1909,35;13579,33;69,99;60,5;41,26;72,24;55,27;83,47;68,99;72,29;52,61;63,75;53,35;8,98;49,7;84,35;22,02;90,44;1319,17;104,44;17,5;6,07;58,75;1,22;69,75;29,38;48,93;95,25;68,71;96,48;13,84;4,11;8,89;12,93;0,6;7,05;5,53;29,68;4,2;2,18;70,07;4,45;66,05;84,57;71,58;1,94;285,52;16,67;11,31;60,9;4,84;15,9;11,31;51,68;32,08;3;0;85;74;3079,88;1804,17;2;16,22;0,29;1,13;0,55;0,92;0;4,11;11,99;0,54;18,22;24,44;506,62
Santana do Acaraú;CE;58,66;972,57;8804,31;67,11;60,87;48,01;80;52,83;83,83;51,78;75,18;51,11;56,55;60,64;34,89;52,77;74,74;29,63;91,21;684,04;107,28;17,12;2,96;60,46;31,67;38,87;19,09;42,36;91,48;77,11;97,25;88,65;6,63;34,61;18,28;0,73;4,78;8,45;24,92;5,2;1,45;78,55;1,04;40,72;95,64;70,28;2,13;364,43;15,24;11,1;100;0,08;3,78;5,55;43,34;23,77;16;0;127;60;991,91;862,02;6;16,47;0,29;0,54;0,46;0,34;0;18,56;34,64;6,13;35,88;50,02;487,53
Santana do Cariri;CE;58,71;855,16;9227,04;72,04;59,81;44,28;79,48;53,18;87,13;68,4;70,62;53,73;60,72;54,15;25,82;50,6;65,78;34,94;89,29;761,15;136,69;7,45;3,68;58,85;85;26;38,34;62,21;96,08;80,94;93,5;24,77;5,93;10,32;19,17;0,93;7,12;11,45;27,03;4,83;1,87;82,91;1,86;50,9;92,74;71,72;1,78;399,19;14,71;9,44;85,98;0,49;10,23;43,06;46,54;25,4;4;5;81;69;1715,74;504,75;4;19,78;0,29;1,71;0,55;0,57;0;99,62;168,71;0,42;49,8;67,17;456,79
Santanópolis;BA;53,67;222,69;7687,43;60,86;57,44;42,7;72,16;43,74;75,7;51,85;62,75;52,37;57,64;56,98;25,32;53,66;68,4;23,42;100;456,58;142,86;30,49;4,57;57,62;2,52;46,03;51,04;9,45;90,64;61,56;97,33;51,65;5,46;34,42;2,87;4,65;5,62;3,55;45,17;3,64;10,63;85,2;0,57;39,54;96,08;69,76;2,51;364,25;14,51;4,59;78,1;2,52;3,49;0;53,54;26,34;11;0;59;85,5;2611,61;1296,86;3;8,61;0,3;0,8;0,22;0;0;56,76;60,85;0,65;31,05;40,86;488,85
Santo Amaro;BA;54,03;494,5;19622,61;62,88;56,24;42,96;65,23;78,68;87,76;19,85;58,15;61,15;49,49;56,18;31,83;53,4;61,7;24,9;42,02;403,23;146,06;14,13;4,4;79,11;80,69;85,12;35,14;83,9;89,6;75,22;95,44;197,83;9,45;66,06;8,93;3,1;6,18;10,82;48,78;3,73;15,57;98,24;13,25;52,09;93,16;71,29;3,5;387,84;24,29;4,91;74,03;2,89;2,49;0;56;32,21;3;10;234,33;43;3629,49;2072,41;5;14,63;0,29;0,82;0,27;0,99;35,71;48,59;49,13;2,18;27,94;34,54;523,85
Santo Antônio de Jesus;BA;56,63;261,74;22592,86;64,74;63,59;41,57;68,16;86,2;91,89;12,7;67,16;71,93;52,96;62,32;12,05;59,2;55,49;39,54;73,38;756,69;197,84;16,91;4,24;87,7;85,76;93,43;28,94;81,08;95,03;89,49;95;227,37;8,37;83,64;58,8;1,75;5,05;8,15;35,82;4,21;9,45;97,34;22,8;90,63;93,53;73,92;2,78;474,2;24,57;6,02;78,33;5,88;2,44;0,19;48,83;24,32;3;0;92;72,43;1817,92;912,52;7;10,09;0,26;1,01;0,13;0,99;158,94;80,04;28,92;12,69;45,22;55,03;551,81
Santo Estêvão;BA;59,85;360,33;16759,08;69,23;61,91;48,42;74,21;63,39;86,99;52,32;61,27;62,97;59,51;63,89;45,75;55,49;67,59;24,85;90,95;621,31;155,05;16,31;4,5;84,1;7,18;72,63;43,56;49,82;90,17;84,02;99,69;87,68;6,55;33,29;13,01;1,9;9,75;8,92;45,78;3,71;9,18;91,22;5,71;84,01;90,02;73,47;2,69;415,79;17,05;4,97;61,92;4,79;4,55;0,19;41,02;25,75;9;10;163;57,33;1434,6;1047,66;6;11,37;0,29;0,99;0,13;0,83;0;120,08;32,77;1,23;27,84;35,46;500,3
São Benedito;CE;56,53;350,85;12678,53;68,23;62,86;38,49;77,32;55,51;87,71;52,37;81,61;60,42;47,56;61,84;18,75;50;51,57;33,65;96,95;784,5;186,47;13,32;3,24;68,37;19,3;46,53;22,03;41,37;90,63;93,09;98,76;75,28;6,69;33,17;18,47;0,33;0,8;5,6;16,57;5,44;0,58;98,08;10,02;54,15;92,68;70,84;2,96;486,19;19,7;15,53;76,42;4,29;1,88;1,47;49,28;23,82;4;0;296,25;76;419,68;617,25;2;15,22;0,29;0,62;0,62;0,22;56,6;255,9;103,38;15,22;42,68;60,5;498,83
São Benedito do Sul;PE;56,95;160,48;8744,8;70,24;60,75;39,87;74,94;48,2;84,5;73,32;73,14;54,55;60,65;54,67;16,38;43,17;75,22;24,7;83,96;469,9;150,81;12,01;4,32;61,1;15,62;43,87;40,71;65,03;90,84;77,26;91,4;17,23;0;12,2;15,25;1,65;0,78;9,48;23,47;4,08;1,07;98,8;0,34;34,31;96,79;69,17;1,41;410,8;15,22;0;98,78;0,18;2,84;0,76;55,87;29,92;5;0;114;86,5;1454,33;722,1;3;25,65;0,33;0,7;0,22;0,3;0;18,09;22,03;3,07;28,67;37,45;475,98
São Bento do Una;PE;55,49;719,19;29193,03;67,81;60,08;38,58;77,87;51,86;91,13;50,38;75,88;57,42;54,34;52,68;30,2;48,18;52,08;23,88;93,33;784,86;156,84;14,9;3,15;42,85;59,62;50,63;35,37;62,2;93,5;91,85;99,23;69,84;4,79;38,02;13,35;0,42;1,62;9,9;21,7;4,92;2,4;77,16;11,64;60,16;93,08;72,34;2,76;460,05;16,47;9,71;75,36;4,11;9,35;1,21;51,62;55,89;4;9;76;84,33;3290,19;755,11;4;18,77;0,32;0,65;0,31;0,86;172,41;176,28;66,67;4,24;23,92;30,32;517,81
São Caitano;PE;56,78;382,48;11528,16;66,87;62,63;40,84;74,52;67,99;88,2;36,77;74,98;62,35;52,03;61,17;20,89;49,24;70,46;22,75;92,93;906,14;186,35;17,4;3,43;60,66;49,28;81,59;25,18;68,44;92,19;77,81;98,71;136,75;6,55;54,95;21,55;0,67;0,2;7,52;23,65;4,36;5,43;98,1;0,71;77,99;92,29;70,38;3,25;481,91;15,89;6,06;47,95;2,02;3,92;0,81;43,55;28,91;5;0;115;33;1688,03;808,83;3;16,5;0,31;1,32;0;0,54;0;28,31;39,6;7,92;24,85;31,73;512,76
São Desidério;BA;51,46;15156,71;169281,08;62,9;50,89;40,58;74,58;43,35;76,85;56,82;62,15;50,63;56,43;34,36;5,45;46,31;74,17;36,39;91,73;629,94;130,6;19,6;4,52;40,94;28,93;37,29;28,83;44,32;91,56;63,64;86,21;21,24;9,4;18,28;55,44;1,93;10,53;12,57;38,78;4,34;7,28;53,1;6,6;64,69;90,72;69,52;2,32;365,52;15,33;9,14;81,61;3,15;241,85;159,32;51,99;41,83;1;0;183;76;2651,79;2053,77;5;19,84;0,35;1,16;0,15;0,8;0;20,06;34,84;0,28;52,68;62,66;496,31
São Domingos;BA;52,9;289,96;10252,72;70,02;55,95;32,73;76,34;87,59;92,58;23,57;64,68;53,51;48,82;56,79;9,09;54,62;48,12;19,1;94,02;1136,85;118,09;8,74;5,65;89,19;88,9;88,5;18,25;83,4;92,43;86,74;99,47;175,64;14;56,97;17,8;4,47;7,9;7,32;28,95;4,3;8,9;66,74;1,58;64,6;95,81;70,39;3,07;329,22;22,24;19,78;80,78;1,11;3,9;0;49,2;38,92;2;0;17;96;684,29;1126,79;2;14,02;0,26;2,66;0;0,97;833,33;163,28;49,9;2,2;22,79;30,33;487,9
São Felipe;BA;57,81;222,41;10225,36;68,13;59,56;45,73;75,17;55,56;87,28;54,51;60,96;61,42;56,61;59,25;22,57;50,92;90,83;18,62;85,99;780,75;144,16;18,63;3,4;49,22;51,82;47,17;14,29;60,75;85,92;86,21;98,18;78,49;6,42;27,94;6,16;1,75;12,8;10,2;43,63;4,26;9,03;81,58;7,92;83,63;90,31;72,21;2,11;353,15;20,86;14,79;89;2,26;3,11;0;49,37;26,57;1;8;100;73;1889,33;1452,24;2;11,99;0,3;0;0,55;0,96;0;0;10,53;0,42;24,93;23,59;493,52
São Félix;BA;55,91;103,23;15553,6;67,29;58,52;41,92;68,74;69,54;88,7;42,19;58,91;65,29;51,62;58,27;18,05;54,38;82,84;12,41;84,82;1135,57;196,12;22,6;4,08;68,32;71,34;62,88;18,1;68,45;83,58;91,88;97,39;150,94;4,34;41,72;11,34;2,85;9,83;9,38;48,17;3,83;11,83;88,43;6,06;91,64;95,09;71,11;3,05;452,23;19,41;3,02;82,95;1,18;4,14;0;46,2;38,28;1;6;101;89;1955,38;1173,05;6;13,49;0,29;0;0,44;0;0;5,79;7,35;2,26;25,27;26,22;439,37
São Félix do Coribe;BA;55,65;1751,67;15257,4;66,7;56,4;43,85;73,56;72,78;89,21;31,24;68,49;51,24;58,5;47,36;23,26;54,1;72,63;25,41;83,18;1027,67;100,73;15,76;5,27;80,49;3,58;95,29;20,77;63,41;95,54;85,38;96,28;113,54;10,51;51,34;37,84;1,05;12,73;7,63;33,78;4,99;3,65;85,56;4,95;30,39;93,37;72,03;3,16;265,74;20,43;6,58;56,69;2,01;50,88;29,62;51,24;30,54;4;5;148,5;47,5;3998,68;1800,19;3;15,85;0,29;8,16;0,18;0,79;0;26,28;42,13;1,63;29,57;37,09;505,64
São Francisco do Conde;BA;60,24;269,71;322037,76;72,44;57,52;50,76;74,08;81,66;88,41;45,6;66,72;64,24;51,91;47,21;28,51;51,41;59,16;63,96;73,06;634,05;158,31;15,52;2,81;92;63,68;99,78;54,16;80,65;85,34;89,62;92,51;101,8;3,65;33,39;3,61;1,82;4,92;4,7;39,62;3,78;11,57;99,6;6,14;76,22;93,17;73,71;2,54;396,48;37,96;0;82,83;2,13;81,25;0,52;53,27;21,67;6;7;41,67;78,33;2832,81;1643,98;3;14,2;0,29;0,72;0,77;0,9;38,46;151,01;60;2,87;111,15;121,89;466,74
São Gabriel;BA;61,44;1146,05;8017,76;76,55;63,01;44,76;71,27;70,07;92,6;72,27;63,84;75,89;52,93;59,37;20,75;51,46;85,05;21,77;83,05;1144,77;144,39;19,64;4,53;79,91;2,04;92,69;28,8;80,37;95,99;88,52;97,05;35,36;0;14,78;16,13;3,82;7,88;7,95;36,42;4,46;9,92;83,72;63,92;62,59;94,13;67,21;2,24;380,34;16,64;8,6;85,45;5,55;2,99;6,45;53,29;21,02;7;0;134,43;55,14;2440,11;1098,01;3;18,76;0,28;2,53;0,73;0,37;0;28,41;0;2,14;28,43;38,32;493,93
São Gonçalo do Amarante;CE;57,48;842,63;151248,94;61,74;65,51;45,2;77,11;40,06;85,47;44,34;82,98;69,37;55,4;54,27;29;52,95;48,09;50,73;83,83;634,21;150,5;11,36;3,34;45,36;38,14;28,42;48,21;86,21;83,24;68,03;97,32;83,58;8,77;38,87;24,38;0,05;0,93;5,68;13,55;5,71;0,68;97,67;15,56;90,63;91,99;71,47;2,54;433,39;22,77;3,69;58,83;0,44;10,1;3,51;53,08;12,09;11;0;75,33;82,5;1482,78;576,65;4;14,65;0,29;1,55;0,4;0,66;46,3;384,99;364,74;3,41;87,18;87,54;494,07
São Gonçalo dos Campos;BA;57,26;294,77;27769,43;67,91;60,55;43,33;70,25;62;86,72;52,68;62,75;59,77;59,5;60,16;32,08;54,27;66,32;20,67;62,5;361,55;177,58;17,25;2,89;74,21;13,21;76,95;44,94;74,07;90,53;69,53;98,97;92,1;5,75;32,39;15,18;2,23;8,95;6,03;49,88;3,74;7,73;99,18;1,73;61,51;93,25;70,14;1,98;378,7;16,59;5,06;76,35;3,48;2,86;0,51;48,18;31,63;6;6;114;47;1720,95;1094,62;4;12,62;0,28;0,75;0,15;1;0;128,47;50,6;2,02;25,98;28,54;479,15
São João;PE;57,26;258,44;15867,09;67,94;59,92;43,94;76,2;53,89;87,7;53,98;71,29;55,28;54,06;59,04;19,59;49,59;67,09;39,47;93,65;737,39;165,97;16,18;3,54;52,26;17,58;68,12;35,95;49,79;91,5;86,6;99,1;52,29;2,74;26,01;26,01;0,9;2,68;7,32;37,25;4,51;6,3;91,16;2,9;46,15;93,89;71,09;2,68;463,51;20,78;6,29;49,98;2,1;3,71;0;48,24;28,69;4;0;104,5;34;1673,26;568,68;3;16,77;0,3;0;0,18;0,68;0;60,84;109,89;0;58,67;64,2;495,29
São João do Jaguaribe;CE;50,38;279,45;18764,79;51,76;56,74;42,64;73,42;41,33;89,64;2,63;78,24;55,52;31,15;62,07;9,44;59;71,43;30,67;83,37;1108,09;107,51;23,52;3,95;96,67;21,32;4,63;84,28;44,55;97,25;92,58;98,5;596,15;104,92;249,36;27,33;0,32;1,5;9,62;22,55;5,5;0,1;76,72;0,35;70,31;91,53;72,04;6,89;406,1;27,21;5,69;66,43;9,41;3,72;1,71;49,56;29,75;2;0;100;74;1908,16;1077,7;2;8,38;0,27;9,29;0,89;0,96;;52,46;107,76;0,93;35,67;49,78;502,42
São Joaquim do Monte;PE;58,56;224,62;9139,97;72,12;60,86;42,71;76,72;77,6;90,85;43,3;74,65;58,87;47,05;62,87;37,11;49,63;60,82;23,29;91,77;1051,07;189,87;15,97;2,36;71,65;86,39;86,86;34,7;76,18;95,45;84,92;96,45;117,52;0;52,9;14,97;1,3;0,13;7,95;23,42;4,41;4,03;99,64;1,53;54,87;94,91;69,47;3,36;500,63;18,88;2,5;80,32;0,71;2,51;1;44,18;14,4;7;7;65;79;588,43;521;3;17,05;0,3;0,31;0,55;0,77;0;216,18;365,41;1,52;26,66;34,1;494,55
São José da Coroa Grande;PE;51,95;69,18;15057,09;56,13;62,88;36,83;72,54;59,33;83,01;9,64;74,56;72,35;39,2;65,43;22,16;45,62;56,36;23,18;90,94;646,15;215;14,42;3,99;63,64;2,96;94,84;61,51;84,25;66,68;77,88;96,87;279,01;20,33;106,24;14,87;0,87;1,38;6,45;26,08;3,99;1,8;98,53;23,46;90,1;93,75;69,15;3,99;546,54;22,7;4,25;88,08;3,98;1,65;1,59;44,5;14,2;3;4;47;58,33;2230,97;436,57;2;22,3;0,31;0,46;0,18;0,8;416,67;22,88;76,73;4,12;25,41;32,84;501,16
São José da Vitória;BA;53,97;127,92;12396,76;64,21;53,86;43,85;70,33;79,37;90,37;16,75;58,52;55,68;42,44;58,8;14,98;45,03;93,49;21,89;89,87;710,21;191,55;24,21;3,96;76,46;82,23;86,98;30,75;78,68;90,52;87,32;96,24;201,25;12,64;63,97;94,07;2,35;11,33;11,18;44,2;3,3;7,28;90,42;1,22;48,68;96,13;66,16;4,05;423,82;17,94;9,41;52,27;0,36;3,55;3,76;49,87;13,74;7;0;17;98;3277,11;1601,31;2;24,8;0,3;0;0;0;0;0;0;3,02;25,54;33,08;502,03
São José do Belmonte;PE;58,36;1474,09;9361,05;71,04;61,7;42,34;76,83;55,99;87,66;63,69;80,37;55,66;56,71;54,03;24,55;50,84;65,05;28,9;85,29;809,09;132,85;14,03;3,55;56,16;31,45;65,12;38,76;53,44;97,4;90,44;91,34;44,02;1,41;21,81;22,39;0,43;0,07;5,45;16,85;4,86;0,82;70,47;9,1;64,12;92,12;71,12;2,62;380,71;14,57;11,48;72,01;5,09;11,73;18,08;53,24;25,42;3;6;89;90,67;1806,85;455,16;4;16,9;0,3;1,54;0,31;0,4;0;117,42;101,97;1,27;35,94;39,93;519,35
São José do Egito;PE;59,4;774,04;13675,7;73,86;62,68;41,66;77,92;73,85;92,5;51,16;82,21;60,2;48,72;59,6;26,31;52,68;61,03;26,6;97,71;802,66;154,67;12,98;3,9;68,51;85,89;83,73;43,56;62,83;98,4;97,98;95,57;64,08;7,46;32,9;29,03;0,37;0,53;4,63;15,42;5,37;0,77;86,46;6,94;70,89;92,6;71,13;2,99;439,68;23,72;9,68;81,24;0,79;8,26;2,58;41,45;25,96;2;8;62;82;1414,73;660,68;4;13,58;0,3;2,31;0,31;0,51;0;204,01;219,78;1,03;28,7;34,83;537,69
São José do Jacuípe;BA;60,15;362,37;12091,04;74,72;57,1;48,63;78,77;84,54;92,22;43,37;52,27;61,99;54,93;59,2;37,28;51,36;79,17;26,7;93,94;582,61;117,6;15,34;3,85;82,22;89,33;83,43;13,25;81,81;93,07;87,28;98,29;89,25;9,71;41,23;23,56;9,02;8,93;11,95;45,98;3,86;8,78;95,68;16,37;67,51;82,47;68,54;2,9;311,39;15,4;7,36;74,7;0,75;5,76;1,96;43,33;31,17;9;8;45;82;3256,25;1034,76;3;18,45;0,27;1,06;0,22;0,46;;4,86;32,87;0;33,01;47,12;487,42
São Lourenço da Mata;PE;54,73;263,69;12353,56;62,32;64,72;37,15;66,12;60,67;82,51;39,98;74;65,53;55,13;64,21;25,71;52,64;48,57;21,68;60,77;963,35;186,66;15,41;4,31;68,24;41,42;77,53;66,52;72,93;72,02;75,7;97,19;107,63;3,78;47,1;5,75;1,45;0,77;6,03;23,22;4,13;5,87;100;8,12;78,76;93,42;72,57;2,73;503,77;16,11;4,13;75,28;4,8;1,06;0,54;51,09;6,86;4;5;93,5;72,43;1330,78;607,94;4;14;0,29;1,47;0,4;0,87;72,82;562,06;102,77;8,3;23,62;28,55;516,19
São Luís do Curu;CE;52,99;122,86;12231,41;59;59,69;40,26;72,63;56,23;85;22,15;75,96;57,32;48,49;57;11,32;51,44;76,21;22,07;59,58;472,67;122,46;11,5;3,74;71,06;24,01;47,44;28,92;62,69;94,54;72,28;94,02;136,81;21,45;62,83;25,41;0,78;1,27;7,18;25,92;4,56;1,1;98;14,38;50,47;78,21;68,13;3,42;471,98;17,47;0;64,58;0;3,14;6,47;52,87;16,2;2;0;109;70;1153,42;901,06;3;15,09;0,29;1,06;0,44;0,44;0;8,94;56,69;4,36;33,18;38,75;456,98
São Miguel das Matas;BA;53,52;230,91;16722,28;62,28;58,91;39,38;71,32;42,48;86,33;48,97;66,94;53,85;60,97;53,87;5,24;51,41;80,73;20,16;92,07;4569,77;136,61;18,14;3,97;38,48;24,24;35,07;20,91;38,32;92,04;88,13;98,22;96,44;4,84;25,16;9,68;1,83;8,38;4,27;37,63;3,95;8,43;79;7,63;43,21;95,95;71,98;2,42;316,57;16,43;11,61;57,94;0,58;6,64;0;55,55;18,63;0;0;87,33;85,67;1192;1193,85;3;15,11;0,3;2,02;0,44;0,57;0;9,67;12,38;0;18,83;22,64;509,47
São Sebastião do Passé;BA;56,9;536,68;19944,03;69,61;61,64;39,45;74,39;72,23;92,15;39,67;64,3;64,01;58,06;60,18;8,49;54,7;71,26;23,35;88,39;759,45;129,08;18,32;4,44;72,32;76,64;73,98;34,89;81,05;92,48;89,27;97,57;135,82;5,8;47,85;4,39;1,13;6,5;9,35;45,32;4,13;10,32;97,75;13,7;70,9;89,07;73,69;3,01;357,97;22,03;3,66;62,41;6,63;7,72;1,95;47,98;20,86;3;0;61,67;88,33;2044,48;1927,19;5;14,06;0,27;0,3;0,15;0;0;64,92;15,27;0,56;28,91;31,57;500,98
São Vicente Férrer;PE;52,9;112,47;12287,93;58,2;59,34;41,18;78,36;44,79;85,04;24,6;73,2;61,49;42,68;59,98;25,71;47,65;63,22;28,13;95,98;808,31;188,78;13,88;2,52;38,82;44,78;49,52;51,91;44,93;83,97;88,34;97,87;140,3;7,83;70,76;13,49;0,8;0;8,45;28,8;4,08;4,18;99,85;0,91;69,11;94,28;67,9;3,11;526,68;20,52;13,99;67,65;4,29;3,59;0;46,99;37,72;6;0;132,5;52;343,67;412,36;3;19,22;0,31;0,35;0,36;0,7;0;314,89;66,09;0,76;38,66;53,62;483,34
Sapeaçu;BA;56,67;131,22;11548,9;69,06;58,29;42,65;70,54;64,03;88,05;53,64;66,92;60,87;45,29;60,05;20,39;53,22;73,55;23,44;82;1095,19;210,48;12,57;4,17;75,57;5,31;78,92;32,84;60,94;86;87,61;99,24;68,96;3,58;30,06;24,49;2,77;4,85;6,47;39,12;4,07;6,9;99,96;10,11;58,12;89,43;69,07;2,99;493,03;24,47;12,25;56,98;3,48;2,16;0,56;53,5;13,67;7;0;38;90;1008,33;670,87;3;14,16;0,28;1,42;0,36;0,9;0;45,16;21,77;1,04;28,84;39,21;466,85
Sátiro Dias;BA;49,25;949,22;15755,68;61,66;49,74;36,36;72,88;40,92;86,33;46,5;47,02;45;57,94;48,99;1,96;46,49;89,46;7,54;85,31;964,11;142,08;17,37;4,52;35,77;31,1;36,46;32,73;46,53;89,12;88,79;96,93;90,7;4,12;47,48;19,99;8,12;15,37;15,67;63,38;4,13;4,13;45,75;1,45;62,67;83,12;69,17;2,94;344,39;12,99;6,25;45,16;1,93;10,62;1,87;54,75;60,52;0;0;121,5;83,5;3651,84;3078,96;2;19,25;0,32;0,69;0,18;0,8;0;4,12;0;0,49;11,91;13,9;452,29
Saubara;BA;58,4;166,43;12448,35;63,07;62,62;49,5;64,59;85,98;87,71;14;60,17;72,26;50,97;67,07;37,92;50,66;78,31;31,12;78,73;245,89;162,28;14,47;7,95;92,96;72,29;99,63;39,32;90,06;85,55;87,24;88,64;245,01;16,63;66,45;6,56;0,8;14,78;10,07;34,73;4,12;15,88;99,91;22,29;90,74;93,04;69,29;3,31;354,11;23,26;2,91;62,54;4,05;0,61;0;46,4;7,05;7;9;234,33;43;3629,49;2072,41;4;17,12;0,3;1,13;0,67;0;;23,29;10,17;2,88;34,39;40,73;528,99
Saúde;BA;55,08;509,1;9692,08;60,56;57,68;46,98;71,32;63,68;81,24;26;64,28;57,52;52,02;56,91;47,37;49,27;68,87;22,41;89,67;1341,84;120,1;21,89;5,33;66,83;28,83;65,87;15,71;64,81;91,93;52,15;97,32;107,48;18,65;53,45;9,54;2,38;6,32;8,32;37,4;3,73;9,32;74,52;13,36;63,54;91,01;66,12;2,59;320,67;19,1;4,77;80,3;2,12;4,21;2,86;47,15;49,35;14;7;296;37;3536,61;1758,91;4;21,5;0,31;4,58;0,22;0,79;0;51,29;72,7;2;22,18;27,57;500,04
Seabra;BA;56,52;2402,17;12989,02;67,86;60,16;41,53;76,54;50,8;81,01;63,07;70,26;51,89;59,39;59,1;15,04;51,81;68,34;30,95;91,32;1348,49;112,45;16,97;4,06;45,65;1,7;57,08;7,19;43,02;82,84;74,29;97,18;19,45;4,23;16,9;50,26;0,83;7,63;9,38;34,45;5,19;5,07;52,55;9,27;65,22;92,51;70,63;2,48;296,13;12,23;11,27;88,89;4,1;4,49;7,37;49,99;21,15;3;0;128;60,5;697,13;988,51;4;16,11;0,29;1,5;0,15;0,35;0;73,53;27,4;9,45;31,64;42,71;550,87
Sebastião Laranjeiras;BA;57,66;1984,51;11240,99;76,97;51,41;44,59;76,51;75,56;87,69;68,14;68,6;29,5;56,95;50,58;12,82;51,78;85,53;28,22;99,01;745,08;122,34;24,58;3,76;78,84;2,13;96,95;3,79;56,57;96,36;77,69;98,75;0;10,79;13,35;10,68;1,07;9,07;9,77;31,67;5,12;7,45;41,92;0,17;35,85;48,81;71,61;2,59;312,3;16,39;13,35;90,29;0,53;12,92;13,89;54,61;27,52;4;0;72;86;1902,44;934,58;3;15,05;0,28;0,31;0,67;0,53;;25,91;0;0;29,7;41,22;509,93
Senador Pompeu;CE;57,06;956,88;14113,02;71,29;61,38;38,51;78,12;52,61;90,9;63,51;82,36;58,79;52,04;52,34;13,48;49,2;68,49;22,88;98,7;1154,43;120,91;19,15;3,64;71,36;36,47;41,6;50,35;63,64;97,56;89,02;97,06;45,05;2,01;22,25;22,25;0,32;1,43;5,32;12,42;5,56;0,97;91,16;12,59;51,61;91,5;71,22;2,36;412,55;25,75;10,71;78,3;1,69;9,64;12,78;51,9;39,13;3;0;93,5;76;995,46;780,14;2;16,68;0,29;0,45;0,36;0,62;0;51,52;111,42;0,3;23,51;29,23;511,69
Senador Sá;CE;58,43;424,64;8408,59;72,16;61,15;41,97;77,05;53,67;88,6;69,3;81,15;52,85;52,71;57,9;14,58;49,32;72,9;31,1;85,88;502,95;124,03;11,98;4,22;73,3;4,73;41,48;20,21;75,24;97,07;72,34;97,36;41,46;0;22,03;19,28;0,15;1,57;7,77;16,63;5,91;1,2;85,78;5,86;52,5;80,45;69,12;2,16;409,21;23,16;6,89;80;1,08;3,43;11,02;51,09;17,26;3;0;63,67;73,33;880,74;550,01;1;14,43;0,3;1,37;0,67;0,66;0;16,54;168,92;1,2;46,05;55,02;464,77
Senhor do Bonfim;BA;59,9;789,36;12901,1;72,07;59,57;48,04;72,29;88,61;95,03;32,36;62,5;68,69;50,96;56,13;41,51;54,97;63,61;32,08;79,95;655,66;144,77;17,07;4,4;90,95;81,24;96,26;22,8;84,36;96,72;92,67;99,06;116,6;13,88;51,82;13,15;2,8;5,42;11,75;39,3;3,73;7,65;92,42;18,41;85,35;94,91;71,36;3,27;421,16;20,07;9,39;65,48;2,27;2,02;0,67;53,06;48,11;9;8;110,2;52,6;2141,7;906,87;6;16,21;0,27;0,92;0,27;0,87;0;133,16;98,77;10,49;34,4;42,59;542,08
Sento Sé;BA;56,67;11980,17;43024,48;71,13;58,74;40,14;68,83;71,6;80,06;64,04;62,12;52,29;62,13;58,43;19,11;45,67;70,02;25,76;78,82;619,68;145,4;19,03;5,57;82,37;39,4;77,42;31,16;63,59;85,52;59,43;94,62;50,31;1,35;20,97;11,53;2,77;10,63;8,37;44,23;3,8;4,47;76,11;4,99;53,74;87,14;71,68;1,99;338,08;17,45;2,62;86,55;0,52;8,53;6,55;45,22;14,65;6;0;107;65;914,75;1398,84;2;23,63;0,3;0,97;0;0,86;0;109,34;12,4;0;29,98;39,06;491,98
Serra do Ramalho;BA;57,92;2340,68;11476,68;71,86;56,65;45,24;76,63;75,47;78,96;56,38;63,93;49,78;58,37;54,53;17,15;50,67;89,32;23,81;95,98;1091,21;116,94;14,6;4,87;93,82;2,3;91,89;24,56;26,48;93,97;60,28;98,46;52,83;1,98;23,38;19,29;0,98;14,42;10,1;38,53;4,33;3,38;70,72;6,59;40,26;91,11;71,51;2,49;312,16;17,5;9,94;82,9;2,52;11,32;6,72;46,18;48,25;5;0;169;40,5;2270,97;1945,85;4;19,53;0,31;4,7;0,15;0,99;0;0;8,09;1,82;26,73;34,62;471,48
Serra Dourada;BA;55,82;1592,24;11463,68;69,7;58,44;39,33;74,48;51,87;86,54;65,91;73,53;46,77;62,79;50,68;7,57;51,48;83,61;14,64;85,48;2549,16;117,42;11,23;4,51;60,81;3,08;57,27;32,15;34,65;95,53;87,71;97,91;29,63;4,01;16,41;11,72;1,62;5,37;5,12;22,18;4,31;3,02;51,33;8,96;42,62;92,12;71,48;1,87;308,35;13,79;9,38;92,1;1,92;18,75;4,1;52,38;37,48;1;0;119,5;47;3802,04;1565,28;3;13,85;0,29;0,78;0,55;0,47;0;36,07;0;0,36;15,66;19,08;488,21
Serra Preta;BA;55,91;595,3;7446,8;67,51;57,46;42,77;75,83;46,27;83,05;64,89;62,9;51,53;58,79;56,6;38,07;46,91;69,99;16,1;88,39;564,81;134,48;17,07;3,95;48,73;4,54;59,17;44,41;49,68;93,31;65,71;98,25;49,16;3,58;18,89;15,56;1,97;8,52;7,33;41,17;3,77;11,7;79,73;2,6;40,72;94,31;68,93;2,39;342,03;14,27;5,56;65,14;0,16;7,05;0,56;50,09;15,14;6;8;151,54;62,97;314,89;1164,71;1;17,58;0,31;0,41;0,18;0;0;43;42,98;1,79;15,44;19,62;485,79
Serra Talhada;PE;62,61;2980,01;17379,83;74,65;64,59;48,58;66,33;79,22;92,03;61,01;77,5;64,14;57,17;59,56;50,16;56,38;47,83;39,95;90,74;1245,63;178,59;15,09;7,29;70,19;82,66;100;42,52;68,07;96,79;91,22;97,7;39,26;2,57;25,16;25,59;0,3;1,28;7,27;18,47;4,93;4,88;82,89;18,56;74,49;94,26;72,97;2,28;455,46;18,88;6,51;81,37;1,57;8,5;3,14;42,92;22,06;9;11;106,75;57,2;1093,71;461,84;8;14,57;0,29;1,26;0,24;0,72;20,29;588,61;188,77;15,07;52,47;63,01;532,26
Serrinha;BA;57,76;583,31;12966,21;74,05;61,61;37,6;70,35;85,44;90,05;50,37;59,42;64,36;59,52;63,16;8,44;57,05;59,39;25,53;67,67;835,04;151,7;13,12;4,39;86,11;71,9;96,78;23,75;71,4;94,31;84,3;97,16;91,97;7,15;38,04;15,66;4,7;7,83;8,95;48,02;3,52;5,2;89,86;4,99;90,49;92,39;71,66;2,72;355,21;14,67;4,48;72,05;7,61;2,52;0,37;48,18;27,35;2;0;125,83;61,86;3047,8;1658,59;10;15,96;0,29;1,19;0,71;0,95;27,47;144,41;65,87;4,28;25,91;33,16;530,93
Serrita;PE;56,51;1535,19;8653,42;73,94;58,5;37,08;77,94;56,87;84,43;76,52;79,6;45,96;57,61;50,83;7,46;49,92;63,41;27,53;93,26;1151,48;97,02;11,72;4,92;43,01;48,49;60,38;15,09;41,16;93,14;78,58;97,23;5,73;0;4,39;5,49;0,75;0;3,95;21,28;4,6;0,43;56,23;9,36;28,64;95,31;70,62;2,51;372,54;12,61;9,61;81,9;0,53;13,73;30,76;50,43;35,14;2;0;55,5;87;2680,06;1072,49;3;15,61;0,3;0,28;0;0,83;0;123,29;111,38;1,8;36,3;49,68;480,08
Serrolândia;BA;57,25;322,02;8627,78;70,27;58,13;43,36;72,51;76,44;92,52;39,62;65,09;60,89;50,49;56,05;38,02;51,76;62,7;20,97;89,21;816,46;152,76;12,88;5,57;91,47;1,94;97,37;23,91;84,47;93,31;85,07;99,33;148,26;4,88;47,99;13,5;1,65;6,87;9,43;37,67;4,28;10,7;91,94;20,69;63,17;79,8;68,23;3,23;355,26;20,86;9,37;47,05;3,35;3,05;0,75;51,11;54,01;9;7;114,43;59,29;2055,31;1317,47;3;15,73;0,29;2,58;0,44;0,73;0;249,01;130,72;0,58;21,35;27,33;496,28
Sertânia;PE;54,81;2409,51;10799;66,67;60,75;37,01;71,47;50,29;87,3;57,63;77,11;53,44;55,31;57,15;18,85;50,98;50,9;27,31;86,42;1350,27;133,78;25,38;4,05;42,71;47,94;59,85;49,61;53,51;93,81;82,35;97,72;27,75;7,95;19,51;29,26;0,53;0,05;5,9;24,52;4,68;4,38;61,47;10,16;61,31;92,56;70,14;2,4;387,01;22,04;5,49;65,65;2,31;7,64;2,13;49,12;22,34;5;0;97,5;73;1591,43;355,39;5;18,27;0,29;0,22;0,15;0,93;65,36;261,24;112,66;3,78;29,7;36,66;515,56
Simões Filho;BA;55,09;201,53;52997,66;59,79;61,11;44,38;64,3;72,67;85,91;16,27;60,88;68,02;52,97;62,57;21,66;55,58;58,48;41,8;57,69;842,33;170,15;19,2;4,75;74,49;80,88;80,51;51,73;72,22;78,21;81,64;98,6;201,34;8,64;74,8;8,21;2,65;7,05;9,18;48,35;3,92;11,83;100;8,17;90,73;93,49;73,75;3,35;481,41;19,37;2,09;77,35;9,91;2,22;0;52,71;25,8;8;0;297,86;62,38;2560,6;1555,97;5;13,2;0,27;0,51;0;0,93;19,63;125,02;28,01;10,78;62,39;66,2;528,86
Sirinhaém;PE;55,6;374,32;18549,93;63,15;61,78;41,87;66,7;59,81;87,73;38,36;75,08;61,75;51,77;58,53;46,86;43,2;57,61;19,83;65,9;759,49;202,66;17,49;3,95;67,88;68,45;60,53;64,64;77,26;78,27;87,56;98;134,29;3,5;51,07;17,02;0,85;0,4;6,05;26,68;4,1;3,03;95,54;10,01;61,93;93,92;70,76;2,88;509,21;19,17;3,32;62,77;1,6;2,53;1,6;55,37;5,46;13;7;127,5;63,33;2281,27;818,82;0;22,84;0,32;1,34;0,31;0,64;166,67;45,12;53,13;4,16;21,4;28,3;482,69
Sítio do Mato;BA;52,62;1627,81;8673,77;68,96;55,63;33,27;72,79;60,78;84,51;57,77;65,43;42,25;65,78;49,06;7,06;43,2;77,2;5,62;86,57;976,85;139,67;16,69;4,84;84,11;28,15;67,51;67,51;55,41;89,99;75,6;96,4;41,7;7,67;22,37;23,87;2,57;8,15;6,98;39,58;3,75;3,38;42,48;0,17;43,13;92,68;71,46;1,83;297,07;16,13;2,49;70,36;0,72;12,68;17,15;55,64;36,76;0;0;169;40,5;2270,97;1945,85;2;21,68;0,34;0;0,44;0,77;0;18,41;19,85;1,87;4,99;5,59;441,96
Sítio do Quinto;BA;57,39;656,84;7248,79;75,11;55,35;41,71;74,71;76,12;84,76;64,87;56,14;51,58;60,76;52,94;5,55;47,37;90,08;23,85;87,96;2374,48;105,28;11,06;5,08;82,13;72,6;67,25;17;59,97;89,32;73,33;97,29;39,55;4,58;18,95;16,25;5,05;9,37;14,45;45,17;3,78;5,57;64;5,65;55,64;93;66,69;1,6;226,24;18,83;5,08;81,82;0,34;10,05;1,35;48,77;45,95;1;0;79;70,25;2926,73;1626,25;3;17,87;0,32;0,28;0,44;0,48;0;4,58;0;1,08;23,67;31,12;485,52
Sobradinho;BA;57,55;1355,97;31505,82;76,14;57,8;38,72;75,69;93,52;92,47;42,89;65,36;59,43;47,99;58,42;9,82;51,81;69,16;24,07;95,15;571,64;149,36;20,35;3,8;89,11;93,25;98,56;6,51;87,88;96,63;84,05;96,34;90,6;9,23;42,39;17,27;0,67;5,17;9,2;45,23;4,29;12,45;95,57;6,93;74,44;78,39;69,89;2,88;437,68;22,37;7,85;94,51;0,52;2,38;1,57;50,47;26,01;1;0;123;69;954,04;915,13;3;19,39;0,27;3,29;0;0,94;28,49;9,23;20,29;1,68;29,43;34,6;484,97
Sobral;CE;64,02;2068,47;25243,23;70,7;68,62;52,76;80,19;85,35;95,29;21,95;87,24;69,34;55,36;62,53;62,15;61,13;36,49;51,26;89,8;841,35;134,94;11,14;2,85;91,16;84,45;99,04;48,93;90,6;97,54;89,44;98,94;138,68;9,9;67,58;109,74;0,08;1,95;6,95;7,95;7,64;1,48;97,77;18,18;84,92;93,24;74,93;2,54;443,2;25,24;10,05;72,69;4,03;10,58;3,15;36,2;32,32;16;12;392,87;53,47;547,69;626,6;8;10,65;0,26;3,4;0,48;0,71;333,33;1256,16;184,36;41,09;76,93;86,27;538,93
Solidão;PE;56,84;138,6;10563,51;67,23;63,59;39,68;77,34;40,04;87,78;63,78;79,32;57,23;58,69;59,11;7,38;51,03;64,85;35,48;93,24;1048,5;109,68;15,01;4,43;29,82;37,51;36,3;31,49;36,79;94,81;90,25;99,4;0;13,05;23,99;6,4;0,22;0,38;8,1;17;5,47;4,45;89,71;11,63;44,21;93,85;70,27;2,18;407,95;18,93;6,4;43,55;0;9,82;21,11;40,1;19,03;1;0;117;63,67;2234,94;1364,57;3;14,07;0,3;0,4;0,89;0,41;0;180,11;181,16;1,35;41,78;58,96;500,13
Solonópole;CE;58,01;1535,86;16305,4;70,42;59,62;44;76,05;66,06;89,35;50,21;79,4;54,94;50,98;53,17;17;53,19;74,22;31,58;88,59;887,6;135,57;20,77;3,1;71,46;8,37;94,8;43,95;56,73;96,55;85,32;98,34;61,15;5,53;35,21;31,9;0,05;5,35;8,83;10,6;5,64;0,37;73,7;11,18;50,32;94,98;70,22;2,31;421,27;24,9;18,34;51,83;7,52;12,51;12,65;55,91;33,66;1;4;201;78,67;1006,07;1016,76;4;15,25;0,28;0,78;0,18;0,98;0;19,9;38,5;0,49;46,42;59,43;474,15
Souto Soares;BA;57,53;1026,63;7750,75;71,78;62,13;38,69;71,89;58,57;88,81;67,83;72,6;56,45;60,16;59,32;15,87;48,88;65,8;24,22;87,73;1784,72;109,37;23,77;4,62;77,88;7,15;54,22;26,16;48,15;93,33;91,99;98,08;22,31;3,9;11,72;12,9;0,23;4,77;10,12;21,08;5,04;9,35;81,17;8,14;56,88;92,54;69,03;2;333,46;14,64;8,8;64,62;1,22;4,71;9,97;44,97;26,22;5;0;130;41;4531,47;1937,17;2;19,95;0,29;1,52;0;0,38;0;112,37;48,05;0,42;29,31;38,15;472,83
Surubim;PE;62,43;253,3;13659,8;77,3;64,22;45,77;80,41;81,39;90,76;56,63;77,05;64,09;52,27;63,46;30,56;52,31;74,38;25,81;91,48;841,21;147,05;11,61;2,53;73,68;80,82;99,99;35,62;77,75;96,67;93,85;89,42;58,85;5,37;22,77;13,41;0,85;0,6;6,42;19,63;4,63;3,88;97,01;9,41;76,34;90,88;70,37;2,43;471,76;20,28;6,24;80,31;6,67;2,08;0,31;47,14;29,21;6;7;119,33;56,43;4110,63;1563,68;4;11,77;0,31;0,87;0,31;1;0;18,51;51,12;0,46;22,53;27,83;559,43
Tabira;PE;60,25;388,46;10903,03;74,95;61,81;44;76,53;78,8;92,42;52,04;78,69;56,7;54,14;57,72;23,53;52,53;77,62;22,32;89,75;646,83;165,95;13,43;3,47;74,95;81,65;96,92;47,79;76,9;97,56;98,69;90,55;59,18;7,06;33,96;7,23;0,45;0,53;6,67;17,87;5,17;5,03;88,86;17,99;35,8;91,56;71,19;2,55;467,83;15,41;6,5;89,97;1,88;7,6;4,7;45,15;32,74;9;0;117;63,67;2234,94;1364,57;5;15,89;0,29;0,36;0,91;0,61;0;24,01;25,76;2,96;19,9;28,52;527,87
Tabocas do Brejo Velho;BA;58,25;1437,19;21852,82;72,61;57,66;44,47;78,17;63,98;81,83;66,47;68,58;43,29;67,27;51,51;9,59;49,3;95,84;23,14;96,4;1618,4;86,9;18,38;4,12;71,22;3,6;85,95;35,45;32,12;94,81;70,16;97,5;45,03;4,31;15,03;16,7;1,58;9;6,8;33,12;4,14;2,6;43,22;0,81;47,69;91,64;70,82;1,6;261,59;12,28;8,35;72,67;2,33;34,96;34,23;47,09;22,87;2;0;119,5;47;3802,04;1565,28;1;15,12;0,29;0,97;0,22;0,79;0;0;0;0;30,09;37,31;489,24
Tabuleiro do Norte;CE;54,56;1047,64;14164,35;63,09;61,96;38,65;78,41;48,06;91,19;34,69;79,49;60,67;53,11;54,58;21,55;55,59;51,75;25,69;92,15;1513,18;116,33;17,7;3;61,79;11,46;50,06;49,94;65,73;96,87;87,71;98,38;132,97;7,48;60,03;25,45;0,92;2,13;6,27;18,98;5,61;1,82;85,74;16,98;58,58;92,82;72,43;2,9;397,11;26,03;8,48;58,33;3,78;8,17;2,28;52,46;35,87;8;0;100;74;1908,16;1077,7;5;11,33;0,28;1,29;0,46;0,91;357,14;122,11;87,85;4,18;25,59;34,24;527,69
Tacaimbó;PE;57,87;227,6;10523,77;71;58,83;43,77;81,02;63,27;91,19;48,53;69,42;51,98;57,14;56,77;29,17;47,52;74,41;23,98;92,5;567,08;113,55;14,48;2,93;50,2;54,33;74,44;23,09;55,81;97,62;95,59;96,56;81,74;3,77;39,31;30,57;1,02;0,33;9,57;33,32;4,02;9,83;78,04;17,15;46,53;75,15;69,86;2,72;309,5;13,67;10,19;79,35;2,78;4,95;1,46;49,95;36,83;6;5;170;71;1538,17;824,73;3;19,73;0,31;0,42;0,67;0,85;0;11,31;156,25;2,67;26,62;39,93;493,42
Tacaratu;PE;55,46;1264,53;10233,34;67,97;57,96;40,44;74,42;48,27;82,38;66,8;67,81;52,54;54,51;56,97;24,37;51,6;57,49;28,31;90,44;645,46;136,01;22,3;3,91;45,83;12,58;67,67;49,58;39,16;84,72;82,35;95,99;17,15;2,1;14,22;13,39;0,55;8,67;11,57;36,68;4,87;4,47;68,68;14,83;42,67;91,87;67,63;1,93;341,83;17,41;10,88;96,29;2,92;2,52;1,26;56,58;21,23;2;6;156,69;65,87;1042,54;781,26;6;17,59;0,3;0,15;0;0,81;8,25;134,7;112,99;2,27;35,81;48,3;492,5
Tamandaré;PE;58,45;213,75;16251,88;64,63;64,86;45,84;71,86;61,35;78,85;46,48;73,93;74,77;49,77;60,99;31,63;48,71;68,44;34,58;79,12;768,44;209,01;15,34;3,08;50,1;36;100;62,03;64,22;55,93;81,85;97,88;74,29;6,21;47,54;10,19;1,9;0,32;7,7;24,7;4,35;3,12;97,22;31,92;90,15;94,13;69,71;2,41;529,33;19,72;3,18;95,45;2,62;2,76;1,7;49,99;11,15;14;0;39;87,5;1865,65;609,9;5;21,31;0,31;1,52;0,18;0,73;0;48;58,84;8,9;52,78;58,64;494,74
Tamboril;CE;58,11;2014,54;11223,69;66,38;60,97;46,98;77,79;48,84;90,86;48,05;77,36;57,85;54,63;54,06;47,92;50,35;62,77;26,9;99;1087,27;139,01;22,15;2,94;65,4;13,51;35,7;29,38;54,96;97,98;91,15;98,42;67,87;8,02;26,6;37,07;0,4;3,1;8,75;27,43;5,8;1,23;83,07;12,05;54;93,87;71,71;2,97;409,51;15,24;8,06;81,53;1,88;6,15;39,09;50,09;32,99;7;11;88;61;475,33;378,25;3;16,68;0,3;1,83;0,18;0,76;5,76;94,64;38,44;6,53;34,25;44,37;491,96
Tanhaçu;BA;53,56;1277,52;11740,2;68,71;55,84;36,15;76,73;42,95;88,37;66,78;58;47,58;59,94;57,84;5,03;51,8;69,07;18,7;90,44;352,37;101,45;18,32;4,51;40,88;14,7;46,25;34,07;39,16;95,36;92,18;98,58;30,34;3,18;14,28;20,95;4,48;11,88;12,05;49,38;4,43;4,8;55,47;2,77;55,59;88,58;71,29;2,15;320,16;19,77;11,43;59,27;3,74;6,78;10;47,72;29,47;1;0;66,5;83;2974,9;1333,49;2;11,57;0,29;1,11;0,18;0,97;0;47,76;77,74;0,99;16,54;21,53;518,73
Tanque Novo;BA;61,3;729,52;10369,69;72,97;60,82;50,1;74,49;53,54;86,73;77,13;69,34;50,73;62,92;60,3;39,44;51,04;83,14;26,79;89,56;1279,53;128,64;10,38;5,44;53,1;16,67;61,26;26,78;44,86;90,69;87,86;98,05;8,15;0;2,91;9,33;4,98;3,65;5,03;36,27;4,95;4,25;63,52;10,68;55,1;84,39;71,67;1,89;333,78;14,4;8,74;79,81;3,72;4,5;9,33;45,18;30,08;11;7;116;71;3778,15;1544,31;2;11,14;0,3;0,9;0,55;0,61;0;2,9;25,66;0;30,15;39,4;544,41
Tanquinho;BA;52,77;243,84;8414,48;66,23;57,45;34,62;74,77;76,63;88,13;25,4;66,36;60,6;45,41;57,44;15,08;49,59;53,52;20,28;94,03;545,73;168,06;9,53;5,29;76,26;67,26;94,66;45,88;77,47;86,29;80,48;97,76;305,39;0;82,93;42,11;2,43;4,67;3,9;43,73;3,4;7,02;87,03;3,95;76,58;92,67;71,1;4,02;447,55;23,68;4,32;69,94;2,36;6,56;2,59;48,09;28,98;6;0;51;83,5;2442,63;1455,41;3;19,9;0,28;0;0,44;0,97;833,33;80,65;36,79;4,38;20,44;29,51;486,68
Taperoá;BA;48,39;454,08;12028,1;59,41;51,04;34,73;70,41;58,8;68,23;40,21;50,27;47,31;57,79;48,81;5,95;44,24;71,3;17,41;78,96;2363,71;125,52;16,59;4,79;48,49;60,44;51,95;10,74;49,02;71,67;53,47;81,57;99,72;3,68;46,55;8,87;4,13;16,88;15,23;49,48;3,85;12,17;56,9;6,63;41,48;92,92;70,22;2,71;303,83;19,59;6,93;55,87;2,19;12,69;4,43;56,19;50,03;1;0;112;81,5;2368,94;1346,71;3;20,83;0,35;1,12;0,18;0;0;33,15;38,1;1,52;19,84;28,86;458,57
Tapiramutá;BA;55,61;714,69;9227,83;71,71;61,06;34,07;78,29;69,69;79,17;59,69;72,49;57,3;59,45;55,01;10,32;47,32;55,07;23,58;87,3;1978,55;129,95;9,68;3,19;80,4;12,76;77,31;14,45;80,34;94,17;41,11;91,55;18,67;8,36;17,7;7,9;0,08;5,18;7,82;28,52;4,78;7,57;88,71;2,5;58,26;94,77;70,14;2,19;328,36;20,66;11,38;35,42;1,38;20,93;4,43;39,41;52,69;3;0;98;75;1954,17;1575,01;3;20,69;0,31;1,84;0,55;0,61;75,76;155,52;81,41;3,46;29,37;39,25;465,19
Taquaritinga do Norte;PE;56,47;475,18;13220,57;65,27;63,44;40,72;80,79;42,77;92,08;45,43;73,13;66,52;56,53;57,57;17,58;52,27;72,48;20,54;90,6;706,9;134,47;11,23;2,72;17,44;47;45,76;17,11;72,69;94,66;89,79;98,52;82,07;3,95;43,66;45,28;0,62;2,85;11,65;23,95;4,8;3,08;96,11;8,01;90,35;91,63;72,76;2,72;415,59;18,02;4,04;86,61;1,68;2,93;1,21;45,24;60,16;5;0;114;83;1350,08;528,66;4;14,88;0,29;0,42;0,18;0,77;0;23,72;54,24;0,34;23,25;31,44;493,55
Tarrafas;CE;57,59;412,72;11317,53;69,37;61,12;42,27;80,49;45,28;91,54;60,18;79,54;51,7;60,84;52,37;11,38;49,14;86,48;22,08;88,38;822,79;85,48;13,16;3,54;42,28;54,59;31,18;32,5;55,95;97,94;94,16;98,09;30,16;13,2;13,28;29,22;0,23;2,57;6,43;20,25;5,34;0,32;78,02;8,38;51,29;80,92;70,04;2,38;320,72;12,77;4,43;78,03;0,59;13,01;6,64;51,82;27,59;2;0;91;71;1458,24;676,45;2;17,11;0,29;0,18;0,22;0,59;0;10,56;0;0;24,03;29,51;488,96
Tauá;CE;59,38;4010,62;11159,17;71,81;62,79;43,55;77,82;52,59;90,98;65,83;80,36;58,88;57,24;54,68;38,07;56,38;48,64;31,11;93,58;1897,33;110,15;15,47;3,69;63,8;26,8;49,02;40,31;62,59;97,83;89,75;97,03;26,85;5,6;13,39;28,09;0,47;2,27;8,55;10,55;5,65;1,35;77,32;14,83;61,39;93,8;71,4;2,3;325,19;18,28;13,72;85,71;1,59;5,22;20,25;48,11;48,83;8;8;72,56;80;1574,95;758,13;9;15,42;0,29;1,07;0,13;0,44;150;184,24;157,98;3,97;38,54;49,29;515,19
Teixeira de Freitas;BA;57,84;1165,62;18892,73;65,05;63,26;45,2;65,02;80,22;94,18;20,79;65,39;68,01;53,99;65,67;25,83;54,67;58,18;42,13;64,87;501,67;159,1;11,08;6,84;81,74;84,18;83,32;31,57;96,48;94,75;83,89;99,22;170,77;8,51;63,76;25,34;1,48;8,13;11,22;34,82;4,37;7,35;94,64;14,06;85,99;94,98;73;3,16;440,46;20,29;4,96;66,2;5,89;5,26;1,17;40,98;10,32;5;4;110;65,64;842,52;1080,92;4;15,19;0,27;2,53;0,21;0,96;9,52;118,86;42,52;25,65;50,9;63,16;554,05
Tejuçuoca;CE;55,2;758,71;7828,66;68,61;59,2;37,79;82,98;45,48;85,31;60,66;75,06;50,29;55,97;55,49;7,58;50,98;64,72;27,9;99,56;345,66;113,24;15,06;2,78;67,34;6,33;28,82;33,51;51,46;91,28;79,85;96,44;56,87;0;26,82;16,32;0,38;3,88;9,08;21,83;5,06;4;72,61;2,65;43,87;93,28;69,54;1,9;359,8;21,37;9,33;83,98;0;3,16;21,57;53,62;19,4;1;0;75,6;87,83;1576,41;772,6;5;17,53;0,3;0;0,36;0,99;0;90,15;240,96;0;38,76;50,3;480,28
Teodoro Sampaio;BA;53,11;244,61;24469,21;68,42;54,46;36,46;71,85;70,03;87,84;43,96;56,31;50,61;55,09;55,84;19,12;48,19;57,19;21,35;100;289,97;147,17;20,24;6,25;77,17;22,9;83,84;26,61;73,84;90,33;87,43;91,3;77,59;9,07;36,57;30,94;3,72;6,62;12,03;56,43;3,62;11,08;56,77;10,97;51,66;92,51;71,41;2,55;397,69;26,24;4,69;52,16;1,96;9,88;0;51,21;16,32;3;5;149;77,5;2664,73;2515,59;1;18,04;0,29;0;0,44;0;;212,19;74,94;0;27,59;33,48;450,04
Teofilândia;BA;57,34;351,89;8822,12;72,69;59,84;39,48;71,75;76,94;85,41;56,67;66,35;55,38;58,02;59,6;12,33;50,59;66,31;28,69;72,59;438,32;129,42;17,4;4,38;76,12;52,24;90,39;23,28;61,72;92,95;68,69;98,71;71,39;6,2;22,67;17;2,1;7,37;7,35;39,87;3,87;3,5;92,92;1,9;53,74;87,77;69,22;2,46;284,23;16,25;5,9;86,82;1,72;4,08;0;46,36;27,95;4;0;152;57,5;3513,54;1914,4;3;15,25;0,3;1,02;0,55;0,64;0;126,44;105,32;0;27,89;40,12;567,11
Teolândia;BA;49,33;289,78;13716,21;55,27;51,5;41,22;69,02;44,69;73,45;33,91;57,25;43,23;58,69;46,82;20,12;41,22;74,88;28,65;90,32;2101,8;169,75;24,22;4,4;34,59;46,24;36,83;23,46;41,37;80,29;58,88;88,87;128,73;4,47;58,7;26,09;3,82;8,68;13,53;41,98;4,02;12,9;73,06;2,29;45,24;64,36;70,38;2,64;323,78;16,18;7,83;60,06;0,42;19,59;7,83;55,47;48,17;1;7;65;80;2711,75;961,89;2;21,31;0,37;0,3;0,22;0,87;0;24,16;20,81;3,21;35,45;52,68;480,61
Terezinha;PE;58,41;151,63;11108,36;72,7;58,13;44,41;76,57;50,25;91,68;72,29;75,01;56,4;48,84;52,26;18,98;45,96;58,84;53,85;94,24;1027,87;154,48;17,46;3,37;41,73;48,97;52,56;36,16;45,43;98,5;98,05;99,4;22,72;0;11,52;36,85;0,45;0,7;8,92;28,43;4,77;3,35;94,35;3,16;51,02;91,14;67,65;2,16;481,1;20,74;12,28;72,25;0;11,5;0;50,19;40,46;2;5;96;77,75;1806,61;1154,94;2;17,05;0,33;0;0,22;0,69;0;299,24;278,55;0;79,95;103,4;496,57
Terra Nova;BA;53,68;193,24;15554,87;61,81;56,04;43,18;72,01;74,47;85,44;15,34;59,73;62,31;45,51;56,61;29,02;49,45;72,96;21,29;96,15;214,59;145,77;21,19;5,73;73,1;84,91;73,78;30,83;88,37;87,29;63,64;96,35;220,86;10,58;85,2;11,58;1,95;7,32;7,68;65,48;3,87;10,32;97,88;8,5;61,6;96,11;67,02;3,76;363,07;18,8;6,95;75,67;4,23;5,22;0;55,61;17,82;3;10;149;77,5;2664,73;2515,59;2;20,76;0,27;0,92;0;0,81;0;31,75;21,56;0,78;26,49;34,8;468,99
Terra Nova;PE;60,59;318,71;10406,4;77,44;63,73;40,6;78,57;82,49;77,25;71,43;82,74;53,5;57,38;61,31;18,73;49,58;59,2;34,87;94,71;998,38;102,7;11,9;4,69;74,92;83,94;98,39;31,85;61,08;95,76;32,38;97,45;48,19;0;16,82;8,41;0,37;0,57;2,9;11,83;5,13;2,23;70,69;5,45;52,53;97,27;69,43;1,86;419,24;18,08;11,21;52,34;0;4,23;1,12;42,34;21,15;1;5;124;66;1845,43;865,21;2;16,19;0,3;0,95;0,22;0,91;0;284,86;254,36;2,03;41,38;55,68;504,45
Tianguá;CE;58,84;909,85;20262,36;68,86;65,98;41,68;80,23;62,33;87,39;45,47;80,94;64,21;54,42;64,36;14,23;55,18;64,67;32,62;92,46;1073,03;178,57;12,62;1,62;79,13;45,18;53,77;40,22;61,65;93,6;82,52;95,14;71,5;11,69;32,88;28,22;0,43;1,9;7,4;10,25;5,47;1,1;95,32;13,86;71,79;91,16;71,07;2,61;473,49;12,49;11,04;77,8;3,38;3,37;3,56;42,75;12,11;3;0;94;78,57;887,09;602,65;7;13,69;0,29;0,79;0,24;0,64;0;81,32;119,65;9,45;44,6;54,81;504,34
Timbaúba;PE;58,56;287,68;15807,82;71,06;62,77;41,85;77,74;73,14;93,78;39,57;78,77;66,35;46,04;59,91;24,1;53,26;62,29;27,75;89,21;699,91;175,51;9,95;3,12;75,59;52,99;95,08;52,15;88,17;92,55;89,7;99,07;108,02;5,15;48,11;7,37;0,3;0,47;6,1;18,38;4,8;3,27;99,7;13,7;76,92;91,62;71,14;3,13;527,48;24,37;6,5;78,62;4,77;2,45;0,65;52,88;21,62;9;0;130;83,25;1752,21;798,83;4;16,93;0,27;2,12;0,46;0,58;0;197,79;146,54;6,78;31,37;37,01;536,26
Toritama;PE;58,18;25,7;17649,5;69,02;64,23;41,3;72,96;56,7;94,6;51,81;67,72;67,17;59,06;62,98;22,4;47,43;70,19;25,16;75,21;591,63;169,74;13,38;3,59;24,9;73,96;82,34;41,56;90,97;93,94;89,32;99,54;75,16;4,7;34,52;11,67;1,98;5,28;10,87;24,15;3,97;6,12;100;10,94;80,97;94,67;72,83;2,24;454,52;18,03;3,04;74,74;6,11;1,15;0;49,4;32,1;8;0;90,5;75,33;2465,42;598,68;2;18,7;0,3;0,28;0,15;0,56;0;64,81;27,61;1,05;31,18;37,43;507,36
Tracunhaém;PE;58,69;137,32;12360,75;70,05;65,55;40,46;74,38;65,28;91,51;49,02;79,46;62;57,5;63,23;15,41;52,29;75,42;18,73;91,09;782,17;188,97;16,45;3,45;70,79;28,73;78,33;36,13;80,14;87,58;90,08;99,06;96,22;0;38,94;10,1;0,33;0;5,08;17,6;4,78;3,77;98,22;5,74;66,57;93,92;71,58;3,03;465,4;16,67;0;33,33;4,55;1,9;6,49;49,99;6,07;5;0;138;88,67;1571,28;981,06;4;18,74;0,28;3,37;0,44;0,29;0;19,71;28,86;2,36;16,88;22,68;502,3
Trairi;CE;50,15;928,73;18260,04;54,57;60,51;35,37;78,26;25,79;81,69;32,55;80,95;54,25;56,04;50,82;18;49,02;52,35;22,1;82,55;580,88;120,71;12,71;3,27;25,87;7,02;16,17;41,18;56,93;90,69;64,21;94,82;132,27;9,68;51,36;22,25;0,15;2,1;6,18;12,58;5,31;1,37;80,34;5,55;51,27;92,3;69,34;2,65;396,55;14,83;3,08;73,26;1,82;6,59;3,25;59,75;32,18;5;0;97,5;69,67;1247,57;654,63;2;15,22;0,3;0,29;0,4;0,85;104,17;134,14;176,47;2,56;25,38;33,14;486,71
Tremedal;BA;50,93;2017,66;8071,01;64,75;49,56;38,48;74,74;33,69;75,28;75,31;62,11;32,86;57,49;45,76;13,93;48,22;76,75;15,02;93,88;746,78;138,98;13,18;5,36;28,09;5,82;27,67;20,61;21,43;82,57;60,34;98,27;23,62;0;7,36;11,05;3,63;7,38;8,43;51;4,29;6,6;38,69;6,22;25,8;65,77;69,94;2,14;389,94;17,55;10,74;57,14;1,86;20,52;100,64;54,39;24,42;3;0;186;62;1773,79;755,96;1;13,2;0,32;1,88;0,36;0,51;0;17,32;19,05;2,59;11,71;13,75;486,7
Trindade;PE;56,02;295,76;13154,74;72,44;62,56;33,06;71,12;71,72;85,34;61,58;75,27;59,75;53,56;61,67;9,72;46,5;51,76;24,25;89,79;1090,25;175,01;21,93;4,16;66,24;32,99;97,71;29,06;65,5;91,36;70,02;97,48;30,45;3,23;23,75;26,38;0,62;2,43;9,03;21,2;4,83;3,47;91,79;9,85;64,81;87,34;71,05;2,83;466,21;13,31;9,89;75,76;2,71;4,08;5,61;42,21;30,81;1;0;78,5;68;1807,1;522,91;4;22,38;0,32;0,38;0,31;0,97;65,79;264,82;123,14;1,28;28,55;37,88;508,39
Triunfo;PE;59,2;191,52;10468,02;72,3;62,96;42,35;77,77;45,89;91,69;73,87;81,31;56,83;56,16;57,56;13,16;57,32;64,22;34,68;93,59;1135,06;160,63;13,63;3,12;35,67;16,41;56,58;27,13;49,4;97,44;97,88;98,86;10,62;0;10,88;16,32;0,2;1,77;6,25;16,22;5,75;1,92;88,29;0,55;62,39;92,31;74;2,41;454,86;20,35;10,2;79,79;0,72;6,93;2,72;49,1;13,13;4;0;134;79,67;2280,67;981,71;8;12,14;0,29;1,17;0;0,83;0;94,04;125;0,98;40,27;53,13;522,29
Tucano;BA;55,49;2198,24;10772,27;69,71;58,3;38,46;78,08;60,94;87,14;52,7;64,04;53,51;58,45;57,19;6,32;51,24;65,54;30,74;89,33;754,9;113,28;15,89;3,64;62,21;62,48;53,55;30,01;58,5;94,16;77,06;98,5;76,96;2,71;29,14;27,91;3,77;5,05;7,13;40,58;4,1;10,37;59,96;11,93;63,06;90,61;67,69;2,17;310,58;18,56;5,33;53,32;2,74;7,15;1,03;45,84;42,33;1;0;72;85;1432,74;1417,91;5;16,06;0,31;0,89;0,31;0,88;0;95,99;105,2;5,76;35,45;44,98;531,89
Tupanatinga;PE;57,28;847,75;8470,81;69,39;60,52;41,93;76,5;50,28;83,34;67,46;74,57;43,87;63,37;60,26;24,12;43,98;70,97;28,64;93,82;673,8;109,43;21,75;4,05;43,94;49,26;48,94;34,25;33,72;91,87;84,43;94,28;19,41;1,83;12,62;12,99;1,1;0;6,62;31,22;4,65;5,2;53,6;6,09;29,74;92,55;69,82;1,52;289,99;16,73;5,57;86,3;7,03;5,01;1,86;49,93;25,06;7;0;102;35;2606,15;670,24;2;19,48;0,34;0,04;0,55;0,61;0;78,97;34,05;0,87;32,49;45,08;498,9
Tuparetama;PE;59,55;188,43;10880,96;79,26;59,5;39,9;71,96;78,93;95,51;70,65;77,86;59,9;45,49;54,74;14,56;53,15;65,57;26,31;94,2;674,72;144,48;28,62;4,21;72,87;71,29;100;39,39;73,42;98,21;98,98;99,33;31,63;0;18,74;14,99;0,47;2,08;7,83;23,63;5,58;3,08;82,17;8,32;69,32;94,9;69,95;2,94;512,33;24,7;3,12;97,57;3,21;10,94;5;50;33,34;1;0;217;32;785,67;967,9;5;15,93;0,29;2,69;0,67;0,55;0;300,46;48,36;1,24;23,8;32;533,74
Tururu;CE;57,88;201,27;8998,32;65,36;62,74;45,54;73,33;47,29;77,13;63,67;81,24;60,69;52,02;57;23,71;48,18;80,57;29,71;78,13;654,57;143,24;21,39;3,13;82,17;2,66;28,16;47,82;8,83;91,54;70,17;95,5;58,76;0;19,47;7,79;0,27;1,72;6,2;12,78;5,36;0,87;97,75;4,71;61,83;94,29;70,57;2,71;464,93;18,58;6,49;79,49;0,08;2,13;5,19;53;25,84;1;8;128,5;72,33;1973,44;991,15;2;16,32;0,31;0;0,55;0,91;0;6,53;25,8;2,78;43,99;55,11;458,1
Uauá;BA;54,41;3060,12;9307,34;67,14;55,92;40,17;76,18;48,12;86,6;57,65;64,71;44,02;62,27;52,68;25,8;51,4;64,34;19,12;88,77;1184,8;103,23;21,92;3,55;44,76;16,57;57,97;34,9;47,09;90,76;85,45;98,33;59,87;2,05;20,27;18,65;3,25;6,63;9,5;34,82;4,42;8,98;40,94;1,6;49,04;94,53;69,84;2,08;314,14;14,61;8,92;51,72;0,57;5,5;0,41;53,88;42,99;11;0;108;74;2192,58;1989,23;2;16,35;0,29;4,51;0;0,92;0;145,69;69,93;0,48;20,02;27,78;501,42
Ubaíra;BA;57,18;659,08;12052,22;66,67;54,4;50,46;70,47;51,08;82,28;62,85;65,35;43,33;56,25;52,67;40,21;50,2;75,93;35,5;94,51;2413,97;163,1;20,76;4,68;43,53;60,07;46,4;34,07;55,96;86,34;68,62;97,03;58,19;0;21,48;9,66;2,37;4,58;6,63;45,53;4,04;9,72;60,01;6,02;41,09;75,46;70,54;2,49;411,94;19,74;5,37;56,35;4,6;17,4;1,07;53,78;29,3;11;7;69;87;1311,81;1525,69;4;17,58;0,3;0,22;0,18;0,78;0;23,61;15,27;0;47,16;63,93;485,6
Ubaitaba;BA;52,72;181,1;13733,92;62,44;56,12;39,59;60,76;83,2;89,15;16,67;58,78;64,81;42,55;58,35;5,84;49,44;70,67;32,44;84,21;4650,99;212,24;26,98;4,71;82,39;92,83;86,16;28,84;81,77;82,61;88,15;96,82;197,25;8,21;73,82;14,78;4,3;6,75;8,9;47,4;4;14,62;95,31;8,46;78,45;94,69;71,04;4,4;507,72;21,39;4,26;69,02;1,64;2,83;0;50,91;26,84;1;0;175,33;74,67;2920,25;1602,68;4;22,02;0,28;0,39;0,55;0;39,06;10,95;10,88;6,08;43,66;53,97;502,33
Ubajara;CE;58,95;423,67;18848,59;67,25;65,01;44,58;79,76;53,62;89,6;46,03;81,15;63,79;53,97;61,12;17,72;54,8;76,27;29,52;95,03;1088,2;135,32;13,98;2,98;67;37,26;40,24;34,66;67,43;91,04;87,09;97,94;93,1;6,03;32,35;19,53;0,08;2,4;8,25;11,75;5,92;2,02;97,8;16,15;63,45;91,19;71,14;2,8;423,61;15,5;11,6;72,67;2,49;2,74;7,93;47,88;16,52;4;0;102;64;880,97;536,9;6;14,33;0,29;1,51;0,46;0,81;0;15,69;38,88;0,67;36,81;48,98;508,45
Ubatã;BA;54,24;177,64;14013,59;65,77;55,77;41,19;75;79,15;93,58;15,34;55,21;60,79;49,09;58;11,88;48,6;85,88;18,42;88,34;854,64;152,5;15,15;3,99;85,37;86,8;70,78;25,02;92,47;93,1;86,09;98,84;260,59;9,03;80,69;14,91;5,05;11,43;9,5;50,85;3,51;8,8;79,39;3,13;84,41;95,03;72,29;4,75;398,76;14,35;2,07;72,53;5,25;5,14;0,62;53,19;21,6;4;0;150,5;83;2281,11;1514,35;1;18,66;0,28;0,14;0;0,74;0;8,02;0;3,83;24,19;29,42;470,69
Uibaí;BA;59,98;545,3;12764,91;76,16;55,79;48;72,81;76,84;91,33;63,69;57,24;56,59;51,13;58,18;30,45;51,85;89,13;20,56;84,9;1004,5;164,51;10,44;4,97;94,19;5,03;98;30,75;97,76;96,06;72,07;97,5;17,94;3,76;18,61;27,92;1,27;16,8;12,13;52,38;4,27;7,9;84,44;10,18;45,56;96,79;70,46;3,19;420,84;17,47;13,4;54,44;0,64;3,25;2,98;51,88;13,91;2;10;134,43;55,14;2440,11;1098,01;3;15,55;0,29;2,81;0,22;0,92;0;5,02;0;0,84;16,81;18,84;512,84
Umari;CE;59,74;263,18;10002,56;71,75;57,93;49,55;76,41;46;89,24;75,34;72,36;55,06;54,75;49,56;22,8;50,44;86,68;38,27;95,37;1127,59;147,81;7,58;5,17;49,56;24,72;36,36;25,45;59,52;95,14;89,7;95,37;33,13;0;7,28;20,38;0,77;2,27;11,42;33,9;4,89;1,53;93,73;9,26;47,9;81,51;71,65;2,14;446,38;19,26;10,92;87,5;0;9,93;13,1;54,52;43,18;4;4;89;62;1857,96;894,93;3;16,69;0,29;0,98;0,67;0,69;0;0;51,52;2,66;54,33;66,7;486,89
Umburanas;BA;54,66;1775,63;19072,62;66,11;50,48;47,4;74,29;46,03;87,99;56,13;53,95;35,45;58,28;54,25;29,99;44,56;80,15;34,91;86,28;248,95;101,95;24,85;4,26;50,47;7,65;49,01;34,13;57,04;91,7;85,58;97,78;38,92;14,97;26,39;9,16;4,87;10,52;13,22;42,7;3,7;14,3;52,56;6,54;63,09;32,7;67,31;2,38;297,79;14,14;7,33;59,23;0,5;5,14;9,53;53,69;26,27;6;6;114,43;59,29;2055,31;1317,47;2;25,01;0,31;1,52;0,22;0,93;0;7,48;15,98;0;41,31;55,07;481,82
Umirim;CE;54,98;315,65;9776,37;63,6;60,53;40,82;72,63;52,46;84,04;45,25;72,86;61,14;49,52;58,62;15,36;50,16;70,25;27,49;83,3;604,3;168,42;21,18;3,38;76,7;9,62;45,57;44,95;61,11;92,29;71,84;93,85;70,04;11,61;36,63;18,32;0,35;2,53;10,02;25,95;4,84;7,6;96,67;3,75;68,49;92,83;70,07;2,69;472,84;20,11;10,02;80,93;0;4,59;9,16;47,06;17,71;4;0;109;70;1153,42;901,06;4;17,83;0,3;1,27;0,18;0,45;0;41,78;50,2;0,92;40,85;52,25;453,48
Una;BA;48,58;1126,73;18440,93;57,86;51,08;36,79;69,41;60,67;80,66;20,7;61,17;50,13;43,49;49,54;7,89;47,02;61,65;30,59;89,74;869,43;236,15;19,38;3,89;66,23;32,56;64,49;32,14;70,88;71,27;77,62;92,39;183,78;11,05;63,98;12,13;2,9;6,88;9,33;51,35;4,25;10,88;57,6;6,98;62,66;85,82;67,61;3,53;461,57;20,87;7,72;72,01;2,3;119,68;6,07;44,55;27,2;3;0;63;90;3232,78;1627,59;4;23,46;0,31;0,72;0,55;0;8,43;139,29;44,16;3,74;43,03;56,17;478,54
Urandi;BA;59,11;902,4;12746,1;78,52;58,19;40,62;81,15;77,37;80,57;74,99;72,9;40,3;62,21;57,35;7,44;52,9;77,13;25,01;87,11;1435,09;86,86;7,36;3,62;86,44;36,66;79,06;7,51;49,52;94,37;87,09;78,08;22,41;0;8,14;18,24;1,07;4,97;6,93;31,77;4,98;4,38;55,29;4,94;41,94;68,44;70,95;1,73;310,46;15,57;10,42;85,61;1,51;6,91;9,77;47,4;23,93;2;0;63,5;87,5;1882,54;1464,88;3;10,87;0,3;1,43;0,18;0,88;0;13,04;21,87;0,43;23,87;30,71;499,68
Uruburetama;CE;58,79;99,4;14176,43;69,86;63,91;42,61;75,57;53,51;87,06;63,3;82,58;59,09;49,37;64,61;11,91;56,78;69,29;32,45;91;715,34;165,11;18,79;3,2;67,85;10,24;56,43;41,45;79,43;94,32;74,08;92,65;39,15;3,28;22,78;8,92;0,35;0,85;4,37;11,52;5,22;0,6;98,14;2,82;56,15;94,54;70,57;2,58;509,99;21,48;9,91;75;0,44;1,81;0,5;44,34;3,41;3;0;128,5;72,33;1973,44;991,15;3;17,39;0,29;15,25;0,36;0;0;59,08;54,47;0,56;42,17;53,86;501,26
Uruçuca;BA;55,29;510,1;13475,38;70,5;57,05;38,32;69,57;85,05;90,83;36,54;54,18;61,75;50,59;61,68;21,38;45,93;70,18;15,78;75,84;664,92;154,82;22,61;4,13;84,5;95,04;83,17;19,36;80,88;89,28;91,97;94,7;120,33;3,07;52,29;28,94;3,93;11,27;14,18;51,2;3,47;7,43;88,73;2,8;80,33;94,01;70,45;3,37;454,29;18,1;1,56;75,74;2,54;3,07;0;47,41;14,85;7;0;33;88,5;857,69;521,14;4;23,44;0,32;1,07;0,18;0,53;27,78;22,11;4,57;3,25;14,17;18,03;509,32
Uruoca;CE;57,03;697,68;21089,93;70,29;60,95;39,87;78,53;53,93;82,01;66,67;77,27;53,19;56,81;56,51;9,36;51,54;70,08;28,49;94,29;487,12;119,89;19,88;3,29;67,31;40,59;34,69;26,79;21,75;95,58;76,79;97,07;36,1;3,68;14,55;16;0,1;3,95;10,37;26,58;6,3;2,75;82,12;6,47;44,14;91,19;69,7;2,07;369,66;21,63;11,64;48,17;0;5,46;23,28;50,59;9,02;1;0;70;69;1075,57;852,37;4;18,04;0,29;2,12;0,44;0,61;0;29,42;144,72;1,23;39,24;54,99;464,22
Utinga;BA;55,06;633,76;11223,03;69,36;55,26;40,56;75,38;67,93;88,97;45,16;64,81;54,11;44,9;57,23;9,87;52,02;73,88;26,46;88,36;1182,15;143,35;14,81;3,93;84,17;4,72;71,29;14,01;82,13;93,97;79,57;93,66;66,58;9,14;36,86;19,66;1,93;10;9,28;37,13;4,26;5,88;73,85;13,22;44,04;94,18;67,38;3,39;430,53;16,31;12,29;82,28;2,07;4,97;3,07;47,55;39,67;4;0;67;91;2596,93;2224,61;7;19,98;0,3;1,68;0;0,88;0;9,14;76,85;1,57;29,09;36,3;516,07
Valença;BA;54,63;1123,97;19475,51;62,6;58,05;43,24;68,06;72,42;82,27;27,64;58,2;60,61;56,34;57,04;30;52,22;63,26;27,47;64,53;934,51;135,61;20,44;4,36;69,58;82,5;85,75;54,13;65,73;81,01;72,22;95,04;166,99;5,41;60,94;16,58;4,45;7,77;9,92;49,82;3,82;9,65;75,94;13,46;76,32;91,45;71,65;2,98;331,16;19,04;6,77;72,27;3,56;6,2;1,28;47,99;41,44;3;8;91,5;60,17;1928,02;567,5;7;17,47;0,3;0,28;0,27;0,94;0;147,31;79,64;14,88;28,48;33,66;542,73
Valente;BA;62,06;394,88;10780,51;76,11;63,13;46,95;78,18;78,89;91,19;56,2;69,54;61,97;56,26;64,73;25,24;55,67;79,94;26,94;94,43;855,21;103,05;19,04;3,82;85,91;52,91;86,32;24,88;89,6;89,87;80,48;99,13;82,91;1,99;23,81;14,78;2,9;6,62;5,68;26,82;4,38;6,02;95,43;5,52;71,82;92,37;68,75;2,37;331,84;16,34;9,85;73,86;5,19;2,26;0;39,62;44,21;10;0;17;96;684,29;1126,79;4;13,47;0,26;2,31;0,18;0,78;0;9,57;10,63;0,62;26,17;34,41;527,15
Varjota;CE;58,79;179,24;20287,38;70,72;61,13;44,53;82,1;72,5;95,49;32,77;77,61;62,95;44,03;59,93;32,94;50,56;55,5;39,11;98,63;942,97;120,02;7,61;3,72;79,01;87,11;61,17;33,16;89,53;97,83;90,5;99,01;146,3;13,65;50,81;25,41;0,57;3,78;10,17;19,35;5,75;0,27;97,06;5,77;71,57;94,66;68,65;3,16;466,67;22,23;14,36;72,6;1,49;2,19;8,84;47,43;29,71;1;11;95;61;1012,94;626,86;3;16,83;0,29;1,15;0,91;0,65;227,27;58,96;200,27;2,8;54,58;71,98;484,98
Várzea Alegre;CE;59,24;829,98;11565,04;72,73;63,28;41,7;74,53;56,51;91,45;68,43;80,26;61,94;55,56;55,36;34,64;53,77;46,65;31,73;80,26;2075,2;109,09;12,49;4,25;71,43;30,79;51,85;41,72;66;96,57;88,99;98,37;32,03;3,33;10,26;19,5;0,13;1,6;7,2;13,45;5,16;0,9;90,1;17,48;58,66;93,2;70,54;2,04;384,45;22,86;10,26;72,99;1,08;4,69;2,05;51,59;34,94;13;0;112;62;1517,77;611,16;5;14,11;0,29;2,12;0,46;0,79;1666,67;136,93;125,25;2,81;42,9;57,28;495,47
Várzea da Roça;BA;52,83;468,41;7915,12;64,88;55,42;38,19;75,95;77,72;90,51;15,34;55,08;53,77;55,72;57,09;12,1;50,03;65,2;25,44;87,66;452,18;120,07;21,1;3,64;74,55;72,54;83,17;21,12;74,09;94,64;84,82;96,9;240,38;8,59;85,53;9,06;5,27;12,38;11,95;41,47;3,77;9,8;87,42;6,31;40,56;91,72;71,5;3,75;279,66;16,07;9,06;54,6;1,16;5,11;2,17;49,38;27,26;4;0;106;67;2987,83;1578,63;1;16,2;0,3;4,32;0,22;0,94;0;88,77;152,16;0,45;22,66;32,2;498,8
Várzea do Poço;BA;57,48;206,48;14026,27;73,96;61,29;37,2;71,91;80,75;92,12;51,07;63,06;68,17;56,45;57,47;4,03;52,38;73,81;18,58;88,95;2281,67;86,21;27,35;4,51;79,91;97,5;80,89;32,55;84,86;96,02;81,25;98,58;122,17;0;33,95;12,34;3,72;6,22;8,4;42,38;3,73;5,57;99,24;11,49;90,15;91,18;67,43;2,51;237,22;18,87;17,28;36,84;8,03;4,97;1,23;51,91;47,25;0;0;106;67;2987,83;1578,63;4;14,25;0,29;1,12;0,44;0,46;0;42,51;22,54;0;25,42;32,08;486,64
Várzea Nova;BA;54,79;1225,89;16870,15;68,87;55,2;40,31;75,38;74,48;88,56;37,05;59,01;54,5;47,58;59,73;20,05;51,78;73,65;15,75;91,7;491,47;152,21;17,75;3,96;72,26;63,22;80,09;21,17;73,76;92,75;80,57;95,73;96,85;14,9;40,37;16,45;3,12;9,42;14,75;43,88;4,06;5,73;69,74;6;60,42;94,97;66,12;3,07;374,34;19,12;11,96;56,25;3,23;4,33;5,23;44,67;38,47;5;2;114,43;59,29;2055,31;1317,47;4;17,43;0,29;1,98;0;0,56;0;35,76;12,92;0,49;14,47;17,03;487,67
Varzedo;BA;57,03;221,4;13233,73;72,04;57,88;41,18;69,23;59,72;85,85;73,36;65,52;54,98;53,23;57,8;8,02;52,26;90,27;14,17;74,75;842,52;162,26;15,18;5,01;88,19;26,55;39,47;31,04;38,65;86,75;91,53;98,39;37,83;0;12,11;10,09;1,63;9,22;5,73;37,52;4,09;10,83;87,34;5,39;50,28;89,8;70,18;2,33;371,33;22,63;10,09;85,78;5,68;9,44;0;52,19;13,28;1;0;92;72,43;1817,92;912,52;3;12,67;0,29;0,8;0,44;0,92;0;0;10,82;0;18,64;24,66;473,13
Venturosa;PE;55,71;319,1;14149,28;68,67;61,66;36,79;77,38;57,62;93,68;46;78,94;62,64;50,48;54,59;22,17;48,97;53,71;22,32;83,77;927,71;162,51;9,11;3,08;53,84;71,08;56,96;45,68;64,63;98,25;95,83;99,45;92,08;2,83;48,69;18,55;0,28;0,43;5,92;19,28;4,84;3,02;79,21;13,87;77,6;94,9;70,04;2,8;483,79;19,86;3,86;78,86;1,1;6,37;0;52,09;32,27;5;4;146;85;2832;1055,57;2;17,37;0,29;0,13;0,18;0,58;64,1;190,07;71,38;0;26,85;32,2;504,12
Vera Cruz;BA;51,82;297,54;13498,49;61,02;58,05;36,39;69,75;78,59;80,42;15,34;57,16;64,7;49,35;60,98;12,8;52,3;63,15;17,31;66,03;743,25;157,62;16,1;3,95;83,13;70,12;97,79;56,22;76,31;82,26;81,94;79,67;261,42;11,84;96,77;21,16;2,28;6,02;10,58;56,75;3,84;18,78;99,99;1,42;90,78;88,58;74,02;4,57;364,26;21,49;2,94;78,94;4,14;1,21;0,47;54,44;15,67;3;0;218,5;74,33;2142,38;724,46;3;15,94;0,29;3,71;0;0,83;0;146,66;99,61;1,28;17,9;21,15;484,55
Verdejante;PE;59,63;476,04;8604,79;71,03;59,14;48,72;71,88;69,15;86,57;56,51;74,36;48,04;57,5;56,65;46,47;50;67,52;30,88;81,87;1113,69;149,91;20,2;3,92;63,36;39,35;99,9;47,15;49,86;95,1;82,06;96,37;46,25;14,36;25,45;16,36;0,68;3,4;6,6;20,07;4,09;3,73;60,56;10,01;32,53;95,61;70,62;2,22;458,86;17,12;8,73;42,86;0,57;3,59;2,18;52,82;21,27;7;10;99,5;54;529,81;374,78;3;18,66;0,28;0;0,22;0,65;0;60,32;97,47;0,74;41,46;57,53;476,4
Vereda;BA;52,95;782,16;15133,98;65,81;51,66;41,38;73,07;67,7;84,28;38,19;69,4;32,62;54,38;50,22;33,06;47,61;58,74;26,13;85,64;1257,59;137,92;14,7;4,82;78,53;64,2;48,13;16,08;82,19;74,34;74,28;97,89;80,84;17,34;39,98;4,16;2,22;6,8;8;38,65;4,77;0,9;27,43;0,63;35,6;73,97;71,6;3,53;344,6;18,19;4,16;68,46;0,03;29,25;14,99;51,38;17,78;7;7;203;69,5;1890,68;1692,59;1;19,82;0,29;1,31;0,22;0,9;0;263,61;332,78;2,07;37,9;46,87;480,52
Vertente do Lério;PE;56,4;73,63;9586,31;66,65;59,13;43,43;80,65;31,19;88,63;66,13;78,37;55,6;50;52,56;18,72;45,45;80,84;28,72;96,68;734,36;152,76;12,99;2,64;4,88;13,44;39,19;16,3;39,18;95,98;96,05;96,48;45,15;0;29,77;6,62;0,97;0;4,18;26,12;4,7;1,25;98,45;1,81;39,3;95,39;68,54;2,55;510,39;12,78;6,62;100;1,6;2,19;0;52,6;79,03;7;0;119,33;56,43;4110,63;1563,68;2;14,62;0,35;0;0,22;0,81;0;52,66;0;0,79;36,15;50,41;491,76
Vertentes;PE;57,01;196,32;8535,44;66,17;60,91;43,97;71,82;51,43;91,52;49,91;76,52;52,94;53,96;60,21;24,42;47,73;74,95;28,76;55,77;1019,1;135,1;13,1;2,86;29,08;40,89;72,33;32,51;75,94;91,61;87,49;99,38;91,53;4,5;39,16;20,04;3,12;0;4,62;13,5;4,22;1,72;91,71;4,67;31,1;94,22;68,69;2,56;425,72;14,86;4,55;78,8;5,74;1,92;0,46;46,69;59,04;3;5;154;56,67;1988,13;628,2;1;16,11;0,31;0,51;0,91;0,31;0;20,23;90,74;0;29,41;39,24;542,89
Vicência;PE;57,67;227,91;19167,59;65,04;60,13;47,85;78,27;56,14;91,34;34,41;75,03;59,57;46,88;59,03;29,66;50,16;71,57;40,02;90,95;695,22;171,47;12,83;2,72;72,54;45,43;54,81;63,9;69,89;93,23;90,44;98,15;114,56;2,45;60,7;9,86;0,4;0,03;7,65;25,52;4,16;3,63;99,66;2,52;63,06;89,81;70,26;3,3;500,06;20,95;7,59;68,83;2,7;3,39;2,28;50,34;22,9;4;6;91;67;1885,6;252,82;3;16,87;0,29;0,45;0,36;0,85;0;42,65;50,43;0,33;56,34;69,58;494,4
Viçosa do Ceará;CE;55,74;1310,91;9706,68;65,08;62,19;39,96;75,2;41,83;76,84;66,46;80,11;54,62;52,12;61,92;15,8;51,02;70,09;22,94;81,24;725,21;173,42;12,59;3,12;41,97;44,36;25,37;32;25,54;89,58;70,22;90,16;31,09;5,37;15,07;24,45;0,08;0,88;6,78;23,43;5,52;0,75;83,3;6,02;50,2;91,37;70,2;2,5;410,61;18,76;14,4;79,23;1,44;2,57;10,89;47,44;6,03;5;0;121,5;72,5;1800,07;1105,31;5;15,93;0,31;0,89;0,27;0,76;0;32,92;96,57;0,75;28,06;36,41;486,77
Vitória da Conquista;BA;61,42;3254,19;21003,21;74,01;63,73;46,53;70,3;85,13;91,18;49,42;64,61;68,8;60,44;61,06;40,4;64,56;43,04;38,12;63,05;778,63;144,04;14,37;3,99;83,12;76,83;99,07;28;79,46;92,19;84,71;98,52;81,46;5,48;37,16;31,44;2,02;7,38;12,37;37,62;4,49;6,43;90,17;18,2;90,76;93,27;72,3;2,31;391,74;14,46;5,88;79,51;6,18;2,9;2,56;50,49;24,36;7;10;123,5;62,52;1365,21;1395,97;11;12,06;0,28;9,95;0,35;0,74;91,3;325,33;198,66;42,04;47,05;53,63;562,07
Vitória de Santo Antão;PE;59;373,3;31885,28;69,32;64,58;43,09;72,43;75,03;92,31;37,53;73,18;67,16;51,32;66,65;39,96;51,81;47,36;33,25;69,59;1020,77;211,67;10,28;2,43;74,92;87,04;78,28;40,97;80,17;95,21;93,72;93,75;124,41;6,51;53,09;9,25;2,1;1,68;5,92;23,02;4,13;4,95;98,34;15,36;76,81;94,13;71,07;2,95;565,3;12;4,62;83,44;4,3;2,21;0,6;42,31;8,93;7;8;114,45;56,73;1176,31;493,17;4;15,97;0,29;0,91;0,11;0,82;35,84;631,26;78,62;20;43,84;46,52;542,34
Wagner;BA;57,11;522,37;9166,26;73,65;58,34;39,33;67,26;67,32;88,89;71,14;66,16;55,04;55,11;57,06;9,87;47,45;78,65;21,35;84,27;7250,92;199,62;11,92;4,37;76,59;7,26;76,68;14,31;71,38;91,37;85,62;95,32;29,19;0;17,54;21,05;1,13;4,93;7,37;40,7;4,74;17,97;85,21;7,83;43,69;94,36;69,2;2,39;387,14;17,93;4,21;83,33;5,01;4,35;9,47;50,95;40,2;4;0;67;91;2596,93;2224,61;4;23,48;0,3;1,11;0;0,89;0;6,91;18,52;1,49;19,21;25,46;507,24
Wanderley;BA;54,19;2920,58;12576,78;67,38;53,38;41,79;63,77;60,53;75,11;70,11;64,9;46,15;60,01;42,46;21,23;43,46;77,32;25,17;79,49;4243,89;114,37;15,05;7,34;60,75;41,2;61;23,8;37,84;90,14;73,28;79,03;19,46;0;20,05;15,42;4;10,38;7,85;31,47;4,53;5,32;52,51;0,24;47,6;95,21;70,82;2,42;313,22;12,31;9,64;85,96;2,38;111,2;30,85;55,29;33,09;7;0;195,5;48,5;1723,85;1725,76;2;19,81;0,35;0,82;0,22;0,87;0;19,21;13,33;0;31,72;44,63;488,64
Wenceslau Guimarães;BA;47,16;655,06;13136,57;57,28;51,06;33,13;68,23;59,03;76,06;25,8;53,11;47,25;55,8;48,08;8,28;40,24;55,8;28,21;86,81;1260,17;209,33;18,98;4,65;51,57;79,34;47,93;24,98;49,39;77,43;68,84;88,88;159,6;11,05;67,83;14,71;5,62;12,47;11,38;55,57;3,65;6,85;73,91;1,83;30,68;91,8;70,11;3,26;379,19;13,99;3,06;58,02;6,65;22,22;8,17;59,36;44,94;2;0;65;80;2711,75;961,89;3;21,32;0,39;0;0,18;0,92;79,37;76,25;89,15;3,51;38,34;53,56;483,74
Xexéu;PE;56,65;110,81;12080,68;68,36;56,24;45,35;65,11;79,71;91,87;36,74;69,6;59,08;38,59;57,67;29,57;45,4;72,2;34,21;69,09;909,85;271,44;14,48;4,52;80,73;90,43;64,45;5,05;80,72;93,18;88,96;96,65;154,58;0;68,9;17,23;0,9;1,8;13,9;31,4;4,32;2,93;98,92;3,42;54,52;94,4;67,15;4,64;729,62;18,47;4,31;25,94;1,03;4,7;1,72;51,79;12,07;4;4;95,67;30;1002,94;489,7;2;22,09;0,31;0,6;0,44;0,42;0;33,65;52,85;0,93;48,48;63,74;480,68
Xique-Xique;BA;57,48;5079,66;9887,96;68,58;55,24;48,62;67,95;67,69;78,14;60,55;64,5;57,02;51,58;47,84;49,11;45,54;70,88;28,95;87,86;1449,81;160,59;18,58;6,09;69,51;7,21;89,37;20,64;62,64;88,52;62,83;85,76;49,55;4,37;29,49;10,28;2,28;5,62;8,22;45,35;3,94;7,52;75,12;8,7;64;93,83;69,48;2,87;437,56;16,61;5,36;83,77;0,5;14,27;48,04;55,34;30,1;15;10;64,5;82;4276,89;1107,41;2;22,04;0,32;1,72;0,31;0,84;0;50,72;45,58;0,52;33,84;47,5;499,37
